STEP 1/9: FROM alpine:3.21
Resolved "alpine" as an alias (/etc/containers/registries.conf.d/shortnames.conf)
Trying to pull docker.io/library/alpine:3.21...
Getting image source signatures
Copying blob sha256:2dd7199cff98a7400e801cbfad6de906972a4e3dd0a749d4c1b80f5a1e3e4108
Copying config sha256:2155344e09b47f8ea09459100e050bed74b5202316318fd0ad0f7f6856089efc
Writing manifest to image destination
STEP 2/9: ARG OPENSSL_VERSION
--> ac3151da15ab
STEP 3/9: ARG JOSE_VERSION
--> 77660da03374
STEP 4/9: ARG HTTP_PARSER_VERSION
--> 4728a02394cb
STEP 5/9: RUN apk add --no-cache     build-base curl meson ninja pkgconf perl linux-headers     jansson-dev jansson-static     zlib-dev zlib-static
fetch https://dl-cdn.alpinelinux.org/alpine/v3.21/main/aarch64/APKINDEX.tar.gz
fetch https://dl-cdn.alpinelinux.org/alpine/v3.21/community/aarch64/APKINDEX.tar.gz
(1/54) Installing libgcc (14.2.0-r4)
(2/54) Installing jansson (2.14-r4)
(3/54) Installing libstdc++ (14.2.0-r4)
(4/54) Installing zstd-libs (1.5.6-r2)
(5/54) Installing binutils (2.43.1-r3)
(6/54) Installing libmagic (5.46-r2)
(7/54) Installing file (5.46-r2)
(8/54) Installing libgomp (14.2.0-r4)
(9/54) Installing libatomic (14.2.0-r4)
(10/54) Installing gmp (6.3.0-r2)
(11/54) Installing isl26 (0.26-r1)
(12/54) Installing mpfr4 (4.2.1-r0)
(13/54) Installing mpc1 (1.3.1-r1)
(14/54) Installing gcc (14.2.0-r4)
(15/54) Installing libstdc++-dev (14.2.0-r4)
(16/54) Installing musl-dev (1.2.5-r11)
(17/54) Installing g++ (14.2.0-r4)
(18/54) Installing make (4.4.1-r2)
(19/54) Installing fortify-headers (1.1-r5)
(20/54) Installing patch (2.7.6-r10)
(21/54) Installing build-base (0.5-r3)
(22/54) Installing brotli-libs (1.1.0-r2)
(23/54) Installing c-ares (1.34.8-r0)
(24/54) Installing libunistring (1.2-r0)
(25/54) Installing libidn2 (2.3.7-r0)
(26/54) Installing nghttp2-libs (1.69.0-r0)
(27/54) Installing libpsl (0.21.5-r3)
(28/54) Installing libcurl (8.14.1-r2)
(29/54) Installing curl (8.14.1-r2)
(30/54) Installing pkgconf (2.3.0-r0)
(31/54) Installing jansson-dev (2.14-r4)
(32/54) Installing jansson-static (2.14-r4)
(33/54) Installing linux-headers (6.6-r1)
(34/54) Installing samurai (1.2-r6)
(35/54) Installing libexpat (2.8.4-r0)
(36/54) Installing libbz2 (1.0.8-r6)
(37/54) Installing libffi (3.4.7-r0)
(38/54) Installing gdbm (1.24-r0)
(39/54) Installing xz-libs (5.8.4-r0)
(40/54) Installing mpdecimal (4.0.0-r0)
(41/54) Installing ncurses-terminfo-base (6.5_p20241006-r3)
(42/54) Installing libncursesw (6.5_p20241006-r3)
(43/54) Installing libpanelw (6.5_p20241006-r3)
(44/54) Installing readline (8.2.13-r0)
(45/54) Installing sqlite-libs (3.48.0-r4)
(46/54) Installing python3 (3.12.14-r0)
(47/54) Installing python3-pycache-pyc0 (3.12.14-r0)
(48/54) Installing pyc (3.12.14-r0)
(49/54) Installing meson-pyc (1.6.1-r0)
(50/54) Installing python3-pyc (3.12.14-r0)
(51/54) Installing meson (1.6.1-r0)
(52/54) Installing perl (5.40.4-r0)
(53/54) Installing zlib-dev (1.3.2-r0)
(54/54) Installing zlib-static (1.3.2-r0)
Executing busybox-1.37.0-r14.trigger
OK: 325 MiB in 69 packages
--> 6c090bfb4568
STEP 6/9: RUN curl -fL https://www.openssl.org/source/openssl-${OPENSSL_VERSION}.tar.gz | tar xz -C /tmp  && cd /tmp/openssl-${OPENSSL_VERSION}  && ./Configure linux-aarch64 no-shared no-tests       --prefix=/opt/ossl-static --openssldir=/opt/ossl-static/ssl  && make -j"$(nproc)"  && make install_sw  && rm -rf /tmp/openssl-${OPENSSL_VERSION}
  % Total    % Received % Xferd  Average Speed   Time    Time     Time  Current
                                 Dload  Upload   Total   Spent    Left  Speed
  0     0    0     0    0     0      0      0 --:--:-- --:--:-- --:--:--     0100   169  100   169    0     0    370      0 --:--:-- --:--:-- --:--:--   397
  0     0    0     0    0     0      0      0 --:--:-- --:--:-- --:--:--     0
  0 17.2M    0  175k    0     0   213k      0  0:01:22 --:--:--  0:01:22  213k 39 17.2M   39 6895k    0     0  3803k      0  0:00:04  0:00:01  0:00:03 6794k 76 17.2M   76 13.1M    0     0  4804k      0  0:00:03  0:00:02  0:00:01 6707k100 17.2M  100 17.2M    0     0  5239k      0  0:00:03  0:00:03 --:--:-- 6869k
Configuring OpenSSL version 3.3.2 for target linux-aarch64
Using os-specific seed configuration
Created configdata.pm
Running configdata.pm
Created Makefile.in
Created Makefile
Created include/openssl/configuration.h

**********************************************************************
***                                                                ***
***   OpenSSL has been successfully configured                     ***
***                                                                ***
***   If you encounter a problem while building, please open an    ***
***   issue on GitHub <https://github.com/openssl/openssl/issues>  ***
***   and include the output from the following command:           ***
***                                                                ***
***       perl configdata.pm --dump                                ***
***                                                                ***
***   (If you are new to OpenSSL, you might want to consult the    ***
***   'Troubleshooting' section in the INSTALL.md file first)      ***
***                                                                ***
**********************************************************************
perl util/mkinstallvars.pl PREFIX=. BINDIR=apps APPLINKDIR=ms LIBDIR= INCLUDEDIR=include "INCLUDEDIR=./include" ENGINESDIR=engines MODULESDIR=providers "VERSION=3.3.2" "LDLIBS=-ldl -pthread " > builddata.pm
perl "-I." "-Iutil/perl" "-Mconfigdata" "-MOpenSSL::paramnames" "util/dofile.pl" "-oMakefile" crypto/params_idx.c.in > crypto/params_idx.c
perl util/mkinstallvars.pl "PREFIX=/opt/ossl-static" BINDIR=bin "LIBDIR=lib" "libdir=/opt/ossl-static/lib" INCLUDEDIR=include APPLINKDIR=include/openssl "ENGINESDIR=/opt/ossl-static/lib/engines-3" "MODULESDIR=/opt/ossl-static/lib/ossl-modules" "PKGCONFIGDIR=/opt/ossl-static/lib/pkgconfig" "CMAKECONFIGDIR=/opt/ossl-static/lib/cmake/OpenSSL" "LDLIBS=-ldl -pthread " "VERSION=3.3.2" > installdata.pm
perl "-I." "-Mconfigdata" "util/dofile.pl" "-oMakefile" include/crypto/bn_conf.h.in > include/crypto/bn_conf.h
DEBUG: all keys: APPLINKDIR, BINDIR, CMAKECONFIGDIR, ENGINESDIR, INCLUDEDIR, LDLIBS, LIBDIR, MODULESDIR, PKGCONFIGDIR, PREFIX, VERSION, libdir
No value given for CMAKECONFIGDIR
No value given for PKGCONFIGDIR
No value given for libdir
DEBUG: PREFIX = . => PREFIX = /tmp/openssl-3.3.2
DEBUG: libdir = . => libdir = /tmp/openssl-3.3.2
DEBUG: BINDIR = apps => BINDIR = /tmp/openssl-3.3.2/apps, BINDIR_REL_PREFIX = apps
DEBUG: LIBDIR =  => LIBDIR = /tmp/openssl-3.3.2, LIBDIR_REL_PREFIX = 
DEBUG: INCLUDEDIR = [ include, ./include ] => INCLUDEDIR = [ /tmp/openssl-3.3.2/include, /tmp/openssl-3.3.2/include ], INCLUDEDIR_REL_PREFIX = [ include, ./include ]
DEBUG: APPLINKDIR = ms => APPLINKDIR = /tmp/openssl-3.3.2/ms, APPLINKDIR_REL_PREFIX = ms
DEBUG: ENGINESDIR = engines => ENGINESDIR = /tmp/openssl-3.3.2/engines, ENGINESDIR_REL_LIBDIR = engines
DEBUG: MODULESDIR = providers => MODULESDIR = /tmp/openssl-3.3.2/providers, MODULESDIR_REL_LIBDIR = providers
DEBUG: PKGCONFIGDIR = . => PKGCONFIGDIR = /tmp/openssl-3.3.2, PKGCONFIGDIR_REL_LIBDIR = .
DEBUG: CMAKECONFIGDIR = . => CMAKECONFIGDIR = /tmp/openssl-3.3.2, CMAKECONFIGDIR_REL_LIBDIR = .
perl "-I." "-Mconfigdata" "util/dofile.pl" "-oMakefile" include/crypto/dso_conf.h.in > include/crypto/dso_conf.h
DEBUG: all keys: APPLINKDIR, BINDIR, CMAKECONFIGDIR, ENGINESDIR, INCLUDEDIR, LDLIBS, LIBDIR, MODULESDIR, PKGCONFIGDIR, PREFIX, VERSION, libdir
DEBUG: PREFIX = /opt/ossl-static => PREFIX = /opt/ossl-static
DEBUG: libdir = /opt/ossl-static/lib => libdir = /opt/ossl-static/lib
DEBUG: BINDIR = bin => BINDIR = /opt/ossl-static/bin, BINDIR_REL_PREFIX = bin
DEBUG: LIBDIR = lib => LIBDIR = /opt/ossl-static/lib, LIBDIR_REL_PREFIX = lib
DEBUG: INCLUDEDIR = include => INCLUDEDIR = /opt/ossl-static/include, INCLUDEDIR_REL_PREFIX = include
DEBUG: APPLINKDIR = include/openssl => APPLINKDIR = /opt/ossl-static/include/openssl, APPLINKDIR_REL_PREFIX = include/openssl
DEBUG: ENGINESDIR = /opt/ossl-static/lib/engines-3 => ENGINESDIR = /opt/ossl-static/lib/engines-3, ENGINESDIR_REL_LIBDIR = engines-3
DEBUG: MODULESDIR = /opt/ossl-static/lib/ossl-modules => MODULESDIR = /opt/ossl-static/lib/ossl-modules, MODULESDIR_REL_LIBDIR = ossl-modules
DEBUG: PKGCONFIGDIR = /opt/ossl-static/lib/pkgconfig => PKGCONFIGDIR = /opt/ossl-static/lib/pkgconfig, PKGCONFIGDIR_REL_LIBDIR = pkgconfig
DEBUG: CMAKECONFIGDIR = /opt/ossl-static/lib/cmake/OpenSSL => CMAKECONFIGDIR = /opt/ossl-static/lib/cmake/OpenSSL, CMAKECONFIGDIR_REL_LIBDIR = cmake/OpenSSL
perl "-I." "-Iutil/perl" "-Mconfigdata" "-MOpenSSL::paramnames" "util/dofile.pl" "-oMakefile" include/internal/param_names.h.in > include/internal/param_names.h
perl "-I." "-Mconfigdata" "util/dofile.pl" "-oMakefile" include/openssl/asn1.h.in > include/openssl/asn1.h
perl "-I." "-Mconfigdata" "util/dofile.pl" "-oMakefile" include/openssl/asn1t.h.in > include/openssl/asn1t.h
perl "-I." "-Mconfigdata" "util/dofile.pl" "-oMakefile" include/openssl/bio.h.in > include/openssl/bio.h
perl "-I." "-Mconfigdata" "util/dofile.pl" "-oMakefile" include/openssl/cmp.h.in > include/openssl/cmp.h
perl "-I." "-Mconfigdata" "util/dofile.pl" "-oMakefile" include/openssl/cms.h.in > include/openssl/cms.h
perl "-I." "-Mconfigdata" "util/dofile.pl" "-oMakefile" include/openssl/conf.h.in > include/openssl/conf.h
perl "-I." "-Iutil/perl" "-Mconfigdata" "-MOpenSSL::paramnames" "util/dofile.pl" "-oMakefile" include/openssl/core_names.h.in > include/openssl/core_names.h
perl "-I." "-Mconfigdata" "util/dofile.pl" "-oMakefile" include/openssl/crmf.h.in > include/openssl/crmf.h
perl "-I." "-Mconfigdata" "util/dofile.pl" "-oMakefile" include/openssl/crypto.h.in > include/openssl/crypto.h
perl "-I." "-Mconfigdata" "util/dofile.pl" "-oMakefile" include/openssl/ct.h.in > include/openssl/ct.h
perl "-I." "-Mconfigdata" "util/dofile.pl" "-oMakefile" include/openssl/err.h.in > include/openssl/err.h
perl "-I." "-Mconfigdata" "util/dofile.pl" "-oMakefile" include/openssl/ess.h.in > include/openssl/ess.h
perl "-I." "-Mconfigdata" "util/dofile.pl" "-oMakefile" include/openssl/fipskey.h.in > include/openssl/fipskey.h
perl "-I." "-Mconfigdata" "util/dofile.pl" "-oMakefile" include/openssl/lhash.h.in > include/openssl/lhash.h
perl "-I." "-Mconfigdata" "util/dofile.pl" "-oMakefile" include/openssl/ocsp.h.in > include/openssl/ocsp.h
perl "-I." "-Mconfigdata" "util/dofile.pl" "-oMakefile" include/openssl/opensslv.h.in > include/openssl/opensslv.h
perl "-I." "-Mconfigdata" "util/dofile.pl" "-oMakefile" include/openssl/pkcs12.h.in > include/openssl/pkcs12.h
perl "-I." "-Mconfigdata" "util/dofile.pl" "-oMakefile" include/openssl/pkcs7.h.in > include/openssl/pkcs7.h
perl "-I." "-Mconfigdata" "util/dofile.pl" "-oMakefile" include/openssl/safestack.h.in > include/openssl/safestack.h
perl "-I." "-Mconfigdata" "util/dofile.pl" "-oMakefile" include/openssl/srp.h.in > include/openssl/srp.h
perl "-I." "-Mconfigdata" "util/dofile.pl" "-oMakefile" include/openssl/ssl.h.in > include/openssl/ssl.h
perl "-I." "-Mconfigdata" "util/dofile.pl" "-oMakefile" include/openssl/ui.h.in > include/openssl/ui.h
perl "-I." "-Mconfigdata" "util/dofile.pl" "-oMakefile" include/openssl/x509.h.in > include/openssl/x509.h
perl "-I." "-Mconfigdata" "util/dofile.pl" "-oMakefile" include/openssl/x509_vfy.h.in > include/openssl/x509_vfy.h
perl "-I." "-Mconfigdata" "util/dofile.pl" "-oMakefile" include/openssl/x509v3.h.in > include/openssl/x509v3.h
perl "-I." "-Mconfigdata" "-Mbuilddata" "util/dofile.pl" "-oMakefile" exporters/pkg-config/libcrypto.pc.in > libcrypto.pc
perl "-I." "-Mconfigdata" "-Mbuilddata" "util/dofile.pl" "-oMakefile" exporters/pkg-config/libssl.pc.in > libssl.pc
perl "-I." "-Mconfigdata" "-Mbuilddata" "util/dofile.pl" "-oMakefile" exporters/cmake/OpenSSLConfig.cmake.in > OpenSSLConfig.cmake
perl "-I." "-Mconfigdata" "-Minstalldata" "util/dofile.pl" "-oMakefile" exporters/cmake/OpenSSLConfig.cmake.in > exporters/OpenSSLConfig.cmake
perl "-I." "-Mconfigdata" "-Minstalldata" "util/dofile.pl" "-oMakefile" exporters/pkg-config/libcrypto.pc.in > exporters/libcrypto.pc
perl "-I." "-Mconfigdata" "-Minstalldata" "util/dofile.pl" "-oMakefile" exporters/pkg-config/libssl.pc.in > exporters/libssl.pc
perl "-I." "-Mconfigdata" "-Mbuilddata" "-Mbuilddata" "-Mbuilddata" "util/dofile.pl" "-oMakefile" exporters/pkg-config/openssl.pc.in > openssl.pc
perl "-I." "-Mconfigdata" "-Mconfigdata" "-Mbuilddata" "util/dofile.pl" "-oMakefile" exporters/cmake/OpenSSLConfigVersion.cmake.in > OpenSSLConfigVersion.cmake
perl "-I." "-Mconfigdata" "-Mconfigdata" "-Minstalldata" "util/dofile.pl" "-oMakefile" exporters/cmake/OpenSSLConfigVersion.cmake.in > exporters/OpenSSLConfigVersion.cmake
perl "-I." "-Mconfigdata" "-Mconfigdata" "-Mconfigdata" "-Minstalldata" "util/dofile.pl" "-oMakefile" exporters/pkg-config/openssl.pc.in > exporters/openssl.pc
"make" depend && "make" _build_sw
make[1]: Entering directory '/tmp/openssl-3.3.2'
make[1]: Leaving directory '/tmp/openssl-3.3.2'
make[1]: Entering directory '/tmp/openssl-3.3.2'
gcc  -I. -Iinclude -Iapps/include  -fPIC -pthread -Wa,--noexecstack -Wall -O3 -DOPENSSL_USE_NODELETE -DOPENSSL_PIC -DOPENSSLDIR="\"/opt/ossl-static/ssl\"" -DENGINESDIR="\"/opt/ossl-static/lib/engines-3\"" -DMODULESDIR="\"/opt/ossl-static/lib/ossl-modules\"" -DOPENSSL_BUILDING_OPENSSL -DNDEBUG  -MMD -MF apps/lib/libapps-lib-app_libctx.d.tmp -MT apps/lib/libapps-lib-app_libctx.o -c -o apps/lib/libapps-lib-app_libctx.o apps/lib/app_libctx.c
gcc  -I. -Iinclude -Iapps/include  -fPIC -pthread -Wa,--noexecstack -Wall -O3 -DOPENSSL_USE_NODELETE -DOPENSSL_PIC -DOPENSSLDIR="\"/opt/ossl-static/ssl\"" -DENGINESDIR="\"/opt/ossl-static/lib/engines-3\"" -DMODULESDIR="\"/opt/ossl-static/lib/ossl-modules\"" -DOPENSSL_BUILDING_OPENSSL -DNDEBUG  -MMD -MF apps/lib/libapps-lib-app_params.d.tmp -MT apps/lib/libapps-lib-app_params.o -c -o apps/lib/libapps-lib-app_params.o apps/lib/app_params.c
gcc  -I. -Iinclude -Iapps/include  -fPIC -pthread -Wa,--noexecstack -Wall -O3 -DOPENSSL_USE_NODELETE -DOPENSSL_PIC -DOPENSSLDIR="\"/opt/ossl-static/ssl\"" -DENGINESDIR="\"/opt/ossl-static/lib/engines-3\"" -DMODULESDIR="\"/opt/ossl-static/lib/ossl-modules\"" -DOPENSSL_BUILDING_OPENSSL -DNDEBUG  -MMD -MF apps/lib/libapps-lib-app_provider.d.tmp -MT apps/lib/libapps-lib-app_provider.o -c -o apps/lib/libapps-lib-app_provider.o apps/lib/app_provider.c
gcc  -I. -Iinclude -Iapps/include  -fPIC -pthread -Wa,--noexecstack -Wall -O3 -DOPENSSL_USE_NODELETE -DOPENSSL_PIC -DOPENSSLDIR="\"/opt/ossl-static/ssl\"" -DENGINESDIR="\"/opt/ossl-static/lib/engines-3\"" -DMODULESDIR="\"/opt/ossl-static/lib/ossl-modules\"" -DOPENSSL_BUILDING_OPENSSL -DNDEBUG  -MMD -MF apps/lib/libapps-lib-app_rand.d.tmp -MT apps/lib/libapps-lib-app_rand.o -c -o apps/lib/libapps-lib-app_rand.o apps/lib/app_rand.c
gcc  -I. -Iinclude -Iapps/include  -fPIC -pthread -Wa,--noexecstack -Wall -O3 -DOPENSSL_USE_NODELETE -DOPENSSL_PIC -DOPENSSLDIR="\"/opt/ossl-static/ssl\"" -DENGINESDIR="\"/opt/ossl-static/lib/engines-3\"" -DMODULESDIR="\"/opt/ossl-static/lib/ossl-modules\"" -DOPENSSL_BUILDING_OPENSSL -DNDEBUG  -MMD -MF apps/lib/libapps-lib-app_x509.d.tmp -MT apps/lib/libapps-lib-app_x509.o -c -o apps/lib/libapps-lib-app_x509.o apps/lib/app_x509.c
gcc  -I. -Iinclude -Iapps/include  -fPIC -pthread -Wa,--noexecstack -Wall -O3 -DOPENSSL_USE_NODELETE -DOPENSSL_PIC -DOPENSSLDIR="\"/opt/ossl-static/ssl\"" -DENGINESDIR="\"/opt/ossl-static/lib/engines-3\"" -DMODULESDIR="\"/opt/ossl-static/lib/ossl-modules\"" -DOPENSSL_BUILDING_OPENSSL -DNDEBUG  -MMD -MF apps/lib/libapps-lib-apps.d.tmp -MT apps/lib/libapps-lib-apps.o -c -o apps/lib/libapps-lib-apps.o apps/lib/apps.c
gcc  -I. -Iinclude -Iapps/include  -fPIC -pthread -Wa,--noexecstack -Wall -O3 -DOPENSSL_USE_NODELETE -DOPENSSL_PIC -DOPENSSLDIR="\"/opt/ossl-static/ssl\"" -DENGINESDIR="\"/opt/ossl-static/lib/engines-3\"" -DMODULESDIR="\"/opt/ossl-static/lib/ossl-modules\"" -DOPENSSL_BUILDING_OPENSSL -DNDEBUG  -MMD -MF apps/lib/libapps-lib-apps_opt_printf.d.tmp -MT apps/lib/libapps-lib-apps_opt_printf.o -c -o apps/lib/libapps-lib-apps_opt_printf.o apps/lib/apps_opt_printf.c
gcc  -I. -Iinclude -Iapps/include  -fPIC -pthread -Wa,--noexecstack -Wall -O3 -DOPENSSL_USE_NODELETE -DOPENSSL_PIC -DOPENSSLDIR="\"/opt/ossl-static/ssl\"" -DENGINESDIR="\"/opt/ossl-static/lib/engines-3\"" -DMODULESDIR="\"/opt/ossl-static/lib/ossl-modules\"" -DOPENSSL_BUILDING_OPENSSL -DNDEBUG  -MMD -MF apps/lib/libapps-lib-apps_ui.d.tmp -MT apps/lib/libapps-lib-apps_ui.o -c -o apps/lib/libapps-lib-apps_ui.o apps/lib/apps_ui.c
gcc  -I. -Iinclude -Iapps/include  -fPIC -pthread -Wa,--noexecstack -Wall -O3 -DOPENSSL_USE_NODELETE -DOPENSSL_PIC -DOPENSSLDIR="\"/opt/ossl-static/ssl\"" -DENGINESDIR="\"/opt/ossl-static/lib/engines-3\"" -DMODULESDIR="\"/opt/ossl-static/lib/ossl-modules\"" -DOPENSSL_BUILDING_OPENSSL -DNDEBUG  -MMD -MF apps/lib/libapps-lib-columns.d.tmp -MT apps/lib/libapps-lib-columns.o -c -o apps/lib/libapps-lib-columns.o apps/lib/columns.c
gcc  -I. -Iinclude -Iapps/include  -fPIC -pthread -Wa,--noexecstack -Wall -O3 -DOPENSSL_USE_NODELETE -DOPENSSL_PIC -DOPENSSLDIR="\"/opt/ossl-static/ssl\"" -DENGINESDIR="\"/opt/ossl-static/lib/engines-3\"" -DMODULESDIR="\"/opt/ossl-static/lib/ossl-modules\"" -DOPENSSL_BUILDING_OPENSSL -DNDEBUG  -MMD -MF apps/lib/libapps-lib-engine.d.tmp -MT apps/lib/libapps-lib-engine.o -c -o apps/lib/libapps-lib-engine.o apps/lib/engine.c
gcc  -I. -Iinclude -Iapps/include  -fPIC -pthread -Wa,--noexecstack -Wall -O3 -DOPENSSL_USE_NODELETE -DOPENSSL_PIC -DOPENSSLDIR="\"/opt/ossl-static/ssl\"" -DENGINESDIR="\"/opt/ossl-static/lib/engines-3\"" -DMODULESDIR="\"/opt/ossl-static/lib/ossl-modules\"" -DOPENSSL_BUILDING_OPENSSL -DNDEBUG  -MMD -MF apps/lib/libapps-lib-engine_loader.d.tmp -MT apps/lib/libapps-lib-engine_loader.o -c -o apps/lib/libapps-lib-engine_loader.o apps/lib/engine_loader.c
gcc  -I. -Iinclude -Iapps/include  -fPIC -pthread -Wa,--noexecstack -Wall -O3 -DOPENSSL_USE_NODELETE -DOPENSSL_PIC -DOPENSSLDIR="\"/opt/ossl-static/ssl\"" -DENGINESDIR="\"/opt/ossl-static/lib/engines-3\"" -DMODULESDIR="\"/opt/ossl-static/lib/ossl-modules\"" -DOPENSSL_BUILDING_OPENSSL -DNDEBUG  -MMD -MF apps/lib/libapps-lib-fmt.d.tmp -MT apps/lib/libapps-lib-fmt.o -c -o apps/lib/libapps-lib-fmt.o apps/lib/fmt.c
gcc  -I. -Iinclude -Iapps/include  -fPIC -pthread -Wa,--noexecstack -Wall -O3 -DOPENSSL_USE_NODELETE -DOPENSSL_PIC -DOPENSSLDIR="\"/opt/ossl-static/ssl\"" -DENGINESDIR="\"/opt/ossl-static/lib/engines-3\"" -DMODULESDIR="\"/opt/ossl-static/lib/ossl-modules\"" -DOPENSSL_BUILDING_OPENSSL -DNDEBUG  -MMD -MF apps/lib/libapps-lib-http_server.d.tmp -MT apps/lib/libapps-lib-http_server.o -c -o apps/lib/libapps-lib-http_server.o apps/lib/http_server.c
gcc  -I. -Iinclude -Iapps/include  -fPIC -pthread -Wa,--noexecstack -Wall -O3 -DOPENSSL_USE_NODELETE -DOPENSSL_PIC -DOPENSSLDIR="\"/opt/ossl-static/ssl\"" -DENGINESDIR="\"/opt/ossl-static/lib/engines-3\"" -DMODULESDIR="\"/opt/ossl-static/lib/ossl-modules\"" -DOPENSSL_BUILDING_OPENSSL -DNDEBUG  -MMD -MF apps/lib/libapps-lib-log.d.tmp -MT apps/lib/libapps-lib-log.o -c -o apps/lib/libapps-lib-log.o apps/lib/log.c
gcc  -I. -Iinclude -Iapps/include  -fPIC -pthread -Wa,--noexecstack -Wall -O3 -DOPENSSL_USE_NODELETE -DOPENSSL_PIC -DOPENSSLDIR="\"/opt/ossl-static/ssl\"" -DENGINESDIR="\"/opt/ossl-static/lib/engines-3\"" -DMODULESDIR="\"/opt/ossl-static/lib/ossl-modules\"" -DOPENSSL_BUILDING_OPENSSL -DNDEBUG  -MMD -MF apps/lib/libapps-lib-names.d.tmp -MT apps/lib/libapps-lib-names.o -c -o apps/lib/libapps-lib-names.o apps/lib/names.c
gcc  -I. -Iinclude -Iapps/include  -fPIC -pthread -Wa,--noexecstack -Wall -O3 -DOPENSSL_USE_NODELETE -DOPENSSL_PIC -DOPENSSLDIR="\"/opt/ossl-static/ssl\"" -DENGINESDIR="\"/opt/ossl-static/lib/engines-3\"" -DMODULESDIR="\"/opt/ossl-static/lib/ossl-modules\"" -DOPENSSL_BUILDING_OPENSSL -DNDEBUG  -MMD -MF apps/lib/libapps-lib-opt.d.tmp -MT apps/lib/libapps-lib-opt.o -c -o apps/lib/libapps-lib-opt.o apps/lib/opt.c
gcc  -I. -Iinclude -Iapps/include  -fPIC -pthread -Wa,--noexecstack -Wall -O3 -DOPENSSL_USE_NODELETE -DOPENSSL_PIC -DOPENSSLDIR="\"/opt/ossl-static/ssl\"" -DENGINESDIR="\"/opt/ossl-static/lib/engines-3\"" -DMODULESDIR="\"/opt/ossl-static/lib/ossl-modules\"" -DOPENSSL_BUILDING_OPENSSL -DNDEBUG  -MMD -MF apps/lib/libapps-lib-s_cb.d.tmp -MT apps/lib/libapps-lib-s_cb.o -c -o apps/lib/libapps-lib-s_cb.o apps/lib/s_cb.c
gcc  -I. -Iinclude -Iapps/include  -fPIC -pthread -Wa,--noexecstack -Wall -O3 -DOPENSSL_USE_NODELETE -DOPENSSL_PIC -DOPENSSLDIR="\"/opt/ossl-static/ssl\"" -DENGINESDIR="\"/opt/ossl-static/lib/engines-3\"" -DMODULESDIR="\"/opt/ossl-static/lib/ossl-modules\"" -DOPENSSL_BUILDING_OPENSSL -DNDEBUG  -MMD -MF apps/lib/libapps-lib-s_socket.d.tmp -MT apps/lib/libapps-lib-s_socket.o -c -o apps/lib/libapps-lib-s_socket.o apps/lib/s_socket.c
gcc  -I. -Iinclude -Iapps/include  -fPIC -pthread -Wa,--noexecstack -Wall -O3 -DOPENSSL_USE_NODELETE -DOPENSSL_PIC -DOPENSSLDIR="\"/opt/ossl-static/ssl\"" -DENGINESDIR="\"/opt/ossl-static/lib/engines-3\"" -DMODULESDIR="\"/opt/ossl-static/lib/ossl-modules\"" -DOPENSSL_BUILDING_OPENSSL -DNDEBUG  -MMD -MF apps/lib/libapps-lib-tlssrp_depr.d.tmp -MT apps/lib/libapps-lib-tlssrp_depr.o -c -o apps/lib/libapps-lib-tlssrp_depr.o apps/lib/tlssrp_depr.c
gcc  -I. -Iinclude -Iproviders/common/include -Iproviders/implementations/include  -DBSAES_ASM -DECP_NISTZ256_ASM -DECP_SM2P256_ASM -DKECCAK1600_ASM -DMD5_ASM -DOPENSSL_BN_ASM_MONT -DOPENSSL_CPUID_OBJ -DOPENSSL_SM3_ASM -DPOLY1305_ASM -DSHA1_ASM -DSHA256_ASM -DSHA512_ASM -DSM4_ASM -DVPAES_ASM -DVPSM4_ASM -fPIC -pthread -Wa,--noexecstack -Wall -O3 -DOPENSSL_USE_NODELETE -DOPENSSL_PIC -DOPENSSLDIR="\"/opt/ossl-static/ssl\"" -DENGINESDIR="\"/opt/ossl-static/lib/engines-3\"" -DMODULESDIR="\"/opt/ossl-static/lib/ossl-modules\"" -DOPENSSL_BUILDING_OPENSSL -DNDEBUG  -MMD -MF crypto/aes/libcrypto-lib-aes_cbc.d.tmp -MT crypto/aes/libcrypto-lib-aes_cbc.o -c -o crypto/aes/libcrypto-lib-aes_cbc.o crypto/aes/aes_cbc.c
gcc  -I. -Iinclude -Iproviders/common/include -Iproviders/implementations/include  -DBSAES_ASM -DECP_NISTZ256_ASM -DECP_SM2P256_ASM -DKECCAK1600_ASM -DMD5_ASM -DOPENSSL_BN_ASM_MONT -DOPENSSL_CPUID_OBJ -DOPENSSL_SM3_ASM -DPOLY1305_ASM -DSHA1_ASM -DSHA256_ASM -DSHA512_ASM -DSM4_ASM -DVPAES_ASM -DVPSM4_ASM -fPIC -pthread -Wa,--noexecstack -Wall -O3 -DOPENSSL_USE_NODELETE -DOPENSSL_PIC -DOPENSSLDIR="\"/opt/ossl-static/ssl\"" -DENGINESDIR="\"/opt/ossl-static/lib/engines-3\"" -DMODULESDIR="\"/opt/ossl-static/lib/ossl-modules\"" -DOPENSSL_BUILDING_OPENSSL -DNDEBUG  -MMD -MF crypto/aes/libcrypto-lib-aes_cfb.d.tmp -MT crypto/aes/libcrypto-lib-aes_cfb.o -c -o crypto/aes/libcrypto-lib-aes_cfb.o crypto/aes/aes_cfb.c
gcc  -I. -Iinclude -Iproviders/common/include -Iproviders/implementations/include  -DBSAES_ASM -DECP_NISTZ256_ASM -DECP_SM2P256_ASM -DKECCAK1600_ASM -DMD5_ASM -DOPENSSL_BN_ASM_MONT -DOPENSSL_CPUID_OBJ -DOPENSSL_SM3_ASM -DPOLY1305_ASM -DSHA1_ASM -DSHA256_ASM -DSHA512_ASM -DSM4_ASM -DVPAES_ASM -DVPSM4_ASM -fPIC -pthread -Wa,--noexecstack -Wall -O3 -DOPENSSL_USE_NODELETE -DOPENSSL_PIC -DOPENSSLDIR="\"/opt/ossl-static/ssl\"" -DENGINESDIR="\"/opt/ossl-static/lib/engines-3\"" -DMODULESDIR="\"/opt/ossl-static/lib/ossl-modules\"" -DOPENSSL_BUILDING_OPENSSL -DNDEBUG  -MMD -MF crypto/aes/libcrypto-lib-aes_core.d.tmp -MT crypto/aes/libcrypto-lib-aes_core.o -c -o crypto/aes/libcrypto-lib-aes_core.o crypto/aes/aes_core.c
gcc  -I. -Iinclude -Iproviders/common/include -Iproviders/implementations/include  -DBSAES_ASM -DECP_NISTZ256_ASM -DECP_SM2P256_ASM -DKECCAK1600_ASM -DMD5_ASM -DOPENSSL_BN_ASM_MONT -DOPENSSL_CPUID_OBJ -DOPENSSL_SM3_ASM -DPOLY1305_ASM -DSHA1_ASM -DSHA256_ASM -DSHA512_ASM -DSM4_ASM -DVPAES_ASM -DVPSM4_ASM -fPIC -pthread -Wa,--noexecstack -Wall -O3 -DOPENSSL_USE_NODELETE -DOPENSSL_PIC -DOPENSSLDIR="\"/opt/ossl-static/ssl\"" -DENGINESDIR="\"/opt/ossl-static/lib/engines-3\"" -DMODULESDIR="\"/opt/ossl-static/lib/ossl-modules\"" -DOPENSSL_BUILDING_OPENSSL -DNDEBUG  -MMD -MF crypto/aes/libcrypto-lib-aes_ecb.d.tmp -MT crypto/aes/libcrypto-lib-aes_ecb.o -c -o crypto/aes/libcrypto-lib-aes_ecb.o crypto/aes/aes_ecb.c
gcc  -I. -Iinclude -Iproviders/common/include -Iproviders/implementations/include  -DBSAES_ASM -DECP_NISTZ256_ASM -DECP_SM2P256_ASM -DKECCAK1600_ASM -DMD5_ASM -DOPENSSL_BN_ASM_MONT -DOPENSSL_CPUID_OBJ -DOPENSSL_SM3_ASM -DPOLY1305_ASM -DSHA1_ASM -DSHA256_ASM -DSHA512_ASM -DSM4_ASM -DVPAES_ASM -DVPSM4_ASM -fPIC -pthread -Wa,--noexecstack -Wall -O3 -DOPENSSL_USE_NODELETE -DOPENSSL_PIC -DOPENSSLDIR="\"/opt/ossl-static/ssl\"" -DENGINESDIR="\"/opt/ossl-static/lib/engines-3\"" -DMODULESDIR="\"/opt/ossl-static/lib/ossl-modules\"" -DOPENSSL_BUILDING_OPENSSL -DNDEBUG  -MMD -MF crypto/aes/libcrypto-lib-aes_ige.d.tmp -MT crypto/aes/libcrypto-lib-aes_ige.o -c -o crypto/aes/libcrypto-lib-aes_ige.o crypto/aes/aes_ige.c
gcc  -I. -Iinclude -Iproviders/common/include -Iproviders/implementations/include  -DBSAES_ASM -DECP_NISTZ256_ASM -DECP_SM2P256_ASM -DKECCAK1600_ASM -DMD5_ASM -DOPENSSL_BN_ASM_MONT -DOPENSSL_CPUID_OBJ -DOPENSSL_SM3_ASM -DPOLY1305_ASM -DSHA1_ASM -DSHA256_ASM -DSHA512_ASM -DSM4_ASM -DVPAES_ASM -DVPSM4_ASM -fPIC -pthread -Wa,--noexecstack -Wall -O3 -DOPENSSL_USE_NODELETE -DOPENSSL_PIC -DOPENSSLDIR="\"/opt/ossl-static/ssl\"" -DENGINESDIR="\"/opt/ossl-static/lib/engines-3\"" -DMODULESDIR="\"/opt/ossl-static/lib/ossl-modules\"" -DOPENSSL_BUILDING_OPENSSL -DNDEBUG  -MMD -MF crypto/aes/libcrypto-lib-aes_misc.d.tmp -MT crypto/aes/libcrypto-lib-aes_misc.o -c -o crypto/aes/libcrypto-lib-aes_misc.o crypto/aes/aes_misc.c
gcc  -I. -Iinclude -Iproviders/common/include -Iproviders/implementations/include  -DBSAES_ASM -DECP_NISTZ256_ASM -DECP_SM2P256_ASM -DKECCAK1600_ASM -DMD5_ASM -DOPENSSL_BN_ASM_MONT -DOPENSSL_CPUID_OBJ -DOPENSSL_SM3_ASM -DPOLY1305_ASM -DSHA1_ASM -DSHA256_ASM -DSHA512_ASM -DSM4_ASM -DVPAES_ASM -DVPSM4_ASM -fPIC -pthread -Wa,--noexecstack -Wall -O3 -DOPENSSL_USE_NODELETE -DOPENSSL_PIC -DOPENSSLDIR="\"/opt/ossl-static/ssl\"" -DENGINESDIR="\"/opt/ossl-static/lib/engines-3\"" -DMODULESDIR="\"/opt/ossl-static/lib/ossl-modules\"" -DOPENSSL_BUILDING_OPENSSL -DNDEBUG  -MMD -MF crypto/aes/libcrypto-lib-aes_ofb.d.tmp -MT crypto/aes/libcrypto-lib-aes_ofb.o -c -o crypto/aes/libcrypto-lib-aes_ofb.o crypto/aes/aes_ofb.c
gcc  -I. -Iinclude -Iproviders/common/include -Iproviders/implementations/include  -DBSAES_ASM -DECP_NISTZ256_ASM -DECP_SM2P256_ASM -DKECCAK1600_ASM -DMD5_ASM -DOPENSSL_BN_ASM_MONT -DOPENSSL_CPUID_OBJ -DOPENSSL_SM3_ASM -DPOLY1305_ASM -DSHA1_ASM -DSHA256_ASM -DSHA512_ASM -DSM4_ASM -DVPAES_ASM -DVPSM4_ASM -fPIC -pthread -Wa,--noexecstack -Wall -O3 -DOPENSSL_USE_NODELETE -DOPENSSL_PIC -DOPENSSLDIR="\"/opt/ossl-static/ssl\"" -DENGINESDIR="\"/opt/ossl-static/lib/engines-3\"" -DMODULESDIR="\"/opt/ossl-static/lib/ossl-modules\"" -DOPENSSL_BUILDING_OPENSSL -DNDEBUG  -MMD -MF crypto/aes/libcrypto-lib-aes_wrap.d.tmp -MT crypto/aes/libcrypto-lib-aes_wrap.o -c -o crypto/aes/libcrypto-lib-aes_wrap.o crypto/aes/aes_wrap.c
CC="gcc" perl crypto/aes/asm/aesv8-armx.pl "linux64" -Icrypto -I. -Iinclude -Iproviders/common/include -Iproviders/implementations/include -fPIC -pthread -Wa,--noexecstack -Wall -O3 -DOPENSSL_USE_NODELETE -DOPENSSL_PIC -DOPENSSLDIR="\"/opt/ossl-static/ssl\"" -DENGINESDIR="\"/opt/ossl-static/lib/engines-3\"" -DMODULESDIR="\"/opt/ossl-static/lib/ossl-modules\"" -DOPENSSL_BUILDING_OPENSSL -DNDEBUG  -DBSAES_ASM -DECP_NISTZ256_ASM -DECP_SM2P256_ASM -DKECCAK1600_ASM -DMD5_ASM -DOPENSSL_BN_ASM_MONT -DOPENSSL_CPUID_OBJ -DOPENSSL_SM3_ASM -DPOLY1305_ASM -DSHA1_ASM -DSHA256_ASM -DSHA512_ASM -DSM4_ASM -DVPAES_ASM -DVPSM4_ASM  crypto/aes/aesv8-armx.S
CC="gcc" perl crypto/aes/asm/bsaes-armv8.pl "linux64" -I. -Iinclude -Iproviders/common/include -Iproviders/implementations/include -fPIC -pthread -Wa,--noexecstack -Wall -O3 -DOPENSSL_USE_NODELETE -DOPENSSL_PIC -DOPENSSLDIR="\"/opt/ossl-static/ssl\"" -DENGINESDIR="\"/opt/ossl-static/lib/engines-3\"" -DMODULESDIR="\"/opt/ossl-static/lib/ossl-modules\"" -DOPENSSL_BUILDING_OPENSSL -DNDEBUG  -DBSAES_ASM -DECP_NISTZ256_ASM -DECP_SM2P256_ASM -DKECCAK1600_ASM -DMD5_ASM -DOPENSSL_BN_ASM_MONT -DOPENSSL_CPUID_OBJ -DOPENSSL_SM3_ASM -DPOLY1305_ASM -DSHA1_ASM -DSHA256_ASM -DSHA512_ASM -DSM4_ASM -DVPAES_ASM -DVPSM4_ASM  crypto/aes/bsaes-armv8.S
CC="gcc" perl crypto/aes/asm/vpaes-armv8.pl "linux64" -Icrypto -I. -Iinclude -Iproviders/common/include -Iproviders/implementations/include -fPIC -pthread -Wa,--noexecstack -Wall -O3 -DOPENSSL_USE_NODELETE -DOPENSSL_PIC -DOPENSSLDIR="\"/opt/ossl-static/ssl\"" -DENGINESDIR="\"/opt/ossl-static/lib/engines-3\"" -DMODULESDIR="\"/opt/ossl-static/lib/ossl-modules\"" -DOPENSSL_BUILDING_OPENSSL -DNDEBUG  -DBSAES_ASM -DECP_NISTZ256_ASM -DECP_SM2P256_ASM -DKECCAK1600_ASM -DMD5_ASM -DOPENSSL_BN_ASM_MONT -DOPENSSL_CPUID_OBJ -DOPENSSL_SM3_ASM -DPOLY1305_ASM -DSHA1_ASM -DSHA256_ASM -DSHA512_ASM -DSM4_ASM -DVPAES_ASM -DVPSM4_ASM  crypto/aes/vpaes-armv8.S
gcc  -I. -Iinclude -Iproviders/common/include -Iproviders/implementations/include  -DBSAES_ASM -DECP_NISTZ256_ASM -DECP_SM2P256_ASM -DKECCAK1600_ASM -DMD5_ASM -DOPENSSL_BN_ASM_MONT -DOPENSSL_CPUID_OBJ -DOPENSSL_SM3_ASM -DPOLY1305_ASM -DSHA1_ASM -DSHA256_ASM -DSHA512_ASM -DSM4_ASM -DVPAES_ASM -DVPSM4_ASM -fPIC -pthread -Wa,--noexecstack -Wall -O3 -DOPENSSL_USE_NODELETE -DOPENSSL_PIC -DOPENSSLDIR="\"/opt/ossl-static/ssl\"" -DENGINESDIR="\"/opt/ossl-static/lib/engines-3\"" -DMODULESDIR="\"/opt/ossl-static/lib/ossl-modules\"" -DOPENSSL_BUILDING_OPENSSL -DNDEBUG  -MMD -MF crypto/aria/libcrypto-lib-aria.d.tmp -MT crypto/aria/libcrypto-lib-aria.o -c -o crypto/aria/libcrypto-lib-aria.o crypto/aria/aria.c
gcc  -I. -Iinclude -Iproviders/common/include -Iproviders/implementations/include  -DBSAES_ASM -DECP_NISTZ256_ASM -DECP_SM2P256_ASM -DKECCAK1600_ASM -DMD5_ASM -DOPENSSL_BN_ASM_MONT -DOPENSSL_CPUID_OBJ -DOPENSSL_SM3_ASM -DPOLY1305_ASM -DSHA1_ASM -DSHA256_ASM -DSHA512_ASM -DSM4_ASM -DVPAES_ASM -DVPSM4_ASM -fPIC -pthread -Wa,--noexecstack -Wall -O3 -DOPENSSL_USE_NODELETE -DOPENSSL_PIC -DOPENSSLDIR="\"/opt/ossl-static/ssl\"" -DENGINESDIR="\"/opt/ossl-static/lib/engines-3\"" -DMODULESDIR="\"/opt/ossl-static/lib/ossl-modules\"" -DOPENSSL_BUILDING_OPENSSL -DNDEBUG  -MMD -MF crypto/asn1/libcrypto-lib-a_bitstr.d.tmp -MT crypto/asn1/libcrypto-lib-a_bitstr.o -c -o crypto/asn1/libcrypto-lib-a_bitstr.o crypto/asn1/a_bitstr.c
gcc  -I. -Iinclude -Iproviders/common/include -Iproviders/implementations/include  -DBSAES_ASM -DECP_NISTZ256_ASM -DECP_SM2P256_ASM -DKECCAK1600_ASM -DMD5_ASM -DOPENSSL_BN_ASM_MONT -DOPENSSL_CPUID_OBJ -DOPENSSL_SM3_ASM -DPOLY1305_ASM -DSHA1_ASM -DSHA256_ASM -DSHA512_ASM -DSM4_ASM -DVPAES_ASM -DVPSM4_ASM -fPIC -pthread -Wa,--noexecstack -Wall -O3 -DOPENSSL_USE_NODELETE -DOPENSSL_PIC -DOPENSSLDIR="\"/opt/ossl-static/ssl\"" -DENGINESDIR="\"/opt/ossl-static/lib/engines-3\"" -DMODULESDIR="\"/opt/ossl-static/lib/ossl-modules\"" -DOPENSSL_BUILDING_OPENSSL -DNDEBUG  -MMD -MF crypto/asn1/libcrypto-lib-a_d2i_fp.d.tmp -MT crypto/asn1/libcrypto-lib-a_d2i_fp.o -c -o crypto/asn1/libcrypto-lib-a_d2i_fp.o crypto/asn1/a_d2i_fp.c
gcc  -I. -Iinclude -Iproviders/common/include -Iproviders/implementations/include  -DBSAES_ASM -DECP_NISTZ256_ASM -DECP_SM2P256_ASM -DKECCAK1600_ASM -DMD5_ASM -DOPENSSL_BN_ASM_MONT -DOPENSSL_CPUID_OBJ -DOPENSSL_SM3_ASM -DPOLY1305_ASM -DSHA1_ASM -DSHA256_ASM -DSHA512_ASM -DSM4_ASM -DVPAES_ASM -DVPSM4_ASM -fPIC -pthread -Wa,--noexecstack -Wall -O3 -DOPENSSL_USE_NODELETE -DOPENSSL_PIC -DOPENSSLDIR="\"/opt/ossl-static/ssl\"" -DENGINESDIR="\"/opt/ossl-static/lib/engines-3\"" -DMODULESDIR="\"/opt/ossl-static/lib/ossl-modules\"" -DOPENSSL_BUILDING_OPENSSL -DNDEBUG  -MMD -MF crypto/asn1/libcrypto-lib-a_digest.d.tmp -MT crypto/asn1/libcrypto-lib-a_digest.o -c -o crypto/asn1/libcrypto-lib-a_digest.o crypto/asn1/a_digest.c
gcc  -I. -Iinclude -Iproviders/common/include -Iproviders/implementations/include  -DBSAES_ASM -DECP_NISTZ256_ASM -DECP_SM2P256_ASM -DKECCAK1600_ASM -DMD5_ASM -DOPENSSL_BN_ASM_MONT -DOPENSSL_CPUID_OBJ -DOPENSSL_SM3_ASM -DPOLY1305_ASM -DSHA1_ASM -DSHA256_ASM -DSHA512_ASM -DSM4_ASM -DVPAES_ASM -DVPSM4_ASM -fPIC -pthread -Wa,--noexecstack -Wall -O3 -DOPENSSL_USE_NODELETE -DOPENSSL_PIC -DOPENSSLDIR="\"/opt/ossl-static/ssl\"" -DENGINESDIR="\"/opt/ossl-static/lib/engines-3\"" -DMODULESDIR="\"/opt/ossl-static/lib/ossl-modules\"" -DOPENSSL_BUILDING_OPENSSL -DNDEBUG  -MMD -MF crypto/asn1/libcrypto-lib-a_dup.d.tmp -MT crypto/asn1/libcrypto-lib-a_dup.o -c -o crypto/asn1/libcrypto-lib-a_dup.o crypto/asn1/a_dup.c
gcc  -I. -Iinclude -Iproviders/common/include -Iproviders/implementations/include  -DBSAES_ASM -DECP_NISTZ256_ASM -DECP_SM2P256_ASM -DKECCAK1600_ASM -DMD5_ASM -DOPENSSL_BN_ASM_MONT -DOPENSSL_CPUID_OBJ -DOPENSSL_SM3_ASM -DPOLY1305_ASM -DSHA1_ASM -DSHA256_ASM -DSHA512_ASM -DSM4_ASM -DVPAES_ASM -DVPSM4_ASM -fPIC -pthread -Wa,--noexecstack -Wall -O3 -DOPENSSL_USE_NODELETE -DOPENSSL_PIC -DOPENSSLDIR="\"/opt/ossl-static/ssl\"" -DENGINESDIR="\"/opt/ossl-static/lib/engines-3\"" -DMODULESDIR="\"/opt/ossl-static/lib/ossl-modules\"" -DOPENSSL_BUILDING_OPENSSL -DNDEBUG  -MMD -MF crypto/asn1/libcrypto-lib-a_gentm.d.tmp -MT crypto/asn1/libcrypto-lib-a_gentm.o -c -o crypto/asn1/libcrypto-lib-a_gentm.o crypto/asn1/a_gentm.c
gcc  -I. -Iinclude -Iproviders/common/include -Iproviders/implementations/include  -DBSAES_ASM -DECP_NISTZ256_ASM -DECP_SM2P256_ASM -DKECCAK1600_ASM -DMD5_ASM -DOPENSSL_BN_ASM_MONT -DOPENSSL_CPUID_OBJ -DOPENSSL_SM3_ASM -DPOLY1305_ASM -DSHA1_ASM -DSHA256_ASM -DSHA512_ASM -DSM4_ASM -DVPAES_ASM -DVPSM4_ASM -fPIC -pthread -Wa,--noexecstack -Wall -O3 -DOPENSSL_USE_NODELETE -DOPENSSL_PIC -DOPENSSLDIR="\"/opt/ossl-static/ssl\"" -DENGINESDIR="\"/opt/ossl-static/lib/engines-3\"" -DMODULESDIR="\"/opt/ossl-static/lib/ossl-modules\"" -DOPENSSL_BUILDING_OPENSSL -DNDEBUG  -MMD -MF crypto/asn1/libcrypto-lib-a_i2d_fp.d.tmp -MT crypto/asn1/libcrypto-lib-a_i2d_fp.o -c -o crypto/asn1/libcrypto-lib-a_i2d_fp.o crypto/asn1/a_i2d_fp.c
gcc  -I. -Iinclude -Iproviders/common/include -Iproviders/implementations/include  -DBSAES_ASM -DECP_NISTZ256_ASM -DECP_SM2P256_ASM -DKECCAK1600_ASM -DMD5_ASM -DOPENSSL_BN_ASM_MONT -DOPENSSL_CPUID_OBJ -DOPENSSL_SM3_ASM -DPOLY1305_ASM -DSHA1_ASM -DSHA256_ASM -DSHA512_ASM -DSM4_ASM -DVPAES_ASM -DVPSM4_ASM -fPIC -pthread -Wa,--noexecstack -Wall -O3 -DOPENSSL_USE_NODELETE -DOPENSSL_PIC -DOPENSSLDIR="\"/opt/ossl-static/ssl\"" -DENGINESDIR="\"/opt/ossl-static/lib/engines-3\"" -DMODULESDIR="\"/opt/ossl-static/lib/ossl-modules\"" -DOPENSSL_BUILDING_OPENSSL -DNDEBUG  -MMD -MF crypto/asn1/libcrypto-lib-a_int.d.tmp -MT crypto/asn1/libcrypto-lib-a_int.o -c -o crypto/asn1/libcrypto-lib-a_int.o crypto/asn1/a_int.c
gcc  -I. -Iinclude -Iproviders/common/include -Iproviders/implementations/include  -DBSAES_ASM -DECP_NISTZ256_ASM -DECP_SM2P256_ASM -DKECCAK1600_ASM -DMD5_ASM -DOPENSSL_BN_ASM_MONT -DOPENSSL_CPUID_OBJ -DOPENSSL_SM3_ASM -DPOLY1305_ASM -DSHA1_ASM -DSHA256_ASM -DSHA512_ASM -DSM4_ASM -DVPAES_ASM -DVPSM4_ASM -fPIC -pthread -Wa,--noexecstack -Wall -O3 -DOPENSSL_USE_NODELETE -DOPENSSL_PIC -DOPENSSLDIR="\"/opt/ossl-static/ssl\"" -DENGINESDIR="\"/opt/ossl-static/lib/engines-3\"" -DMODULESDIR="\"/opt/ossl-static/lib/ossl-modules\"" -DOPENSSL_BUILDING_OPENSSL -DNDEBUG  -MMD -MF crypto/asn1/libcrypto-lib-a_mbstr.d.tmp -MT crypto/asn1/libcrypto-lib-a_mbstr.o -c -o crypto/asn1/libcrypto-lib-a_mbstr.o crypto/asn1/a_mbstr.c
gcc  -I. -Iinclude -Iproviders/common/include -Iproviders/implementations/include  -DBSAES_ASM -DECP_NISTZ256_ASM -DECP_SM2P256_ASM -DKECCAK1600_ASM -DMD5_ASM -DOPENSSL_BN_ASM_MONT -DOPENSSL_CPUID_OBJ -DOPENSSL_SM3_ASM -DPOLY1305_ASM -DSHA1_ASM -DSHA256_ASM -DSHA512_ASM -DSM4_ASM -DVPAES_ASM -DVPSM4_ASM -fPIC -pthread -Wa,--noexecstack -Wall -O3 -DOPENSSL_USE_NODELETE -DOPENSSL_PIC -DOPENSSLDIR="\"/opt/ossl-static/ssl\"" -DENGINESDIR="\"/opt/ossl-static/lib/engines-3\"" -DMODULESDIR="\"/opt/ossl-static/lib/ossl-modules\"" -DOPENSSL_BUILDING_OPENSSL -DNDEBUG  -MMD -MF crypto/asn1/libcrypto-lib-a_object.d.tmp -MT crypto/asn1/libcrypto-lib-a_object.o -c -o crypto/asn1/libcrypto-lib-a_object.o crypto/asn1/a_object.c
gcc  -I. -Iinclude -Iproviders/common/include -Iproviders/implementations/include  -DBSAES_ASM -DECP_NISTZ256_ASM -DECP_SM2P256_ASM -DKECCAK1600_ASM -DMD5_ASM -DOPENSSL_BN_ASM_MONT -DOPENSSL_CPUID_OBJ -DOPENSSL_SM3_ASM -DPOLY1305_ASM -DSHA1_ASM -DSHA256_ASM -DSHA512_ASM -DSM4_ASM -DVPAES_ASM -DVPSM4_ASM -fPIC -pthread -Wa,--noexecstack -Wall -O3 -DOPENSSL_USE_NODELETE -DOPENSSL_PIC -DOPENSSLDIR="\"/opt/ossl-static/ssl\"" -DENGINESDIR="\"/opt/ossl-static/lib/engines-3\"" -DMODULESDIR="\"/opt/ossl-static/lib/ossl-modules\"" -DOPENSSL_BUILDING_OPENSSL -DNDEBUG  -MMD -MF crypto/asn1/libcrypto-lib-a_octet.d.tmp -MT crypto/asn1/libcrypto-lib-a_octet.o -c -o crypto/asn1/libcrypto-lib-a_octet.o crypto/asn1/a_octet.c
gcc  -I. -Iinclude -Iproviders/common/include -Iproviders/implementations/include  -DBSAES_ASM -DECP_NISTZ256_ASM -DECP_SM2P256_ASM -DKECCAK1600_ASM -DMD5_ASM -DOPENSSL_BN_ASM_MONT -DOPENSSL_CPUID_OBJ -DOPENSSL_SM3_ASM -DPOLY1305_ASM -DSHA1_ASM -DSHA256_ASM -DSHA512_ASM -DSM4_ASM -DVPAES_ASM -DVPSM4_ASM -fPIC -pthread -Wa,--noexecstack -Wall -O3 -DOPENSSL_USE_NODELETE -DOPENSSL_PIC -DOPENSSLDIR="\"/opt/ossl-static/ssl\"" -DENGINESDIR="\"/opt/ossl-static/lib/engines-3\"" -DMODULESDIR="\"/opt/ossl-static/lib/ossl-modules\"" -DOPENSSL_BUILDING_OPENSSL -DNDEBUG  -MMD -MF crypto/asn1/libcrypto-lib-a_print.d.tmp -MT crypto/asn1/libcrypto-lib-a_print.o -c -o crypto/asn1/libcrypto-lib-a_print.o crypto/asn1/a_print.c
gcc  -I. -Iinclude -Iproviders/common/include -Iproviders/implementations/include  -DBSAES_ASM -DECP_NISTZ256_ASM -DECP_SM2P256_ASM -DKECCAK1600_ASM -DMD5_ASM -DOPENSSL_BN_ASM_MONT -DOPENSSL_CPUID_OBJ -DOPENSSL_SM3_ASM -DPOLY1305_ASM -DSHA1_ASM -DSHA256_ASM -DSHA512_ASM -DSM4_ASM -DVPAES_ASM -DVPSM4_ASM -fPIC -pthread -Wa,--noexecstack -Wall -O3 -DOPENSSL_USE_NODELETE -DOPENSSL_PIC -DOPENSSLDIR="\"/opt/ossl-static/ssl\"" -DENGINESDIR="\"/opt/ossl-static/lib/engines-3\"" -DMODULESDIR="\"/opt/ossl-static/lib/ossl-modules\"" -DOPENSSL_BUILDING_OPENSSL -DNDEBUG  -MMD -MF crypto/asn1/libcrypto-lib-a_sign.d.tmp -MT crypto/asn1/libcrypto-lib-a_sign.o -c -o crypto/asn1/libcrypto-lib-a_sign.o crypto/asn1/a_sign.c
gcc  -I. -Iinclude -Iproviders/common/include -Iproviders/implementations/include  -DBSAES_ASM -DECP_NISTZ256_ASM -DECP_SM2P256_ASM -DKECCAK1600_ASM -DMD5_ASM -DOPENSSL_BN_ASM_MONT -DOPENSSL_CPUID_OBJ -DOPENSSL_SM3_ASM -DPOLY1305_ASM -DSHA1_ASM -DSHA256_ASM -DSHA512_ASM -DSM4_ASM -DVPAES_ASM -DVPSM4_ASM -fPIC -pthread -Wa,--noexecstack -Wall -O3 -DOPENSSL_USE_NODELETE -DOPENSSL_PIC -DOPENSSLDIR="\"/opt/ossl-static/ssl\"" -DENGINESDIR="\"/opt/ossl-static/lib/engines-3\"" -DMODULESDIR="\"/opt/ossl-static/lib/ossl-modules\"" -DOPENSSL_BUILDING_OPENSSL -DNDEBUG  -MMD -MF crypto/asn1/libcrypto-lib-a_strex.d.tmp -MT crypto/asn1/libcrypto-lib-a_strex.o -c -o crypto/asn1/libcrypto-lib-a_strex.o crypto/asn1/a_strex.c
gcc  -I. -Iinclude -Iproviders/common/include -Iproviders/implementations/include  -DBSAES_ASM -DECP_NISTZ256_ASM -DECP_SM2P256_ASM -DKECCAK1600_ASM -DMD5_ASM -DOPENSSL_BN_ASM_MONT -DOPENSSL_CPUID_OBJ -DOPENSSL_SM3_ASM -DPOLY1305_ASM -DSHA1_ASM -DSHA256_ASM -DSHA512_ASM -DSM4_ASM -DVPAES_ASM -DVPSM4_ASM -fPIC -pthread -Wa,--noexecstack -Wall -O3 -DOPENSSL_USE_NODELETE -DOPENSSL_PIC -DOPENSSLDIR="\"/opt/ossl-static/ssl\"" -DENGINESDIR="\"/opt/ossl-static/lib/engines-3\"" -DMODULESDIR="\"/opt/ossl-static/lib/ossl-modules\"" -DOPENSSL_BUILDING_OPENSSL -DNDEBUG  -MMD -MF crypto/asn1/libcrypto-lib-a_strnid.d.tmp -MT crypto/asn1/libcrypto-lib-a_strnid.o -c -o crypto/asn1/libcrypto-lib-a_strnid.o crypto/asn1/a_strnid.c
gcc  -I. -Iinclude -Iproviders/common/include -Iproviders/implementations/include  -DBSAES_ASM -DECP_NISTZ256_ASM -DECP_SM2P256_ASM -DKECCAK1600_ASM -DMD5_ASM -DOPENSSL_BN_ASM_MONT -DOPENSSL_CPUID_OBJ -DOPENSSL_SM3_ASM -DPOLY1305_ASM -DSHA1_ASM -DSHA256_ASM -DSHA512_ASM -DSM4_ASM -DVPAES_ASM -DVPSM4_ASM -fPIC -pthread -Wa,--noexecstack -Wall -O3 -DOPENSSL_USE_NODELETE -DOPENSSL_PIC -DOPENSSLDIR="\"/opt/ossl-static/ssl\"" -DENGINESDIR="\"/opt/ossl-static/lib/engines-3\"" -DMODULESDIR="\"/opt/ossl-static/lib/ossl-modules\"" -DOPENSSL_BUILDING_OPENSSL -DNDEBUG  -MMD -MF crypto/asn1/libcrypto-lib-a_time.d.tmp -MT crypto/asn1/libcrypto-lib-a_time.o -c -o crypto/asn1/libcrypto-lib-a_time.o crypto/asn1/a_time.c
gcc  -I. -Iinclude -Iproviders/common/include -Iproviders/implementations/include  -DBSAES_ASM -DECP_NISTZ256_ASM -DECP_SM2P256_ASM -DKECCAK1600_ASM -DMD5_ASM -DOPENSSL_BN_ASM_MONT -DOPENSSL_CPUID_OBJ -DOPENSSL_SM3_ASM -DPOLY1305_ASM -DSHA1_ASM -DSHA256_ASM -DSHA512_ASM -DSM4_ASM -DVPAES_ASM -DVPSM4_ASM -fPIC -pthread -Wa,--noexecstack -Wall -O3 -DOPENSSL_USE_NODELETE -DOPENSSL_PIC -DOPENSSLDIR="\"/opt/ossl-static/ssl\"" -DENGINESDIR="\"/opt/ossl-static/lib/engines-3\"" -DMODULESDIR="\"/opt/ossl-static/lib/ossl-modules\"" -DOPENSSL_BUILDING_OPENSSL -DNDEBUG  -MMD -MF crypto/asn1/libcrypto-lib-a_type.d.tmp -MT crypto/asn1/libcrypto-lib-a_type.o -c -o crypto/asn1/libcrypto-lib-a_type.o crypto/asn1/a_type.c
gcc  -I. -Iinclude -Iproviders/common/include -Iproviders/implementations/include  -DBSAES_ASM -DECP_NISTZ256_ASM -DECP_SM2P256_ASM -DKECCAK1600_ASM -DMD5_ASM -DOPENSSL_BN_ASM_MONT -DOPENSSL_CPUID_OBJ -DOPENSSL_SM3_ASM -DPOLY1305_ASM -DSHA1_ASM -DSHA256_ASM -DSHA512_ASM -DSM4_ASM -DVPAES_ASM -DVPSM4_ASM -fPIC -pthread -Wa,--noexecstack -Wall -O3 -DOPENSSL_USE_NODELETE -DOPENSSL_PIC -DOPENSSLDIR="\"/opt/ossl-static/ssl\"" -DENGINESDIR="\"/opt/ossl-static/lib/engines-3\"" -DMODULESDIR="\"/opt/ossl-static/lib/ossl-modules\"" -DOPENSSL_BUILDING_OPENSSL -DNDEBUG  -MMD -MF crypto/asn1/libcrypto-lib-a_utctm.d.tmp -MT crypto/asn1/libcrypto-lib-a_utctm.o -c -o crypto/asn1/libcrypto-lib-a_utctm.o crypto/asn1/a_utctm.c
gcc  -I. -Iinclude -Iproviders/common/include -Iproviders/implementations/include  -DBSAES_ASM -DECP_NISTZ256_ASM -DECP_SM2P256_ASM -DKECCAK1600_ASM -DMD5_ASM -DOPENSSL_BN_ASM_MONT -DOPENSSL_CPUID_OBJ -DOPENSSL_SM3_ASM -DPOLY1305_ASM -DSHA1_ASM -DSHA256_ASM -DSHA512_ASM -DSM4_ASM -DVPAES_ASM -DVPSM4_ASM -fPIC -pthread -Wa,--noexecstack -Wall -O3 -DOPENSSL_USE_NODELETE -DOPENSSL_PIC -DOPENSSLDIR="\"/opt/ossl-static/ssl\"" -DENGINESDIR="\"/opt/ossl-static/lib/engines-3\"" -DMODULESDIR="\"/opt/ossl-static/lib/ossl-modules\"" -DOPENSSL_BUILDING_OPENSSL -DNDEBUG  -MMD -MF crypto/asn1/libcrypto-lib-a_utf8.d.tmp -MT crypto/asn1/libcrypto-lib-a_utf8.o -c -o crypto/asn1/libcrypto-lib-a_utf8.o crypto/asn1/a_utf8.c
gcc  -I. -Iinclude -Iproviders/common/include -Iproviders/implementations/include  -DBSAES_ASM -DECP_NISTZ256_ASM -DECP_SM2P256_ASM -DKECCAK1600_ASM -DMD5_ASM -DOPENSSL_BN_ASM_MONT -DOPENSSL_CPUID_OBJ -DOPENSSL_SM3_ASM -DPOLY1305_ASM -DSHA1_ASM -DSHA256_ASM -DSHA512_ASM -DSM4_ASM -DVPAES_ASM -DVPSM4_ASM -fPIC -pthread -Wa,--noexecstack -Wall -O3 -DOPENSSL_USE_NODELETE -DOPENSSL_PIC -DOPENSSLDIR="\"/opt/ossl-static/ssl\"" -DENGINESDIR="\"/opt/ossl-static/lib/engines-3\"" -DMODULESDIR="\"/opt/ossl-static/lib/ossl-modules\"" -DOPENSSL_BUILDING_OPENSSL -DNDEBUG  -MMD -MF crypto/asn1/libcrypto-lib-a_verify.d.tmp -MT crypto/asn1/libcrypto-lib-a_verify.o -c -o crypto/asn1/libcrypto-lib-a_verify.o crypto/asn1/a_verify.c
gcc  -I. -Iinclude -Iproviders/common/include -Iproviders/implementations/include  -DBSAES_ASM -DECP_NISTZ256_ASM -DECP_SM2P256_ASM -DKECCAK1600_ASM -DMD5_ASM -DOPENSSL_BN_ASM_MONT -DOPENSSL_CPUID_OBJ -DOPENSSL_SM3_ASM -DPOLY1305_ASM -DSHA1_ASM -DSHA256_ASM -DSHA512_ASM -DSM4_ASM -DVPAES_ASM -DVPSM4_ASM -fPIC -pthread -Wa,--noexecstack -Wall -O3 -DOPENSSL_USE_NODELETE -DOPENSSL_PIC -DOPENSSLDIR="\"/opt/ossl-static/ssl\"" -DENGINESDIR="\"/opt/ossl-static/lib/engines-3\"" -DMODULESDIR="\"/opt/ossl-static/lib/ossl-modules\"" -DOPENSSL_BUILDING_OPENSSL -DNDEBUG  -MMD -MF crypto/asn1/libcrypto-lib-ameth_lib.d.tmp -MT crypto/asn1/libcrypto-lib-ameth_lib.o -c -o crypto/asn1/libcrypto-lib-ameth_lib.o crypto/asn1/ameth_lib.c
gcc  -I. -Iinclude -Iproviders/common/include -Iproviders/implementations/include  -DBSAES_ASM -DECP_NISTZ256_ASM -DECP_SM2P256_ASM -DKECCAK1600_ASM -DMD5_ASM -DOPENSSL_BN_ASM_MONT -DOPENSSL_CPUID_OBJ -DOPENSSL_SM3_ASM -DPOLY1305_ASM -DSHA1_ASM -DSHA256_ASM -DSHA512_ASM -DSM4_ASM -DVPAES_ASM -DVPSM4_ASM -fPIC -pthread -Wa,--noexecstack -Wall -O3 -DOPENSSL_USE_NODELETE -DOPENSSL_PIC -DOPENSSLDIR="\"/opt/ossl-static/ssl\"" -DENGINESDIR="\"/opt/ossl-static/lib/engines-3\"" -DMODULESDIR="\"/opt/ossl-static/lib/ossl-modules\"" -DOPENSSL_BUILDING_OPENSSL -DNDEBUG  -MMD -MF crypto/asn1/libcrypto-lib-asn1_err.d.tmp -MT crypto/asn1/libcrypto-lib-asn1_err.o -c -o crypto/asn1/libcrypto-lib-asn1_err.o crypto/asn1/asn1_err.c
gcc  -I. -Iinclude -Iproviders/common/include -Iproviders/implementations/include  -DBSAES_ASM -DECP_NISTZ256_ASM -DECP_SM2P256_ASM -DKECCAK1600_ASM -DMD5_ASM -DOPENSSL_BN_ASM_MONT -DOPENSSL_CPUID_OBJ -DOPENSSL_SM3_ASM -DPOLY1305_ASM -DSHA1_ASM -DSHA256_ASM -DSHA512_ASM -DSM4_ASM -DVPAES_ASM -DVPSM4_ASM -fPIC -pthread -Wa,--noexecstack -Wall -O3 -DOPENSSL_USE_NODELETE -DOPENSSL_PIC -DOPENSSLDIR="\"/opt/ossl-static/ssl\"" -DENGINESDIR="\"/opt/ossl-static/lib/engines-3\"" -DMODULESDIR="\"/opt/ossl-static/lib/ossl-modules\"" -DOPENSSL_BUILDING_OPENSSL -DNDEBUG  -MMD -MF crypto/asn1/libcrypto-lib-asn1_gen.d.tmp -MT crypto/asn1/libcrypto-lib-asn1_gen.o -c -o crypto/asn1/libcrypto-lib-asn1_gen.o crypto/asn1/asn1_gen.c
gcc  -I. -Iinclude -Iproviders/common/include -Iproviders/implementations/include  -DBSAES_ASM -DECP_NISTZ256_ASM -DECP_SM2P256_ASM -DKECCAK1600_ASM -DMD5_ASM -DOPENSSL_BN_ASM_MONT -DOPENSSL_CPUID_OBJ -DOPENSSL_SM3_ASM -DPOLY1305_ASM -DSHA1_ASM -DSHA256_ASM -DSHA512_ASM -DSM4_ASM -DVPAES_ASM -DVPSM4_ASM -fPIC -pthread -Wa,--noexecstack -Wall -O3 -DOPENSSL_USE_NODELETE -DOPENSSL_PIC -DOPENSSLDIR="\"/opt/ossl-static/ssl\"" -DENGINESDIR="\"/opt/ossl-static/lib/engines-3\"" -DMODULESDIR="\"/opt/ossl-static/lib/ossl-modules\"" -DOPENSSL_BUILDING_OPENSSL -DNDEBUG  -MMD -MF crypto/asn1/libcrypto-lib-asn1_item_list.d.tmp -MT crypto/asn1/libcrypto-lib-asn1_item_list.o -c -o crypto/asn1/libcrypto-lib-asn1_item_list.o crypto/asn1/asn1_item_list.c
gcc  -I. -Iinclude -Iproviders/common/include -Iproviders/implementations/include  -DBSAES_ASM -DECP_NISTZ256_ASM -DECP_SM2P256_ASM -DKECCAK1600_ASM -DMD5_ASM -DOPENSSL_BN_ASM_MONT -DOPENSSL_CPUID_OBJ -DOPENSSL_SM3_ASM -DPOLY1305_ASM -DSHA1_ASM -DSHA256_ASM -DSHA512_ASM -DSM4_ASM -DVPAES_ASM -DVPSM4_ASM -fPIC -pthread -Wa,--noexecstack -Wall -O3 -DOPENSSL_USE_NODELETE -DOPENSSL_PIC -DOPENSSLDIR="\"/opt/ossl-static/ssl\"" -DENGINESDIR="\"/opt/ossl-static/lib/engines-3\"" -DMODULESDIR="\"/opt/ossl-static/lib/ossl-modules\"" -DOPENSSL_BUILDING_OPENSSL -DNDEBUG  -MMD -MF crypto/asn1/libcrypto-lib-asn1_lib.d.tmp -MT crypto/asn1/libcrypto-lib-asn1_lib.o -c -o crypto/asn1/libcrypto-lib-asn1_lib.o crypto/asn1/asn1_lib.c
gcc  -I. -Iinclude -Iproviders/common/include -Iproviders/implementations/include  -DBSAES_ASM -DECP_NISTZ256_ASM -DECP_SM2P256_ASM -DKECCAK1600_ASM -DMD5_ASM -DOPENSSL_BN_ASM_MONT -DOPENSSL_CPUID_OBJ -DOPENSSL_SM3_ASM -DPOLY1305_ASM -DSHA1_ASM -DSHA256_ASM -DSHA512_ASM -DSM4_ASM -DVPAES_ASM -DVPSM4_ASM -fPIC -pthread -Wa,--noexecstack -Wall -O3 -DOPENSSL_USE_NODELETE -DOPENSSL_PIC -DOPENSSLDIR="\"/opt/ossl-static/ssl\"" -DENGINESDIR="\"/opt/ossl-static/lib/engines-3\"" -DMODULESDIR="\"/opt/ossl-static/lib/ossl-modules\"" -DOPENSSL_BUILDING_OPENSSL -DNDEBUG  -MMD -MF crypto/asn1/libcrypto-lib-asn1_parse.d.tmp -MT crypto/asn1/libcrypto-lib-asn1_parse.o -c -o crypto/asn1/libcrypto-lib-asn1_parse.o crypto/asn1/asn1_parse.c
gcc  -I. -Iinclude -Iproviders/common/include -Iproviders/implementations/include  -DBSAES_ASM -DECP_NISTZ256_ASM -DECP_SM2P256_ASM -DKECCAK1600_ASM -DMD5_ASM -DOPENSSL_BN_ASM_MONT -DOPENSSL_CPUID_OBJ -DOPENSSL_SM3_ASM -DPOLY1305_ASM -DSHA1_ASM -DSHA256_ASM -DSHA512_ASM -DSM4_ASM -DVPAES_ASM -DVPSM4_ASM -fPIC -pthread -Wa,--noexecstack -Wall -O3 -DOPENSSL_USE_NODELETE -DOPENSSL_PIC -DOPENSSLDIR="\"/opt/ossl-static/ssl\"" -DENGINESDIR="\"/opt/ossl-static/lib/engines-3\"" -DMODULESDIR="\"/opt/ossl-static/lib/ossl-modules\"" -DOPENSSL_BUILDING_OPENSSL -DNDEBUG  -MMD -MF crypto/asn1/libcrypto-lib-asn_mime.d.tmp -MT crypto/asn1/libcrypto-lib-asn_mime.o -c -o crypto/asn1/libcrypto-lib-asn_mime.o crypto/asn1/asn_mime.c
gcc  -I. -Iinclude -Iproviders/common/include -Iproviders/implementations/include  -DBSAES_ASM -DECP_NISTZ256_ASM -DECP_SM2P256_ASM -DKECCAK1600_ASM -DMD5_ASM -DOPENSSL_BN_ASM_MONT -DOPENSSL_CPUID_OBJ -DOPENSSL_SM3_ASM -DPOLY1305_ASM -DSHA1_ASM -DSHA256_ASM -DSHA512_ASM -DSM4_ASM -DVPAES_ASM -DVPSM4_ASM -fPIC -pthread -Wa,--noexecstack -Wall -O3 -DOPENSSL_USE_NODELETE -DOPENSSL_PIC -DOPENSSLDIR="\"/opt/ossl-static/ssl\"" -DENGINESDIR="\"/opt/ossl-static/lib/engines-3\"" -DMODULESDIR="\"/opt/ossl-static/lib/ossl-modules\"" -DOPENSSL_BUILDING_OPENSSL -DNDEBUG  -MMD -MF crypto/asn1/libcrypto-lib-asn_moid.d.tmp -MT crypto/asn1/libcrypto-lib-asn_moid.o -c -o crypto/asn1/libcrypto-lib-asn_moid.o crypto/asn1/asn_moid.c
gcc  -I. -Iinclude -Iproviders/common/include -Iproviders/implementations/include  -DBSAES_ASM -DECP_NISTZ256_ASM -DECP_SM2P256_ASM -DKECCAK1600_ASM -DMD5_ASM -DOPENSSL_BN_ASM_MONT -DOPENSSL_CPUID_OBJ -DOPENSSL_SM3_ASM -DPOLY1305_ASM -DSHA1_ASM -DSHA256_ASM -DSHA512_ASM -DSM4_ASM -DVPAES_ASM -DVPSM4_ASM -fPIC -pthread -Wa,--noexecstack -Wall -O3 -DOPENSSL_USE_NODELETE -DOPENSSL_PIC -DOPENSSLDIR="\"/opt/ossl-static/ssl\"" -DENGINESDIR="\"/opt/ossl-static/lib/engines-3\"" -DMODULESDIR="\"/opt/ossl-static/lib/ossl-modules\"" -DOPENSSL_BUILDING_OPENSSL -DNDEBUG  -MMD -MF crypto/asn1/libcrypto-lib-asn_mstbl.d.tmp -MT crypto/asn1/libcrypto-lib-asn_mstbl.o -c -o crypto/asn1/libcrypto-lib-asn_mstbl.o crypto/asn1/asn_mstbl.c
gcc  -I. -Iinclude -Iproviders/common/include -Iproviders/implementations/include  -DBSAES_ASM -DECP_NISTZ256_ASM -DECP_SM2P256_ASM -DKECCAK1600_ASM -DMD5_ASM -DOPENSSL_BN_ASM_MONT -DOPENSSL_CPUID_OBJ -DOPENSSL_SM3_ASM -DPOLY1305_ASM -DSHA1_ASM -DSHA256_ASM -DSHA512_ASM -DSM4_ASM -DVPAES_ASM -DVPSM4_ASM -fPIC -pthread -Wa,--noexecstack -Wall -O3 -DOPENSSL_USE_NODELETE -DOPENSSL_PIC -DOPENSSLDIR="\"/opt/ossl-static/ssl\"" -DENGINESDIR="\"/opt/ossl-static/lib/engines-3\"" -DMODULESDIR="\"/opt/ossl-static/lib/ossl-modules\"" -DOPENSSL_BUILDING_OPENSSL -DNDEBUG  -MMD -MF crypto/asn1/libcrypto-lib-asn_pack.d.tmp -MT crypto/asn1/libcrypto-lib-asn_pack.o -c -o crypto/asn1/libcrypto-lib-asn_pack.o crypto/asn1/asn_pack.c
gcc  -I. -Iinclude -Iproviders/common/include -Iproviders/implementations/include  -DBSAES_ASM -DECP_NISTZ256_ASM -DECP_SM2P256_ASM -DKECCAK1600_ASM -DMD5_ASM -DOPENSSL_BN_ASM_MONT -DOPENSSL_CPUID_OBJ -DOPENSSL_SM3_ASM -DPOLY1305_ASM -DSHA1_ASM -DSHA256_ASM -DSHA512_ASM -DSM4_ASM -DVPAES_ASM -DVPSM4_ASM -fPIC -pthread -Wa,--noexecstack -Wall -O3 -DOPENSSL_USE_NODELETE -DOPENSSL_PIC -DOPENSSLDIR="\"/opt/ossl-static/ssl\"" -DENGINESDIR="\"/opt/ossl-static/lib/engines-3\"" -DMODULESDIR="\"/opt/ossl-static/lib/ossl-modules\"" -DOPENSSL_BUILDING_OPENSSL -DNDEBUG  -MMD -MF crypto/asn1/libcrypto-lib-bio_asn1.d.tmp -MT crypto/asn1/libcrypto-lib-bio_asn1.o -c -o crypto/asn1/libcrypto-lib-bio_asn1.o crypto/asn1/bio_asn1.c
gcc  -I. -Iinclude -Iproviders/common/include -Iproviders/implementations/include  -DBSAES_ASM -DECP_NISTZ256_ASM -DECP_SM2P256_ASM -DKECCAK1600_ASM -DMD5_ASM -DOPENSSL_BN_ASM_MONT -DOPENSSL_CPUID_OBJ -DOPENSSL_SM3_ASM -DPOLY1305_ASM -DSHA1_ASM -DSHA256_ASM -DSHA512_ASM -DSM4_ASM -DVPAES_ASM -DVPSM4_ASM -fPIC -pthread -Wa,--noexecstack -Wall -O3 -DOPENSSL_USE_NODELETE -DOPENSSL_PIC -DOPENSSLDIR="\"/opt/ossl-static/ssl\"" -DENGINESDIR="\"/opt/ossl-static/lib/engines-3\"" -DMODULESDIR="\"/opt/ossl-static/lib/ossl-modules\"" -DOPENSSL_BUILDING_OPENSSL -DNDEBUG  -MMD -MF crypto/asn1/libcrypto-lib-bio_ndef.d.tmp -MT crypto/asn1/libcrypto-lib-bio_ndef.o -c -o crypto/asn1/libcrypto-lib-bio_ndef.o crypto/asn1/bio_ndef.c
gcc  -I. -Iinclude -Iproviders/common/include -Iproviders/implementations/include  -DBSAES_ASM -DECP_NISTZ256_ASM -DECP_SM2P256_ASM -DKECCAK1600_ASM -DMD5_ASM -DOPENSSL_BN_ASM_MONT -DOPENSSL_CPUID_OBJ -DOPENSSL_SM3_ASM -DPOLY1305_ASM -DSHA1_ASM -DSHA256_ASM -DSHA512_ASM -DSM4_ASM -DVPAES_ASM -DVPSM4_ASM -fPIC -pthread -Wa,--noexecstack -Wall -O3 -DOPENSSL_USE_NODELETE -DOPENSSL_PIC -DOPENSSLDIR="\"/opt/ossl-static/ssl\"" -DENGINESDIR="\"/opt/ossl-static/lib/engines-3\"" -DMODULESDIR="\"/opt/ossl-static/lib/ossl-modules\"" -DOPENSSL_BUILDING_OPENSSL -DNDEBUG  -MMD -MF crypto/asn1/libcrypto-lib-d2i_param.d.tmp -MT crypto/asn1/libcrypto-lib-d2i_param.o -c -o crypto/asn1/libcrypto-lib-d2i_param.o crypto/asn1/d2i_param.c
gcc  -I. -Iinclude -Iproviders/common/include -Iproviders/implementations/include  -DBSAES_ASM -DECP_NISTZ256_ASM -DECP_SM2P256_ASM -DKECCAK1600_ASM -DMD5_ASM -DOPENSSL_BN_ASM_MONT -DOPENSSL_CPUID_OBJ -DOPENSSL_SM3_ASM -DPOLY1305_ASM -DSHA1_ASM -DSHA256_ASM -DSHA512_ASM -DSM4_ASM -DVPAES_ASM -DVPSM4_ASM -fPIC -pthread -Wa,--noexecstack -Wall -O3 -DOPENSSL_USE_NODELETE -DOPENSSL_PIC -DOPENSSLDIR="\"/opt/ossl-static/ssl\"" -DENGINESDIR="\"/opt/ossl-static/lib/engines-3\"" -DMODULESDIR="\"/opt/ossl-static/lib/ossl-modules\"" -DOPENSSL_BUILDING_OPENSSL -DNDEBUG  -MMD -MF crypto/asn1/libcrypto-lib-d2i_pr.d.tmp -MT crypto/asn1/libcrypto-lib-d2i_pr.o -c -o crypto/asn1/libcrypto-lib-d2i_pr.o crypto/asn1/d2i_pr.c
gcc  -I. -Iinclude -Iproviders/common/include -Iproviders/implementations/include  -DBSAES_ASM -DECP_NISTZ256_ASM -DECP_SM2P256_ASM -DKECCAK1600_ASM -DMD5_ASM -DOPENSSL_BN_ASM_MONT -DOPENSSL_CPUID_OBJ -DOPENSSL_SM3_ASM -DPOLY1305_ASM -DSHA1_ASM -DSHA256_ASM -DSHA512_ASM -DSM4_ASM -DVPAES_ASM -DVPSM4_ASM -fPIC -pthread -Wa,--noexecstack -Wall -O3 -DOPENSSL_USE_NODELETE -DOPENSSL_PIC -DOPENSSLDIR="\"/opt/ossl-static/ssl\"" -DENGINESDIR="\"/opt/ossl-static/lib/engines-3\"" -DMODULESDIR="\"/opt/ossl-static/lib/ossl-modules\"" -DOPENSSL_BUILDING_OPENSSL -DNDEBUG  -MMD -MF crypto/asn1/libcrypto-lib-d2i_pu.d.tmp -MT crypto/asn1/libcrypto-lib-d2i_pu.o -c -o crypto/asn1/libcrypto-lib-d2i_pu.o crypto/asn1/d2i_pu.c
gcc  -I. -Iinclude -Iproviders/common/include -Iproviders/implementations/include  -DBSAES_ASM -DECP_NISTZ256_ASM -DECP_SM2P256_ASM -DKECCAK1600_ASM -DMD5_ASM -DOPENSSL_BN_ASM_MONT -DOPENSSL_CPUID_OBJ -DOPENSSL_SM3_ASM -DPOLY1305_ASM -DSHA1_ASM -DSHA256_ASM -DSHA512_ASM -DSM4_ASM -DVPAES_ASM -DVPSM4_ASM -fPIC -pthread -Wa,--noexecstack -Wall -O3 -DOPENSSL_USE_NODELETE -DOPENSSL_PIC -DOPENSSLDIR="\"/opt/ossl-static/ssl\"" -DENGINESDIR="\"/opt/ossl-static/lib/engines-3\"" -DMODULESDIR="\"/opt/ossl-static/lib/ossl-modules\"" -DOPENSSL_BUILDING_OPENSSL -DNDEBUG  -MMD -MF crypto/asn1/libcrypto-lib-evp_asn1.d.tmp -MT crypto/asn1/libcrypto-lib-evp_asn1.o -c -o crypto/asn1/libcrypto-lib-evp_asn1.o crypto/asn1/evp_asn1.c
gcc  -I. -Iinclude -Iproviders/common/include -Iproviders/implementations/include  -DBSAES_ASM -DECP_NISTZ256_ASM -DECP_SM2P256_ASM -DKECCAK1600_ASM -DMD5_ASM -DOPENSSL_BN_ASM_MONT -DOPENSSL_CPUID_OBJ -DOPENSSL_SM3_ASM -DPOLY1305_ASM -DSHA1_ASM -DSHA256_ASM -DSHA512_ASM -DSM4_ASM -DVPAES_ASM -DVPSM4_ASM -fPIC -pthread -Wa,--noexecstack -Wall -O3 -DOPENSSL_USE_NODELETE -DOPENSSL_PIC -DOPENSSLDIR="\"/opt/ossl-static/ssl\"" -DENGINESDIR="\"/opt/ossl-static/lib/engines-3\"" -DMODULESDIR="\"/opt/ossl-static/lib/ossl-modules\"" -DOPENSSL_BUILDING_OPENSSL -DNDEBUG  -MMD -MF crypto/asn1/libcrypto-lib-f_int.d.tmp -MT crypto/asn1/libcrypto-lib-f_int.o -c -o crypto/asn1/libcrypto-lib-f_int.o crypto/asn1/f_int.c
gcc  -I. -Iinclude -Iproviders/common/include -Iproviders/implementations/include  -DBSAES_ASM -DECP_NISTZ256_ASM -DECP_SM2P256_ASM -DKECCAK1600_ASM -DMD5_ASM -DOPENSSL_BN_ASM_MONT -DOPENSSL_CPUID_OBJ -DOPENSSL_SM3_ASM -DPOLY1305_ASM -DSHA1_ASM -DSHA256_ASM -DSHA512_ASM -DSM4_ASM -DVPAES_ASM -DVPSM4_ASM -fPIC -pthread -Wa,--noexecstack -Wall -O3 -DOPENSSL_USE_NODELETE -DOPENSSL_PIC -DOPENSSLDIR="\"/opt/ossl-static/ssl\"" -DENGINESDIR="\"/opt/ossl-static/lib/engines-3\"" -DMODULESDIR="\"/opt/ossl-static/lib/ossl-modules\"" -DOPENSSL_BUILDING_OPENSSL -DNDEBUG  -MMD -MF crypto/asn1/libcrypto-lib-f_string.d.tmp -MT crypto/asn1/libcrypto-lib-f_string.o -c -o crypto/asn1/libcrypto-lib-f_string.o crypto/asn1/f_string.c
gcc  -I. -Iinclude -Iproviders/common/include -Iproviders/implementations/include  -DBSAES_ASM -DECP_NISTZ256_ASM -DECP_SM2P256_ASM -DKECCAK1600_ASM -DMD5_ASM -DOPENSSL_BN_ASM_MONT -DOPENSSL_CPUID_OBJ -DOPENSSL_SM3_ASM -DPOLY1305_ASM -DSHA1_ASM -DSHA256_ASM -DSHA512_ASM -DSM4_ASM -DVPAES_ASM -DVPSM4_ASM -fPIC -pthread -Wa,--noexecstack -Wall -O3 -DOPENSSL_USE_NODELETE -DOPENSSL_PIC -DOPENSSLDIR="\"/opt/ossl-static/ssl\"" -DENGINESDIR="\"/opt/ossl-static/lib/engines-3\"" -DMODULESDIR="\"/opt/ossl-static/lib/ossl-modules\"" -DOPENSSL_BUILDING_OPENSSL -DNDEBUG  -MMD -MF crypto/asn1/libcrypto-lib-i2d_evp.d.tmp -MT crypto/asn1/libcrypto-lib-i2d_evp.o -c -o crypto/asn1/libcrypto-lib-i2d_evp.o crypto/asn1/i2d_evp.c
gcc  -I. -Iinclude -Iproviders/common/include -Iproviders/implementations/include  -DBSAES_ASM -DECP_NISTZ256_ASM -DECP_SM2P256_ASM -DKECCAK1600_ASM -DMD5_ASM -DOPENSSL_BN_ASM_MONT -DOPENSSL_CPUID_OBJ -DOPENSSL_SM3_ASM -DPOLY1305_ASM -DSHA1_ASM -DSHA256_ASM -DSHA512_ASM -DSM4_ASM -DVPAES_ASM -DVPSM4_ASM -fPIC -pthread -Wa,--noexecstack -Wall -O3 -DOPENSSL_USE_NODELETE -DOPENSSL_PIC -DOPENSSLDIR="\"/opt/ossl-static/ssl\"" -DENGINESDIR="\"/opt/ossl-static/lib/engines-3\"" -DMODULESDIR="\"/opt/ossl-static/lib/ossl-modules\"" -DOPENSSL_BUILDING_OPENSSL -DNDEBUG  -MMD -MF crypto/asn1/libcrypto-lib-n_pkey.d.tmp -MT crypto/asn1/libcrypto-lib-n_pkey.o -c -o crypto/asn1/libcrypto-lib-n_pkey.o crypto/asn1/n_pkey.c
gcc  -I. -Iinclude -Iproviders/common/include -Iproviders/implementations/include  -DBSAES_ASM -DECP_NISTZ256_ASM -DECP_SM2P256_ASM -DKECCAK1600_ASM -DMD5_ASM -DOPENSSL_BN_ASM_MONT -DOPENSSL_CPUID_OBJ -DOPENSSL_SM3_ASM -DPOLY1305_ASM -DSHA1_ASM -DSHA256_ASM -DSHA512_ASM -DSM4_ASM -DVPAES_ASM -DVPSM4_ASM -fPIC -pthread -Wa,--noexecstack -Wall -O3 -DOPENSSL_USE_NODELETE -DOPENSSL_PIC -DOPENSSLDIR="\"/opt/ossl-static/ssl\"" -DENGINESDIR="\"/opt/ossl-static/lib/engines-3\"" -DMODULESDIR="\"/opt/ossl-static/lib/ossl-modules\"" -DOPENSSL_BUILDING_OPENSSL -DNDEBUG  -MMD -MF crypto/asn1/libcrypto-lib-nsseq.d.tmp -MT crypto/asn1/libcrypto-lib-nsseq.o -c -o crypto/asn1/libcrypto-lib-nsseq.o crypto/asn1/nsseq.c
gcc  -I. -Iinclude -Iproviders/common/include -Iproviders/implementations/include  -DBSAES_ASM -DECP_NISTZ256_ASM -DECP_SM2P256_ASM -DKECCAK1600_ASM -DMD5_ASM -DOPENSSL_BN_ASM_MONT -DOPENSSL_CPUID_OBJ -DOPENSSL_SM3_ASM -DPOLY1305_ASM -DSHA1_ASM -DSHA256_ASM -DSHA512_ASM -DSM4_ASM -DVPAES_ASM -DVPSM4_ASM -fPIC -pthread -Wa,--noexecstack -Wall -O3 -DOPENSSL_USE_NODELETE -DOPENSSL_PIC -DOPENSSLDIR="\"/opt/ossl-static/ssl\"" -DENGINESDIR="\"/opt/ossl-static/lib/engines-3\"" -DMODULESDIR="\"/opt/ossl-static/lib/ossl-modules\"" -DOPENSSL_BUILDING_OPENSSL -DNDEBUG  -MMD -MF crypto/asn1/libcrypto-lib-p5_pbe.d.tmp -MT crypto/asn1/libcrypto-lib-p5_pbe.o -c -o crypto/asn1/libcrypto-lib-p5_pbe.o crypto/asn1/p5_pbe.c
gcc  -I. -Iinclude -Iproviders/common/include -Iproviders/implementations/include  -DBSAES_ASM -DECP_NISTZ256_ASM -DECP_SM2P256_ASM -DKECCAK1600_ASM -DMD5_ASM -DOPENSSL_BN_ASM_MONT -DOPENSSL_CPUID_OBJ -DOPENSSL_SM3_ASM -DPOLY1305_ASM -DSHA1_ASM -DSHA256_ASM -DSHA512_ASM -DSM4_ASM -DVPAES_ASM -DVPSM4_ASM -fPIC -pthread -Wa,--noexecstack -Wall -O3 -DOPENSSL_USE_NODELETE -DOPENSSL_PIC -DOPENSSLDIR="\"/opt/ossl-static/ssl\"" -DENGINESDIR="\"/opt/ossl-static/lib/engines-3\"" -DMODULESDIR="\"/opt/ossl-static/lib/ossl-modules\"" -DOPENSSL_BUILDING_OPENSSL -DNDEBUG  -MMD -MF crypto/asn1/libcrypto-lib-p5_pbev2.d.tmp -MT crypto/asn1/libcrypto-lib-p5_pbev2.o -c -o crypto/asn1/libcrypto-lib-p5_pbev2.o crypto/asn1/p5_pbev2.c
gcc  -I. -Iinclude -Iproviders/common/include -Iproviders/implementations/include  -DBSAES_ASM -DECP_NISTZ256_ASM -DECP_SM2P256_ASM -DKECCAK1600_ASM -DMD5_ASM -DOPENSSL_BN_ASM_MONT -DOPENSSL_CPUID_OBJ -DOPENSSL_SM3_ASM -DPOLY1305_ASM -DSHA1_ASM -DSHA256_ASM -DSHA512_ASM -DSM4_ASM -DVPAES_ASM -DVPSM4_ASM -fPIC -pthread -Wa,--noexecstack -Wall -O3 -DOPENSSL_USE_NODELETE -DOPENSSL_PIC -DOPENSSLDIR="\"/opt/ossl-static/ssl\"" -DENGINESDIR="\"/opt/ossl-static/lib/engines-3\"" -DMODULESDIR="\"/opt/ossl-static/lib/ossl-modules\"" -DOPENSSL_BUILDING_OPENSSL -DNDEBUG  -MMD -MF crypto/asn1/libcrypto-lib-p5_scrypt.d.tmp -MT crypto/asn1/libcrypto-lib-p5_scrypt.o -c -o crypto/asn1/libcrypto-lib-p5_scrypt.o crypto/asn1/p5_scrypt.c
gcc  -I. -Iinclude -Iproviders/common/include -Iproviders/implementations/include  -DBSAES_ASM -DECP_NISTZ256_ASM -DECP_SM2P256_ASM -DKECCAK1600_ASM -DMD5_ASM -DOPENSSL_BN_ASM_MONT -DOPENSSL_CPUID_OBJ -DOPENSSL_SM3_ASM -DPOLY1305_ASM -DSHA1_ASM -DSHA256_ASM -DSHA512_ASM -DSM4_ASM -DVPAES_ASM -DVPSM4_ASM -fPIC -pthread -Wa,--noexecstack -Wall -O3 -DOPENSSL_USE_NODELETE -DOPENSSL_PIC -DOPENSSLDIR="\"/opt/ossl-static/ssl\"" -DENGINESDIR="\"/opt/ossl-static/lib/engines-3\"" -DMODULESDIR="\"/opt/ossl-static/lib/ossl-modules\"" -DOPENSSL_BUILDING_OPENSSL -DNDEBUG  -MMD -MF crypto/asn1/libcrypto-lib-p8_pkey.d.tmp -MT crypto/asn1/libcrypto-lib-p8_pkey.o -c -o crypto/asn1/libcrypto-lib-p8_pkey.o crypto/asn1/p8_pkey.c
gcc  -I. -Iinclude -Iproviders/common/include -Iproviders/implementations/include  -DBSAES_ASM -DECP_NISTZ256_ASM -DECP_SM2P256_ASM -DKECCAK1600_ASM -DMD5_ASM -DOPENSSL_BN_ASM_MONT -DOPENSSL_CPUID_OBJ -DOPENSSL_SM3_ASM -DPOLY1305_ASM -DSHA1_ASM -DSHA256_ASM -DSHA512_ASM -DSM4_ASM -DVPAES_ASM -DVPSM4_ASM -fPIC -pthread -Wa,--noexecstack -Wall -O3 -DOPENSSL_USE_NODELETE -DOPENSSL_PIC -DOPENSSLDIR="\"/opt/ossl-static/ssl\"" -DENGINESDIR="\"/opt/ossl-static/lib/engines-3\"" -DMODULESDIR="\"/opt/ossl-static/lib/ossl-modules\"" -DOPENSSL_BUILDING_OPENSSL -DNDEBUG  -MMD -MF crypto/asn1/libcrypto-lib-t_bitst.d.tmp -MT crypto/asn1/libcrypto-lib-t_bitst.o -c -o crypto/asn1/libcrypto-lib-t_bitst.o crypto/asn1/t_bitst.c
gcc  -I. -Iinclude -Iproviders/common/include -Iproviders/implementations/include  -DBSAES_ASM -DECP_NISTZ256_ASM -DECP_SM2P256_ASM -DKECCAK1600_ASM -DMD5_ASM -DOPENSSL_BN_ASM_MONT -DOPENSSL_CPUID_OBJ -DOPENSSL_SM3_ASM -DPOLY1305_ASM -DSHA1_ASM -DSHA256_ASM -DSHA512_ASM -DSM4_ASM -DVPAES_ASM -DVPSM4_ASM -fPIC -pthread -Wa,--noexecstack -Wall -O3 -DOPENSSL_USE_NODELETE -DOPENSSL_PIC -DOPENSSLDIR="\"/opt/ossl-static/ssl\"" -DENGINESDIR="\"/opt/ossl-static/lib/engines-3\"" -DMODULESDIR="\"/opt/ossl-static/lib/ossl-modules\"" -DOPENSSL_BUILDING_OPENSSL -DNDEBUG  -MMD -MF crypto/asn1/libcrypto-lib-t_pkey.d.tmp -MT crypto/asn1/libcrypto-lib-t_pkey.o -c -o crypto/asn1/libcrypto-lib-t_pkey.o crypto/asn1/t_pkey.c
gcc  -I. -Iinclude -Iproviders/common/include -Iproviders/implementations/include  -DBSAES_ASM -DECP_NISTZ256_ASM -DECP_SM2P256_ASM -DKECCAK1600_ASM -DMD5_ASM -DOPENSSL_BN_ASM_MONT -DOPENSSL_CPUID_OBJ -DOPENSSL_SM3_ASM -DPOLY1305_ASM -DSHA1_ASM -DSHA256_ASM -DSHA512_ASM -DSM4_ASM -DVPAES_ASM -DVPSM4_ASM -fPIC -pthread -Wa,--noexecstack -Wall -O3 -DOPENSSL_USE_NODELETE -DOPENSSL_PIC -DOPENSSLDIR="\"/opt/ossl-static/ssl\"" -DENGINESDIR="\"/opt/ossl-static/lib/engines-3\"" -DMODULESDIR="\"/opt/ossl-static/lib/ossl-modules\"" -DOPENSSL_BUILDING_OPENSSL -DNDEBUG  -MMD -MF crypto/asn1/libcrypto-lib-t_spki.d.tmp -MT crypto/asn1/libcrypto-lib-t_spki.o -c -o crypto/asn1/libcrypto-lib-t_spki.o crypto/asn1/t_spki.c
gcc  -I. -Iinclude -Iproviders/common/include -Iproviders/implementations/include  -DBSAES_ASM -DECP_NISTZ256_ASM -DECP_SM2P256_ASM -DKECCAK1600_ASM -DMD5_ASM -DOPENSSL_BN_ASM_MONT -DOPENSSL_CPUID_OBJ -DOPENSSL_SM3_ASM -DPOLY1305_ASM -DSHA1_ASM -DSHA256_ASM -DSHA512_ASM -DSM4_ASM -DVPAES_ASM -DVPSM4_ASM -fPIC -pthread -Wa,--noexecstack -Wall -O3 -DOPENSSL_USE_NODELETE -DOPENSSL_PIC -DOPENSSLDIR="\"/opt/ossl-static/ssl\"" -DENGINESDIR="\"/opt/ossl-static/lib/engines-3\"" -DMODULESDIR="\"/opt/ossl-static/lib/ossl-modules\"" -DOPENSSL_BUILDING_OPENSSL -DNDEBUG  -MMD -MF crypto/asn1/libcrypto-lib-tasn_dec.d.tmp -MT crypto/asn1/libcrypto-lib-tasn_dec.o -c -o crypto/asn1/libcrypto-lib-tasn_dec.o crypto/asn1/tasn_dec.c
gcc  -I. -Iinclude -Iproviders/common/include -Iproviders/implementations/include  -DBSAES_ASM -DECP_NISTZ256_ASM -DECP_SM2P256_ASM -DKECCAK1600_ASM -DMD5_ASM -DOPENSSL_BN_ASM_MONT -DOPENSSL_CPUID_OBJ -DOPENSSL_SM3_ASM -DPOLY1305_ASM -DSHA1_ASM -DSHA256_ASM -DSHA512_ASM -DSM4_ASM -DVPAES_ASM -DVPSM4_ASM -fPIC -pthread -Wa,--noexecstack -Wall -O3 -DOPENSSL_USE_NODELETE -DOPENSSL_PIC -DOPENSSLDIR="\"/opt/ossl-static/ssl\"" -DENGINESDIR="\"/opt/ossl-static/lib/engines-3\"" -DMODULESDIR="\"/opt/ossl-static/lib/ossl-modules\"" -DOPENSSL_BUILDING_OPENSSL -DNDEBUG  -MMD -MF crypto/asn1/libcrypto-lib-tasn_enc.d.tmp -MT crypto/asn1/libcrypto-lib-tasn_enc.o -c -o crypto/asn1/libcrypto-lib-tasn_enc.o crypto/asn1/tasn_enc.c
gcc  -I. -Iinclude -Iproviders/common/include -Iproviders/implementations/include  -DBSAES_ASM -DECP_NISTZ256_ASM -DECP_SM2P256_ASM -DKECCAK1600_ASM -DMD5_ASM -DOPENSSL_BN_ASM_MONT -DOPENSSL_CPUID_OBJ -DOPENSSL_SM3_ASM -DPOLY1305_ASM -DSHA1_ASM -DSHA256_ASM -DSHA512_ASM -DSM4_ASM -DVPAES_ASM -DVPSM4_ASM -fPIC -pthread -Wa,--noexecstack -Wall -O3 -DOPENSSL_USE_NODELETE -DOPENSSL_PIC -DOPENSSLDIR="\"/opt/ossl-static/ssl\"" -DENGINESDIR="\"/opt/ossl-static/lib/engines-3\"" -DMODULESDIR="\"/opt/ossl-static/lib/ossl-modules\"" -DOPENSSL_BUILDING_OPENSSL -DNDEBUG  -MMD -MF crypto/asn1/libcrypto-lib-tasn_fre.d.tmp -MT crypto/asn1/libcrypto-lib-tasn_fre.o -c -o crypto/asn1/libcrypto-lib-tasn_fre.o crypto/asn1/tasn_fre.c
gcc  -I. -Iinclude -Iproviders/common/include -Iproviders/implementations/include  -DBSAES_ASM -DECP_NISTZ256_ASM -DECP_SM2P256_ASM -DKECCAK1600_ASM -DMD5_ASM -DOPENSSL_BN_ASM_MONT -DOPENSSL_CPUID_OBJ -DOPENSSL_SM3_ASM -DPOLY1305_ASM -DSHA1_ASM -DSHA256_ASM -DSHA512_ASM -DSM4_ASM -DVPAES_ASM -DVPSM4_ASM -fPIC -pthread -Wa,--noexecstack -Wall -O3 -DOPENSSL_USE_NODELETE -DOPENSSL_PIC -DOPENSSLDIR="\"/opt/ossl-static/ssl\"" -DENGINESDIR="\"/opt/ossl-static/lib/engines-3\"" -DMODULESDIR="\"/opt/ossl-static/lib/ossl-modules\"" -DOPENSSL_BUILDING_OPENSSL -DNDEBUG  -MMD -MF crypto/asn1/libcrypto-lib-tasn_new.d.tmp -MT crypto/asn1/libcrypto-lib-tasn_new.o -c -o crypto/asn1/libcrypto-lib-tasn_new.o crypto/asn1/tasn_new.c
gcc  -I. -Iinclude -Iproviders/common/include -Iproviders/implementations/include  -DBSAES_ASM -DECP_NISTZ256_ASM -DECP_SM2P256_ASM -DKECCAK1600_ASM -DMD5_ASM -DOPENSSL_BN_ASM_MONT -DOPENSSL_CPUID_OBJ -DOPENSSL_SM3_ASM -DPOLY1305_ASM -DSHA1_ASM -DSHA256_ASM -DSHA512_ASM -DSM4_ASM -DVPAES_ASM -DVPSM4_ASM -fPIC -pthread -Wa,--noexecstack -Wall -O3 -DOPENSSL_USE_NODELETE -DOPENSSL_PIC -DOPENSSLDIR="\"/opt/ossl-static/ssl\"" -DENGINESDIR="\"/opt/ossl-static/lib/engines-3\"" -DMODULESDIR="\"/opt/ossl-static/lib/ossl-modules\"" -DOPENSSL_BUILDING_OPENSSL -DNDEBUG  -MMD -MF crypto/asn1/libcrypto-lib-tasn_prn.d.tmp -MT crypto/asn1/libcrypto-lib-tasn_prn.o -c -o crypto/asn1/libcrypto-lib-tasn_prn.o crypto/asn1/tasn_prn.c
gcc  -I. -Iinclude -Iproviders/common/include -Iproviders/implementations/include  -DBSAES_ASM -DECP_NISTZ256_ASM -DECP_SM2P256_ASM -DKECCAK1600_ASM -DMD5_ASM -DOPENSSL_BN_ASM_MONT -DOPENSSL_CPUID_OBJ -DOPENSSL_SM3_ASM -DPOLY1305_ASM -DSHA1_ASM -DSHA256_ASM -DSHA512_ASM -DSM4_ASM -DVPAES_ASM -DVPSM4_ASM -fPIC -pthread -Wa,--noexecstack -Wall -O3 -DOPENSSL_USE_NODELETE -DOPENSSL_PIC -DOPENSSLDIR="\"/opt/ossl-static/ssl\"" -DENGINESDIR="\"/opt/ossl-static/lib/engines-3\"" -DMODULESDIR="\"/opt/ossl-static/lib/ossl-modules\"" -DOPENSSL_BUILDING_OPENSSL -DNDEBUG  -MMD -MF crypto/asn1/libcrypto-lib-tasn_scn.d.tmp -MT crypto/asn1/libcrypto-lib-tasn_scn.o -c -o crypto/asn1/libcrypto-lib-tasn_scn.o crypto/asn1/tasn_scn.c
gcc  -I. -Iinclude -Iproviders/common/include -Iproviders/implementations/include  -DBSAES_ASM -DECP_NISTZ256_ASM -DECP_SM2P256_ASM -DKECCAK1600_ASM -DMD5_ASM -DOPENSSL_BN_ASM_MONT -DOPENSSL_CPUID_OBJ -DOPENSSL_SM3_ASM -DPOLY1305_ASM -DSHA1_ASM -DSHA256_ASM -DSHA512_ASM -DSM4_ASM -DVPAES_ASM -DVPSM4_ASM -fPIC -pthread -Wa,--noexecstack -Wall -O3 -DOPENSSL_USE_NODELETE -DOPENSSL_PIC -DOPENSSLDIR="\"/opt/ossl-static/ssl\"" -DENGINESDIR="\"/opt/ossl-static/lib/engines-3\"" -DMODULESDIR="\"/opt/ossl-static/lib/ossl-modules\"" -DOPENSSL_BUILDING_OPENSSL -DNDEBUG  -MMD -MF crypto/asn1/libcrypto-lib-tasn_typ.d.tmp -MT crypto/asn1/libcrypto-lib-tasn_typ.o -c -o crypto/asn1/libcrypto-lib-tasn_typ.o crypto/asn1/tasn_typ.c
gcc  -I. -Iinclude -Iproviders/common/include -Iproviders/implementations/include  -DBSAES_ASM -DECP_NISTZ256_ASM -DECP_SM2P256_ASM -DKECCAK1600_ASM -DMD5_ASM -DOPENSSL_BN_ASM_MONT -DOPENSSL_CPUID_OBJ -DOPENSSL_SM3_ASM -DPOLY1305_ASM -DSHA1_ASM -DSHA256_ASM -DSHA512_ASM -DSM4_ASM -DVPAES_ASM -DVPSM4_ASM -fPIC -pthread -Wa,--noexecstack -Wall -O3 -DOPENSSL_USE_NODELETE -DOPENSSL_PIC -DOPENSSLDIR="\"/opt/ossl-static/ssl\"" -DENGINESDIR="\"/opt/ossl-static/lib/engines-3\"" -DMODULESDIR="\"/opt/ossl-static/lib/ossl-modules\"" -DOPENSSL_BUILDING_OPENSSL -DNDEBUG  -MMD -MF crypto/asn1/libcrypto-lib-tasn_utl.d.tmp -MT crypto/asn1/libcrypto-lib-tasn_utl.o -c -o crypto/asn1/libcrypto-lib-tasn_utl.o crypto/asn1/tasn_utl.c
gcc  -I. -Iinclude -Iproviders/common/include -Iproviders/implementations/include  -DBSAES_ASM -DECP_NISTZ256_ASM -DECP_SM2P256_ASM -DKECCAK1600_ASM -DMD5_ASM -DOPENSSL_BN_ASM_MONT -DOPENSSL_CPUID_OBJ -DOPENSSL_SM3_ASM -DPOLY1305_ASM -DSHA1_ASM -DSHA256_ASM -DSHA512_ASM -DSM4_ASM -DVPAES_ASM -DVPSM4_ASM -fPIC -pthread -Wa,--noexecstack -Wall -O3 -DOPENSSL_USE_NODELETE -DOPENSSL_PIC -DOPENSSLDIR="\"/opt/ossl-static/ssl\"" -DENGINESDIR="\"/opt/ossl-static/lib/engines-3\"" -DMODULESDIR="\"/opt/ossl-static/lib/ossl-modules\"" -DOPENSSL_BUILDING_OPENSSL -DNDEBUG  -MMD -MF crypto/asn1/libcrypto-lib-x_algor.d.tmp -MT crypto/asn1/libcrypto-lib-x_algor.o -c -o crypto/asn1/libcrypto-lib-x_algor.o crypto/asn1/x_algor.c
gcc  -I. -Iinclude -Iproviders/common/include -Iproviders/implementations/include  -DBSAES_ASM -DECP_NISTZ256_ASM -DECP_SM2P256_ASM -DKECCAK1600_ASM -DMD5_ASM -DOPENSSL_BN_ASM_MONT -DOPENSSL_CPUID_OBJ -DOPENSSL_SM3_ASM -DPOLY1305_ASM -DSHA1_ASM -DSHA256_ASM -DSHA512_ASM -DSM4_ASM -DVPAES_ASM -DVPSM4_ASM -fPIC -pthread -Wa,--noexecstack -Wall -O3 -DOPENSSL_USE_NODELETE -DOPENSSL_PIC -DOPENSSLDIR="\"/opt/ossl-static/ssl\"" -DENGINESDIR="\"/opt/ossl-static/lib/engines-3\"" -DMODULESDIR="\"/opt/ossl-static/lib/ossl-modules\"" -DOPENSSL_BUILDING_OPENSSL -DNDEBUG  -MMD -MF crypto/asn1/libcrypto-lib-x_bignum.d.tmp -MT crypto/asn1/libcrypto-lib-x_bignum.o -c -o crypto/asn1/libcrypto-lib-x_bignum.o crypto/asn1/x_bignum.c
gcc  -I. -Iinclude -Iproviders/common/include -Iproviders/implementations/include  -DBSAES_ASM -DECP_NISTZ256_ASM -DECP_SM2P256_ASM -DKECCAK1600_ASM -DMD5_ASM -DOPENSSL_BN_ASM_MONT -DOPENSSL_CPUID_OBJ -DOPENSSL_SM3_ASM -DPOLY1305_ASM -DSHA1_ASM -DSHA256_ASM -DSHA512_ASM -DSM4_ASM -DVPAES_ASM -DVPSM4_ASM -fPIC -pthread -Wa,--noexecstack -Wall -O3 -DOPENSSL_USE_NODELETE -DOPENSSL_PIC -DOPENSSLDIR="\"/opt/ossl-static/ssl\"" -DENGINESDIR="\"/opt/ossl-static/lib/engines-3\"" -DMODULESDIR="\"/opt/ossl-static/lib/ossl-modules\"" -DOPENSSL_BUILDING_OPENSSL -DNDEBUG  -MMD -MF crypto/asn1/libcrypto-lib-x_info.d.tmp -MT crypto/asn1/libcrypto-lib-x_info.o -c -o crypto/asn1/libcrypto-lib-x_info.o crypto/asn1/x_info.c
gcc  -I. -Iinclude -Iproviders/common/include -Iproviders/implementations/include  -DBSAES_ASM -DECP_NISTZ256_ASM -DECP_SM2P256_ASM -DKECCAK1600_ASM -DMD5_ASM -DOPENSSL_BN_ASM_MONT -DOPENSSL_CPUID_OBJ -DOPENSSL_SM3_ASM -DPOLY1305_ASM -DSHA1_ASM -DSHA256_ASM -DSHA512_ASM -DSM4_ASM -DVPAES_ASM -DVPSM4_ASM -fPIC -pthread -Wa,--noexecstack -Wall -O3 -DOPENSSL_USE_NODELETE -DOPENSSL_PIC -DOPENSSLDIR="\"/opt/ossl-static/ssl\"" -DENGINESDIR="\"/opt/ossl-static/lib/engines-3\"" -DMODULESDIR="\"/opt/ossl-static/lib/ossl-modules\"" -DOPENSSL_BUILDING_OPENSSL -DNDEBUG  -MMD -MF crypto/asn1/libcrypto-lib-x_int64.d.tmp -MT crypto/asn1/libcrypto-lib-x_int64.o -c -o crypto/asn1/libcrypto-lib-x_int64.o crypto/asn1/x_int64.c
gcc  -I. -Iinclude -Iproviders/common/include -Iproviders/implementations/include  -DBSAES_ASM -DECP_NISTZ256_ASM -DECP_SM2P256_ASM -DKECCAK1600_ASM -DMD5_ASM -DOPENSSL_BN_ASM_MONT -DOPENSSL_CPUID_OBJ -DOPENSSL_SM3_ASM -DPOLY1305_ASM -DSHA1_ASM -DSHA256_ASM -DSHA512_ASM -DSM4_ASM -DVPAES_ASM -DVPSM4_ASM -fPIC -pthread -Wa,--noexecstack -Wall -O3 -DOPENSSL_USE_NODELETE -DOPENSSL_PIC -DOPENSSLDIR="\"/opt/ossl-static/ssl\"" -DENGINESDIR="\"/opt/ossl-static/lib/engines-3\"" -DMODULESDIR="\"/opt/ossl-static/lib/ossl-modules\"" -DOPENSSL_BUILDING_OPENSSL -DNDEBUG  -MMD -MF crypto/asn1/libcrypto-lib-x_long.d.tmp -MT crypto/asn1/libcrypto-lib-x_long.o -c -o crypto/asn1/libcrypto-lib-x_long.o crypto/asn1/x_long.c
gcc  -I. -Iinclude -Iproviders/common/include -Iproviders/implementations/include  -DBSAES_ASM -DECP_NISTZ256_ASM -DECP_SM2P256_ASM -DKECCAK1600_ASM -DMD5_ASM -DOPENSSL_BN_ASM_MONT -DOPENSSL_CPUID_OBJ -DOPENSSL_SM3_ASM -DPOLY1305_ASM -DSHA1_ASM -DSHA256_ASM -DSHA512_ASM -DSM4_ASM -DVPAES_ASM -DVPSM4_ASM -fPIC -pthread -Wa,--noexecstack -Wall -O3 -DOPENSSL_USE_NODELETE -DOPENSSL_PIC -DOPENSSLDIR="\"/opt/ossl-static/ssl\"" -DENGINESDIR="\"/opt/ossl-static/lib/engines-3\"" -DMODULESDIR="\"/opt/ossl-static/lib/ossl-modules\"" -DOPENSSL_BUILDING_OPENSSL -DNDEBUG  -MMD -MF crypto/asn1/libcrypto-lib-x_pkey.d.tmp -MT crypto/asn1/libcrypto-lib-x_pkey.o -c -o crypto/asn1/libcrypto-lib-x_pkey.o crypto/asn1/x_pkey.c
gcc  -I. -Iinclude -Iproviders/common/include -Iproviders/implementations/include  -DBSAES_ASM -DECP_NISTZ256_ASM -DECP_SM2P256_ASM -DKECCAK1600_ASM -DMD5_ASM -DOPENSSL_BN_ASM_MONT -DOPENSSL_CPUID_OBJ -DOPENSSL_SM3_ASM -DPOLY1305_ASM -DSHA1_ASM -DSHA256_ASM -DSHA512_ASM -DSM4_ASM -DVPAES_ASM -DVPSM4_ASM -fPIC -pthread -Wa,--noexecstack -Wall -O3 -DOPENSSL_USE_NODELETE -DOPENSSL_PIC -DOPENSSLDIR="\"/opt/ossl-static/ssl\"" -DENGINESDIR="\"/opt/ossl-static/lib/engines-3\"" -DMODULESDIR="\"/opt/ossl-static/lib/ossl-modules\"" -DOPENSSL_BUILDING_OPENSSL -DNDEBUG  -MMD -MF crypto/asn1/libcrypto-lib-x_sig.d.tmp -MT crypto/asn1/libcrypto-lib-x_sig.o -c -o crypto/asn1/libcrypto-lib-x_sig.o crypto/asn1/x_sig.c
gcc  -I. -Iinclude -Iproviders/common/include -Iproviders/implementations/include  -DBSAES_ASM -DECP_NISTZ256_ASM -DECP_SM2P256_ASM -DKECCAK1600_ASM -DMD5_ASM -DOPENSSL_BN_ASM_MONT -DOPENSSL_CPUID_OBJ -DOPENSSL_SM3_ASM -DPOLY1305_ASM -DSHA1_ASM -DSHA256_ASM -DSHA512_ASM -DSM4_ASM -DVPAES_ASM -DVPSM4_ASM -fPIC -pthread -Wa,--noexecstack -Wall -O3 -DOPENSSL_USE_NODELETE -DOPENSSL_PIC -DOPENSSLDIR="\"/opt/ossl-static/ssl\"" -DENGINESDIR="\"/opt/ossl-static/lib/engines-3\"" -DMODULESDIR="\"/opt/ossl-static/lib/ossl-modules\"" -DOPENSSL_BUILDING_OPENSSL -DNDEBUG  -MMD -MF crypto/asn1/libcrypto-lib-x_spki.d.tmp -MT crypto/asn1/libcrypto-lib-x_spki.o -c -o crypto/asn1/libcrypto-lib-x_spki.o crypto/asn1/x_spki.c
gcc  -I. -Iinclude -Iproviders/common/include -Iproviders/implementations/include  -DBSAES_ASM -DECP_NISTZ256_ASM -DECP_SM2P256_ASM -DKECCAK1600_ASM -DMD5_ASM -DOPENSSL_BN_ASM_MONT -DOPENSSL_CPUID_OBJ -DOPENSSL_SM3_ASM -DPOLY1305_ASM -DSHA1_ASM -DSHA256_ASM -DSHA512_ASM -DSM4_ASM -DVPAES_ASM -DVPSM4_ASM -fPIC -pthread -Wa,--noexecstack -Wall -O3 -DOPENSSL_USE_NODELETE -DOPENSSL_PIC -DOPENSSLDIR="\"/opt/ossl-static/ssl\"" -DENGINESDIR="\"/opt/ossl-static/lib/engines-3\"" -DMODULESDIR="\"/opt/ossl-static/lib/ossl-modules\"" -DOPENSSL_BUILDING_OPENSSL -DNDEBUG  -MMD -MF crypto/asn1/libcrypto-lib-x_val.d.tmp -MT crypto/asn1/libcrypto-lib-x_val.o -c -o crypto/asn1/libcrypto-lib-x_val.o crypto/asn1/x_val.c
gcc  -I. -Iinclude -Iproviders/common/include -Iproviders/implementations/include  -DBSAES_ASM -DECP_NISTZ256_ASM -DECP_SM2P256_ASM -DKECCAK1600_ASM -DMD5_ASM -DOPENSSL_BN_ASM_MONT -DOPENSSL_CPUID_OBJ -DOPENSSL_SM3_ASM -DPOLY1305_ASM -DSHA1_ASM -DSHA256_ASM -DSHA512_ASM -DSM4_ASM -DVPAES_ASM -DVPSM4_ASM -fPIC -pthread -Wa,--noexecstack -Wall -O3 -DOPENSSL_USE_NODELETE -DOPENSSL_PIC -DOPENSSLDIR="\"/opt/ossl-static/ssl\"" -DENGINESDIR="\"/opt/ossl-static/lib/engines-3\"" -DMODULESDIR="\"/opt/ossl-static/lib/ossl-modules\"" -DOPENSSL_BUILDING_OPENSSL -DNDEBUG  -MMD -MF crypto/async/arch/libcrypto-lib-async_null.d.tmp -MT crypto/async/arch/libcrypto-lib-async_null.o -c -o crypto/async/arch/libcrypto-lib-async_null.o crypto/async/arch/async_null.c
gcc  -I. -Iinclude -Iproviders/common/include -Iproviders/implementations/include  -DBSAES_ASM -DECP_NISTZ256_ASM -DECP_SM2P256_ASM -DKECCAK1600_ASM -DMD5_ASM -DOPENSSL_BN_ASM_MONT -DOPENSSL_CPUID_OBJ -DOPENSSL_SM3_ASM -DPOLY1305_ASM -DSHA1_ASM -DSHA256_ASM -DSHA512_ASM -DSM4_ASM -DVPAES_ASM -DVPSM4_ASM -fPIC -pthread -Wa,--noexecstack -Wall -O3 -DOPENSSL_USE_NODELETE -DOPENSSL_PIC -DOPENSSLDIR="\"/opt/ossl-static/ssl\"" -DENGINESDIR="\"/opt/ossl-static/lib/engines-3\"" -DMODULESDIR="\"/opt/ossl-static/lib/ossl-modules\"" -DOPENSSL_BUILDING_OPENSSL -DNDEBUG  -MMD -MF crypto/async/arch/libcrypto-lib-async_posix.d.tmp -MT crypto/async/arch/libcrypto-lib-async_posix.o -c -o crypto/async/arch/libcrypto-lib-async_posix.o crypto/async/arch/async_posix.c
gcc  -I. -Iinclude -Iproviders/common/include -Iproviders/implementations/include  -DBSAES_ASM -DECP_NISTZ256_ASM -DECP_SM2P256_ASM -DKECCAK1600_ASM -DMD5_ASM -DOPENSSL_BN_ASM_MONT -DOPENSSL_CPUID_OBJ -DOPENSSL_SM3_ASM -DPOLY1305_ASM -DSHA1_ASM -DSHA256_ASM -DSHA512_ASM -DSM4_ASM -DVPAES_ASM -DVPSM4_ASM -fPIC -pthread -Wa,--noexecstack -Wall -O3 -DOPENSSL_USE_NODELETE -DOPENSSL_PIC -DOPENSSLDIR="\"/opt/ossl-static/ssl\"" -DENGINESDIR="\"/opt/ossl-static/lib/engines-3\"" -DMODULESDIR="\"/opt/ossl-static/lib/ossl-modules\"" -DOPENSSL_BUILDING_OPENSSL -DNDEBUG  -MMD -MF crypto/async/arch/libcrypto-lib-async_win.d.tmp -MT crypto/async/arch/libcrypto-lib-async_win.o -c -o crypto/async/arch/libcrypto-lib-async_win.o crypto/async/arch/async_win.c
gcc  -I. -Iinclude -Iproviders/common/include -Iproviders/implementations/include  -DBSAES_ASM -DECP_NISTZ256_ASM -DECP_SM2P256_ASM -DKECCAK1600_ASM -DMD5_ASM -DOPENSSL_BN_ASM_MONT -DOPENSSL_CPUID_OBJ -DOPENSSL_SM3_ASM -DPOLY1305_ASM -DSHA1_ASM -DSHA256_ASM -DSHA512_ASM -DSM4_ASM -DVPAES_ASM -DVPSM4_ASM -fPIC -pthread -Wa,--noexecstack -Wall -O3 -DOPENSSL_USE_NODELETE -DOPENSSL_PIC -DOPENSSLDIR="\"/opt/ossl-static/ssl\"" -DENGINESDIR="\"/opt/ossl-static/lib/engines-3\"" -DMODULESDIR="\"/opt/ossl-static/lib/ossl-modules\"" -DOPENSSL_BUILDING_OPENSSL -DNDEBUG  -MMD -MF crypto/async/libcrypto-lib-async.d.tmp -MT crypto/async/libcrypto-lib-async.o -c -o crypto/async/libcrypto-lib-async.o crypto/async/async.c
gcc  -I. -Iinclude -Iproviders/common/include -Iproviders/implementations/include  -DBSAES_ASM -DECP_NISTZ256_ASM -DECP_SM2P256_ASM -DKECCAK1600_ASM -DMD5_ASM -DOPENSSL_BN_ASM_MONT -DOPENSSL_CPUID_OBJ -DOPENSSL_SM3_ASM -DPOLY1305_ASM -DSHA1_ASM -DSHA256_ASM -DSHA512_ASM -DSM4_ASM -DVPAES_ASM -DVPSM4_ASM -fPIC -pthread -Wa,--noexecstack -Wall -O3 -DOPENSSL_USE_NODELETE -DOPENSSL_PIC -DOPENSSLDIR="\"/opt/ossl-static/ssl\"" -DENGINESDIR="\"/opt/ossl-static/lib/engines-3\"" -DMODULESDIR="\"/opt/ossl-static/lib/ossl-modules\"" -DOPENSSL_BUILDING_OPENSSL -DNDEBUG  -MMD -MF crypto/async/libcrypto-lib-async_err.d.tmp -MT crypto/async/libcrypto-lib-async_err.o -c -o crypto/async/libcrypto-lib-async_err.o crypto/async/async_err.c
gcc  -I. -Iinclude -Iproviders/common/include -Iproviders/implementations/include  -DBSAES_ASM -DECP_NISTZ256_ASM -DECP_SM2P256_ASM -DKECCAK1600_ASM -DMD5_ASM -DOPENSSL_BN_ASM_MONT -DOPENSSL_CPUID_OBJ -DOPENSSL_SM3_ASM -DPOLY1305_ASM -DSHA1_ASM -DSHA256_ASM -DSHA512_ASM -DSM4_ASM -DVPAES_ASM -DVPSM4_ASM -fPIC -pthread -Wa,--noexecstack -Wall -O3 -DOPENSSL_USE_NODELETE -DOPENSSL_PIC -DOPENSSLDIR="\"/opt/ossl-static/ssl\"" -DENGINESDIR="\"/opt/ossl-static/lib/engines-3\"" -DMODULESDIR="\"/opt/ossl-static/lib/ossl-modules\"" -DOPENSSL_BUILDING_OPENSSL -DNDEBUG  -MMD -MF crypto/async/libcrypto-lib-async_wait.d.tmp -MT crypto/async/libcrypto-lib-async_wait.o -c -o crypto/async/libcrypto-lib-async_wait.o crypto/async/async_wait.c
gcc  -I. -Iinclude -Iproviders/common/include -Iproviders/implementations/include  -DBSAES_ASM -DECP_NISTZ256_ASM -DECP_SM2P256_ASM -DKECCAK1600_ASM -DMD5_ASM -DOPENSSL_BN_ASM_MONT -DOPENSSL_CPUID_OBJ -DOPENSSL_SM3_ASM -DPOLY1305_ASM -DSHA1_ASM -DSHA256_ASM -DSHA512_ASM -DSM4_ASM -DVPAES_ASM -DVPSM4_ASM -fPIC -pthread -Wa,--noexecstack -Wall -O3 -DOPENSSL_USE_NODELETE -DOPENSSL_PIC -DOPENSSLDIR="\"/opt/ossl-static/ssl\"" -DENGINESDIR="\"/opt/ossl-static/lib/engines-3\"" -DMODULESDIR="\"/opt/ossl-static/lib/ossl-modules\"" -DOPENSSL_BUILDING_OPENSSL -DNDEBUG  -MMD -MF crypto/bf/libcrypto-lib-bf_cfb64.d.tmp -MT crypto/bf/libcrypto-lib-bf_cfb64.o -c -o crypto/bf/libcrypto-lib-bf_cfb64.o crypto/bf/bf_cfb64.c
gcc  -I. -Iinclude -Iproviders/common/include -Iproviders/implementations/include  -DBSAES_ASM -DECP_NISTZ256_ASM -DECP_SM2P256_ASM -DKECCAK1600_ASM -DMD5_ASM -DOPENSSL_BN_ASM_MONT -DOPENSSL_CPUID_OBJ -DOPENSSL_SM3_ASM -DPOLY1305_ASM -DSHA1_ASM -DSHA256_ASM -DSHA512_ASM -DSM4_ASM -DVPAES_ASM -DVPSM4_ASM -fPIC -pthread -Wa,--noexecstack -Wall -O3 -DOPENSSL_USE_NODELETE -DOPENSSL_PIC -DOPENSSLDIR="\"/opt/ossl-static/ssl\"" -DENGINESDIR="\"/opt/ossl-static/lib/engines-3\"" -DMODULESDIR="\"/opt/ossl-static/lib/ossl-modules\"" -DOPENSSL_BUILDING_OPENSSL -DNDEBUG  -MMD -MF crypto/bf/libcrypto-lib-bf_ecb.d.tmp -MT crypto/bf/libcrypto-lib-bf_ecb.o -c -o crypto/bf/libcrypto-lib-bf_ecb.o crypto/bf/bf_ecb.c
gcc  -I. -Iinclude -Iproviders/common/include -Iproviders/implementations/include  -DBSAES_ASM -DECP_NISTZ256_ASM -DECP_SM2P256_ASM -DKECCAK1600_ASM -DMD5_ASM -DOPENSSL_BN_ASM_MONT -DOPENSSL_CPUID_OBJ -DOPENSSL_SM3_ASM -DPOLY1305_ASM -DSHA1_ASM -DSHA256_ASM -DSHA512_ASM -DSM4_ASM -DVPAES_ASM -DVPSM4_ASM -fPIC -pthread -Wa,--noexecstack -Wall -O3 -DOPENSSL_USE_NODELETE -DOPENSSL_PIC -DOPENSSLDIR="\"/opt/ossl-static/ssl\"" -DENGINESDIR="\"/opt/ossl-static/lib/engines-3\"" -DMODULESDIR="\"/opt/ossl-static/lib/ossl-modules\"" -DOPENSSL_BUILDING_OPENSSL -DNDEBUG  -MMD -MF crypto/bf/libcrypto-lib-bf_enc.d.tmp -MT crypto/bf/libcrypto-lib-bf_enc.o -c -o crypto/bf/libcrypto-lib-bf_enc.o crypto/bf/bf_enc.c
gcc  -I. -Iinclude -Iproviders/common/include -Iproviders/implementations/include  -DBSAES_ASM -DECP_NISTZ256_ASM -DECP_SM2P256_ASM -DKECCAK1600_ASM -DMD5_ASM -DOPENSSL_BN_ASM_MONT -DOPENSSL_CPUID_OBJ -DOPENSSL_SM3_ASM -DPOLY1305_ASM -DSHA1_ASM -DSHA256_ASM -DSHA512_ASM -DSM4_ASM -DVPAES_ASM -DVPSM4_ASM -fPIC -pthread -Wa,--noexecstack -Wall -O3 -DOPENSSL_USE_NODELETE -DOPENSSL_PIC -DOPENSSLDIR="\"/opt/ossl-static/ssl\"" -DENGINESDIR="\"/opt/ossl-static/lib/engines-3\"" -DMODULESDIR="\"/opt/ossl-static/lib/ossl-modules\"" -DOPENSSL_BUILDING_OPENSSL -DNDEBUG  -MMD -MF crypto/bf/libcrypto-lib-bf_ofb64.d.tmp -MT crypto/bf/libcrypto-lib-bf_ofb64.o -c -o crypto/bf/libcrypto-lib-bf_ofb64.o crypto/bf/bf_ofb64.c
gcc  -I. -Iinclude -Iproviders/common/include -Iproviders/implementations/include  -DBSAES_ASM -DECP_NISTZ256_ASM -DECP_SM2P256_ASM -DKECCAK1600_ASM -DMD5_ASM -DOPENSSL_BN_ASM_MONT -DOPENSSL_CPUID_OBJ -DOPENSSL_SM3_ASM -DPOLY1305_ASM -DSHA1_ASM -DSHA256_ASM -DSHA512_ASM -DSM4_ASM -DVPAES_ASM -DVPSM4_ASM -fPIC -pthread -Wa,--noexecstack -Wall -O3 -DOPENSSL_USE_NODELETE -DOPENSSL_PIC -DOPENSSLDIR="\"/opt/ossl-static/ssl\"" -DENGINESDIR="\"/opt/ossl-static/lib/engines-3\"" -DMODULESDIR="\"/opt/ossl-static/lib/ossl-modules\"" -DOPENSSL_BUILDING_OPENSSL -DNDEBUG  -MMD -MF crypto/bf/libcrypto-lib-bf_skey.d.tmp -MT crypto/bf/libcrypto-lib-bf_skey.o -c -o crypto/bf/libcrypto-lib-bf_skey.o crypto/bf/bf_skey.c
gcc  -I. -Iinclude -Iproviders/common/include -Iproviders/implementations/include  -DBSAES_ASM -DECP_NISTZ256_ASM -DECP_SM2P256_ASM -DKECCAK1600_ASM -DMD5_ASM -DOPENSSL_BN_ASM_MONT -DOPENSSL_CPUID_OBJ -DOPENSSL_SM3_ASM -DPOLY1305_ASM -DSHA1_ASM -DSHA256_ASM -DSHA512_ASM -DSM4_ASM -DVPAES_ASM -DVPSM4_ASM -fPIC -pthread -Wa,--noexecstack -Wall -O3 -DOPENSSL_USE_NODELETE -DOPENSSL_PIC -DOPENSSLDIR="\"/opt/ossl-static/ssl\"" -DENGINESDIR="\"/opt/ossl-static/lib/engines-3\"" -DMODULESDIR="\"/opt/ossl-static/lib/ossl-modules\"" -DOPENSSL_BUILDING_OPENSSL -DNDEBUG  -MMD -MF crypto/bio/libcrypto-lib-bf_buff.d.tmp -MT crypto/bio/libcrypto-lib-bf_buff.o -c -o crypto/bio/libcrypto-lib-bf_buff.o crypto/bio/bf_buff.c
gcc  -I. -Iinclude -Iproviders/common/include -Iproviders/implementations/include  -DBSAES_ASM -DECP_NISTZ256_ASM -DECP_SM2P256_ASM -DKECCAK1600_ASM -DMD5_ASM -DOPENSSL_BN_ASM_MONT -DOPENSSL_CPUID_OBJ -DOPENSSL_SM3_ASM -DPOLY1305_ASM -DSHA1_ASM -DSHA256_ASM -DSHA512_ASM -DSM4_ASM -DVPAES_ASM -DVPSM4_ASM -fPIC -pthread -Wa,--noexecstack -Wall -O3 -DOPENSSL_USE_NODELETE -DOPENSSL_PIC -DOPENSSLDIR="\"/opt/ossl-static/ssl\"" -DENGINESDIR="\"/opt/ossl-static/lib/engines-3\"" -DMODULESDIR="\"/opt/ossl-static/lib/ossl-modules\"" -DOPENSSL_BUILDING_OPENSSL -DNDEBUG  -MMD -MF crypto/bio/libcrypto-lib-bf_lbuf.d.tmp -MT crypto/bio/libcrypto-lib-bf_lbuf.o -c -o crypto/bio/libcrypto-lib-bf_lbuf.o crypto/bio/bf_lbuf.c
gcc  -I. -Iinclude -Iproviders/common/include -Iproviders/implementations/include  -DBSAES_ASM -DECP_NISTZ256_ASM -DECP_SM2P256_ASM -DKECCAK1600_ASM -DMD5_ASM -DOPENSSL_BN_ASM_MONT -DOPENSSL_CPUID_OBJ -DOPENSSL_SM3_ASM -DPOLY1305_ASM -DSHA1_ASM -DSHA256_ASM -DSHA512_ASM -DSM4_ASM -DVPAES_ASM -DVPSM4_ASM -fPIC -pthread -Wa,--noexecstack -Wall -O3 -DOPENSSL_USE_NODELETE -DOPENSSL_PIC -DOPENSSLDIR="\"/opt/ossl-static/ssl\"" -DENGINESDIR="\"/opt/ossl-static/lib/engines-3\"" -DMODULESDIR="\"/opt/ossl-static/lib/ossl-modules\"" -DOPENSSL_BUILDING_OPENSSL -DNDEBUG  -MMD -MF crypto/bio/libcrypto-lib-bf_nbio.d.tmp -MT crypto/bio/libcrypto-lib-bf_nbio.o -c -o crypto/bio/libcrypto-lib-bf_nbio.o crypto/bio/bf_nbio.c
gcc  -I. -Iinclude -Iproviders/common/include -Iproviders/implementations/include  -DBSAES_ASM -DECP_NISTZ256_ASM -DECP_SM2P256_ASM -DKECCAK1600_ASM -DMD5_ASM -DOPENSSL_BN_ASM_MONT -DOPENSSL_CPUID_OBJ -DOPENSSL_SM3_ASM -DPOLY1305_ASM -DSHA1_ASM -DSHA256_ASM -DSHA512_ASM -DSM4_ASM -DVPAES_ASM -DVPSM4_ASM -fPIC -pthread -Wa,--noexecstack -Wall -O3 -DOPENSSL_USE_NODELETE -DOPENSSL_PIC -DOPENSSLDIR="\"/opt/ossl-static/ssl\"" -DENGINESDIR="\"/opt/ossl-static/lib/engines-3\"" -DMODULESDIR="\"/opt/ossl-static/lib/ossl-modules\"" -DOPENSSL_BUILDING_OPENSSL -DNDEBUG  -MMD -MF crypto/bio/libcrypto-lib-bf_null.d.tmp -MT crypto/bio/libcrypto-lib-bf_null.o -c -o crypto/bio/libcrypto-lib-bf_null.o crypto/bio/bf_null.c
gcc  -I. -Iinclude -Iproviders/common/include -Iproviders/implementations/include  -DBSAES_ASM -DECP_NISTZ256_ASM -DECP_SM2P256_ASM -DKECCAK1600_ASM -DMD5_ASM -DOPENSSL_BN_ASM_MONT -DOPENSSL_CPUID_OBJ -DOPENSSL_SM3_ASM -DPOLY1305_ASM -DSHA1_ASM -DSHA256_ASM -DSHA512_ASM -DSM4_ASM -DVPAES_ASM -DVPSM4_ASM -fPIC -pthread -Wa,--noexecstack -Wall -O3 -DOPENSSL_USE_NODELETE -DOPENSSL_PIC -DOPENSSLDIR="\"/opt/ossl-static/ssl\"" -DENGINESDIR="\"/opt/ossl-static/lib/engines-3\"" -DMODULESDIR="\"/opt/ossl-static/lib/ossl-modules\"" -DOPENSSL_BUILDING_OPENSSL -DNDEBUG  -MMD -MF crypto/bio/libcrypto-lib-bf_prefix.d.tmp -MT crypto/bio/libcrypto-lib-bf_prefix.o -c -o crypto/bio/libcrypto-lib-bf_prefix.o crypto/bio/bf_prefix.c
gcc  -I. -Iinclude -Iproviders/common/include -Iproviders/implementations/include  -DBSAES_ASM -DECP_NISTZ256_ASM -DECP_SM2P256_ASM -DKECCAK1600_ASM -DMD5_ASM -DOPENSSL_BN_ASM_MONT -DOPENSSL_CPUID_OBJ -DOPENSSL_SM3_ASM -DPOLY1305_ASM -DSHA1_ASM -DSHA256_ASM -DSHA512_ASM -DSM4_ASM -DVPAES_ASM -DVPSM4_ASM -fPIC -pthread -Wa,--noexecstack -Wall -O3 -DOPENSSL_USE_NODELETE -DOPENSSL_PIC -DOPENSSLDIR="\"/opt/ossl-static/ssl\"" -DENGINESDIR="\"/opt/ossl-static/lib/engines-3\"" -DMODULESDIR="\"/opt/ossl-static/lib/ossl-modules\"" -DOPENSSL_BUILDING_OPENSSL -DNDEBUG  -MMD -MF crypto/bio/libcrypto-lib-bf_readbuff.d.tmp -MT crypto/bio/libcrypto-lib-bf_readbuff.o -c -o crypto/bio/libcrypto-lib-bf_readbuff.o crypto/bio/bf_readbuff.c
gcc  -I. -Iinclude -Iproviders/common/include -Iproviders/implementations/include  -DBSAES_ASM -DECP_NISTZ256_ASM -DECP_SM2P256_ASM -DKECCAK1600_ASM -DMD5_ASM -DOPENSSL_BN_ASM_MONT -DOPENSSL_CPUID_OBJ -DOPENSSL_SM3_ASM -DPOLY1305_ASM -DSHA1_ASM -DSHA256_ASM -DSHA512_ASM -DSM4_ASM -DVPAES_ASM -DVPSM4_ASM -fPIC -pthread -Wa,--noexecstack -Wall -O3 -DOPENSSL_USE_NODELETE -DOPENSSL_PIC -DOPENSSLDIR="\"/opt/ossl-static/ssl\"" -DENGINESDIR="\"/opt/ossl-static/lib/engines-3\"" -DMODULESDIR="\"/opt/ossl-static/lib/ossl-modules\"" -DOPENSSL_BUILDING_OPENSSL -DNDEBUG  -MMD -MF crypto/bio/libcrypto-lib-bio_addr.d.tmp -MT crypto/bio/libcrypto-lib-bio_addr.o -c -o crypto/bio/libcrypto-lib-bio_addr.o crypto/bio/bio_addr.c
gcc  -I. -Iinclude -Iproviders/common/include -Iproviders/implementations/include  -DBSAES_ASM -DECP_NISTZ256_ASM -DECP_SM2P256_ASM -DKECCAK1600_ASM -DMD5_ASM -DOPENSSL_BN_ASM_MONT -DOPENSSL_CPUID_OBJ -DOPENSSL_SM3_ASM -DPOLY1305_ASM -DSHA1_ASM -DSHA256_ASM -DSHA512_ASM -DSM4_ASM -DVPAES_ASM -DVPSM4_ASM -fPIC -pthread -Wa,--noexecstack -Wall -O3 -DOPENSSL_USE_NODELETE -DOPENSSL_PIC -DOPENSSLDIR="\"/opt/ossl-static/ssl\"" -DENGINESDIR="\"/opt/ossl-static/lib/engines-3\"" -DMODULESDIR="\"/opt/ossl-static/lib/ossl-modules\"" -DOPENSSL_BUILDING_OPENSSL -DNDEBUG  -MMD -MF crypto/bio/libcrypto-lib-bio_cb.d.tmp -MT crypto/bio/libcrypto-lib-bio_cb.o -c -o crypto/bio/libcrypto-lib-bio_cb.o crypto/bio/bio_cb.c
gcc  -I. -Iinclude -Iproviders/common/include -Iproviders/implementations/include  -DBSAES_ASM -DECP_NISTZ256_ASM -DECP_SM2P256_ASM -DKECCAK1600_ASM -DMD5_ASM -DOPENSSL_BN_ASM_MONT -DOPENSSL_CPUID_OBJ -DOPENSSL_SM3_ASM -DPOLY1305_ASM -DSHA1_ASM -DSHA256_ASM -DSHA512_ASM -DSM4_ASM -DVPAES_ASM -DVPSM4_ASM -fPIC -pthread -Wa,--noexecstack -Wall -O3 -DOPENSSL_USE_NODELETE -DOPENSSL_PIC -DOPENSSLDIR="\"/opt/ossl-static/ssl\"" -DENGINESDIR="\"/opt/ossl-static/lib/engines-3\"" -DMODULESDIR="\"/opt/ossl-static/lib/ossl-modules\"" -DOPENSSL_BUILDING_OPENSSL -DNDEBUG  -MMD -MF crypto/bio/libcrypto-lib-bio_dump.d.tmp -MT crypto/bio/libcrypto-lib-bio_dump.o -c -o crypto/bio/libcrypto-lib-bio_dump.o crypto/bio/bio_dump.c
gcc  -I. -Iinclude -Iproviders/common/include -Iproviders/implementations/include  -DBSAES_ASM -DECP_NISTZ256_ASM -DECP_SM2P256_ASM -DKECCAK1600_ASM -DMD5_ASM -DOPENSSL_BN_ASM_MONT -DOPENSSL_CPUID_OBJ -DOPENSSL_SM3_ASM -DPOLY1305_ASM -DSHA1_ASM -DSHA256_ASM -DSHA512_ASM -DSM4_ASM -DVPAES_ASM -DVPSM4_ASM -fPIC -pthread -Wa,--noexecstack -Wall -O3 -DOPENSSL_USE_NODELETE -DOPENSSL_PIC -DOPENSSLDIR="\"/opt/ossl-static/ssl\"" -DENGINESDIR="\"/opt/ossl-static/lib/engines-3\"" -DMODULESDIR="\"/opt/ossl-static/lib/ossl-modules\"" -DOPENSSL_BUILDING_OPENSSL -DNDEBUG  -MMD -MF crypto/bio/libcrypto-lib-bio_err.d.tmp -MT crypto/bio/libcrypto-lib-bio_err.o -c -o crypto/bio/libcrypto-lib-bio_err.o crypto/bio/bio_err.c
gcc  -I. -Iinclude -Iproviders/common/include -Iproviders/implementations/include  -DBSAES_ASM -DECP_NISTZ256_ASM -DECP_SM2P256_ASM -DKECCAK1600_ASM -DMD5_ASM -DOPENSSL_BN_ASM_MONT -DOPENSSL_CPUID_OBJ -DOPENSSL_SM3_ASM -DPOLY1305_ASM -DSHA1_ASM -DSHA256_ASM -DSHA512_ASM -DSM4_ASM -DVPAES_ASM -DVPSM4_ASM -fPIC -pthread -Wa,--noexecstack -Wall -O3 -DOPENSSL_USE_NODELETE -DOPENSSL_PIC -DOPENSSLDIR="\"/opt/ossl-static/ssl\"" -DENGINESDIR="\"/opt/ossl-static/lib/engines-3\"" -DMODULESDIR="\"/opt/ossl-static/lib/ossl-modules\"" -DOPENSSL_BUILDING_OPENSSL -DNDEBUG  -MMD -MF crypto/bio/libcrypto-lib-bio_lib.d.tmp -MT crypto/bio/libcrypto-lib-bio_lib.o -c -o crypto/bio/libcrypto-lib-bio_lib.o crypto/bio/bio_lib.c
gcc  -I. -Iinclude -Iproviders/common/include -Iproviders/implementations/include  -DBSAES_ASM -DECP_NISTZ256_ASM -DECP_SM2P256_ASM -DKECCAK1600_ASM -DMD5_ASM -DOPENSSL_BN_ASM_MONT -DOPENSSL_CPUID_OBJ -DOPENSSL_SM3_ASM -DPOLY1305_ASM -DSHA1_ASM -DSHA256_ASM -DSHA512_ASM -DSM4_ASM -DVPAES_ASM -DVPSM4_ASM -fPIC -pthread -Wa,--noexecstack -Wall -O3 -DOPENSSL_USE_NODELETE -DOPENSSL_PIC -DOPENSSLDIR="\"/opt/ossl-static/ssl\"" -DENGINESDIR="\"/opt/ossl-static/lib/engines-3\"" -DMODULESDIR="\"/opt/ossl-static/lib/ossl-modules\"" -DOPENSSL_BUILDING_OPENSSL -DNDEBUG  -MMD -MF crypto/bio/libcrypto-lib-bio_meth.d.tmp -MT crypto/bio/libcrypto-lib-bio_meth.o -c -o crypto/bio/libcrypto-lib-bio_meth.o crypto/bio/bio_meth.c
gcc  -I. -Iinclude -Iproviders/common/include -Iproviders/implementations/include  -DBSAES_ASM -DECP_NISTZ256_ASM -DECP_SM2P256_ASM -DKECCAK1600_ASM -DMD5_ASM -DOPENSSL_BN_ASM_MONT -DOPENSSL_CPUID_OBJ -DOPENSSL_SM3_ASM -DPOLY1305_ASM -DSHA1_ASM -DSHA256_ASM -DSHA512_ASM -DSM4_ASM -DVPAES_ASM -DVPSM4_ASM -fPIC -pthread -Wa,--noexecstack -Wall -O3 -DOPENSSL_USE_NODELETE -DOPENSSL_PIC -DOPENSSLDIR="\"/opt/ossl-static/ssl\"" -DENGINESDIR="\"/opt/ossl-static/lib/engines-3\"" -DMODULESDIR="\"/opt/ossl-static/lib/ossl-modules\"" -DOPENSSL_BUILDING_OPENSSL -DNDEBUG  -MMD -MF crypto/bio/libcrypto-lib-bio_print.d.tmp -MT crypto/bio/libcrypto-lib-bio_print.o -c -o crypto/bio/libcrypto-lib-bio_print.o crypto/bio/bio_print.c
gcc  -I. -Iinclude -Iproviders/common/include -Iproviders/implementations/include  -DBSAES_ASM -DECP_NISTZ256_ASM -DECP_SM2P256_ASM -DKECCAK1600_ASM -DMD5_ASM -DOPENSSL_BN_ASM_MONT -DOPENSSL_CPUID_OBJ -DOPENSSL_SM3_ASM -DPOLY1305_ASM -DSHA1_ASM -DSHA256_ASM -DSHA512_ASM -DSM4_ASM -DVPAES_ASM -DVPSM4_ASM -fPIC -pthread -Wa,--noexecstack -Wall -O3 -DOPENSSL_USE_NODELETE -DOPENSSL_PIC -DOPENSSLDIR="\"/opt/ossl-static/ssl\"" -DENGINESDIR="\"/opt/ossl-static/lib/engines-3\"" -DMODULESDIR="\"/opt/ossl-static/lib/ossl-modules\"" -DOPENSSL_BUILDING_OPENSSL -DNDEBUG  -MMD -MF crypto/bio/libcrypto-lib-bio_sock.d.tmp -MT crypto/bio/libcrypto-lib-bio_sock.o -c -o crypto/bio/libcrypto-lib-bio_sock.o crypto/bio/bio_sock.c
gcc  -I. -Iinclude -Iproviders/common/include -Iproviders/implementations/include  -DBSAES_ASM -DECP_NISTZ256_ASM -DECP_SM2P256_ASM -DKECCAK1600_ASM -DMD5_ASM -DOPENSSL_BN_ASM_MONT -DOPENSSL_CPUID_OBJ -DOPENSSL_SM3_ASM -DPOLY1305_ASM -DSHA1_ASM -DSHA256_ASM -DSHA512_ASM -DSM4_ASM -DVPAES_ASM -DVPSM4_ASM -fPIC -pthread -Wa,--noexecstack -Wall -O3 -DOPENSSL_USE_NODELETE -DOPENSSL_PIC -DOPENSSLDIR="\"/opt/ossl-static/ssl\"" -DENGINESDIR="\"/opt/ossl-static/lib/engines-3\"" -DMODULESDIR="\"/opt/ossl-static/lib/ossl-modules\"" -DOPENSSL_BUILDING_OPENSSL -DNDEBUG  -MMD -MF crypto/bio/libcrypto-lib-bio_sock2.d.tmp -MT crypto/bio/libcrypto-lib-bio_sock2.o -c -o crypto/bio/libcrypto-lib-bio_sock2.o crypto/bio/bio_sock2.c
gcc  -I. -Iinclude -Iproviders/common/include -Iproviders/implementations/include  -DBSAES_ASM -DECP_NISTZ256_ASM -DECP_SM2P256_ASM -DKECCAK1600_ASM -DMD5_ASM -DOPENSSL_BN_ASM_MONT -DOPENSSL_CPUID_OBJ -DOPENSSL_SM3_ASM -DPOLY1305_ASM -DSHA1_ASM -DSHA256_ASM -DSHA512_ASM -DSM4_ASM -DVPAES_ASM -DVPSM4_ASM -fPIC -pthread -Wa,--noexecstack -Wall -O3 -DOPENSSL_USE_NODELETE -DOPENSSL_PIC -DOPENSSLDIR="\"/opt/ossl-static/ssl\"" -DENGINESDIR="\"/opt/ossl-static/lib/engines-3\"" -DMODULESDIR="\"/opt/ossl-static/lib/ossl-modules\"" -DOPENSSL_BUILDING_OPENSSL -DNDEBUG  -MMD -MF crypto/bio/libcrypto-lib-bss_acpt.d.tmp -MT crypto/bio/libcrypto-lib-bss_acpt.o -c -o crypto/bio/libcrypto-lib-bss_acpt.o crypto/bio/bss_acpt.c
gcc  -I. -Iinclude -Iproviders/common/include -Iproviders/implementations/include  -DBSAES_ASM -DECP_NISTZ256_ASM -DECP_SM2P256_ASM -DKECCAK1600_ASM -DMD5_ASM -DOPENSSL_BN_ASM_MONT -DOPENSSL_CPUID_OBJ -DOPENSSL_SM3_ASM -DPOLY1305_ASM -DSHA1_ASM -DSHA256_ASM -DSHA512_ASM -DSM4_ASM -DVPAES_ASM -DVPSM4_ASM -fPIC -pthread -Wa,--noexecstack -Wall -O3 -DOPENSSL_USE_NODELETE -DOPENSSL_PIC -DOPENSSLDIR="\"/opt/ossl-static/ssl\"" -DENGINESDIR="\"/opt/ossl-static/lib/engines-3\"" -DMODULESDIR="\"/opt/ossl-static/lib/ossl-modules\"" -DOPENSSL_BUILDING_OPENSSL -DNDEBUG  -MMD -MF crypto/bio/libcrypto-lib-bss_bio.d.tmp -MT crypto/bio/libcrypto-lib-bss_bio.o -c -o crypto/bio/libcrypto-lib-bss_bio.o crypto/bio/bss_bio.c
gcc  -I. -Iinclude -Iproviders/common/include -Iproviders/implementations/include  -DBSAES_ASM -DECP_NISTZ256_ASM -DECP_SM2P256_ASM -DKECCAK1600_ASM -DMD5_ASM -DOPENSSL_BN_ASM_MONT -DOPENSSL_CPUID_OBJ -DOPENSSL_SM3_ASM -DPOLY1305_ASM -DSHA1_ASM -DSHA256_ASM -DSHA512_ASM -DSM4_ASM -DVPAES_ASM -DVPSM4_ASM -fPIC -pthread -Wa,--noexecstack -Wall -O3 -DOPENSSL_USE_NODELETE -DOPENSSL_PIC -DOPENSSLDIR="\"/opt/ossl-static/ssl\"" -DENGINESDIR="\"/opt/ossl-static/lib/engines-3\"" -DMODULESDIR="\"/opt/ossl-static/lib/ossl-modules\"" -DOPENSSL_BUILDING_OPENSSL -DNDEBUG  -MMD -MF crypto/bio/libcrypto-lib-bss_conn.d.tmp -MT crypto/bio/libcrypto-lib-bss_conn.o -c -o crypto/bio/libcrypto-lib-bss_conn.o crypto/bio/bss_conn.c
gcc  -I. -Iinclude -Iproviders/common/include -Iproviders/implementations/include  -DBSAES_ASM -DECP_NISTZ256_ASM -DECP_SM2P256_ASM -DKECCAK1600_ASM -DMD5_ASM -DOPENSSL_BN_ASM_MONT -DOPENSSL_CPUID_OBJ -DOPENSSL_SM3_ASM -DPOLY1305_ASM -DSHA1_ASM -DSHA256_ASM -DSHA512_ASM -DSM4_ASM -DVPAES_ASM -DVPSM4_ASM -fPIC -pthread -Wa,--noexecstack -Wall -O3 -DOPENSSL_USE_NODELETE -DOPENSSL_PIC -DOPENSSLDIR="\"/opt/ossl-static/ssl\"" -DENGINESDIR="\"/opt/ossl-static/lib/engines-3\"" -DMODULESDIR="\"/opt/ossl-static/lib/ossl-modules\"" -DOPENSSL_BUILDING_OPENSSL -DNDEBUG  -MMD -MF crypto/bio/libcrypto-lib-bss_core.d.tmp -MT crypto/bio/libcrypto-lib-bss_core.o -c -o crypto/bio/libcrypto-lib-bss_core.o crypto/bio/bss_core.c
gcc  -I. -Iinclude -Iproviders/common/include -Iproviders/implementations/include  -DBSAES_ASM -DECP_NISTZ256_ASM -DECP_SM2P256_ASM -DKECCAK1600_ASM -DMD5_ASM -DOPENSSL_BN_ASM_MONT -DOPENSSL_CPUID_OBJ -DOPENSSL_SM3_ASM -DPOLY1305_ASM -DSHA1_ASM -DSHA256_ASM -DSHA512_ASM -DSM4_ASM -DVPAES_ASM -DVPSM4_ASM -fPIC -pthread -Wa,--noexecstack -Wall -O3 -DOPENSSL_USE_NODELETE -DOPENSSL_PIC -DOPENSSLDIR="\"/opt/ossl-static/ssl\"" -DENGINESDIR="\"/opt/ossl-static/lib/engines-3\"" -DMODULESDIR="\"/opt/ossl-static/lib/ossl-modules\"" -DOPENSSL_BUILDING_OPENSSL -DNDEBUG  -MMD -MF crypto/bio/libcrypto-lib-bss_dgram.d.tmp -MT crypto/bio/libcrypto-lib-bss_dgram.o -c -o crypto/bio/libcrypto-lib-bss_dgram.o crypto/bio/bss_dgram.c
gcc  -I. -Iinclude -Iproviders/common/include -Iproviders/implementations/include  -DBSAES_ASM -DECP_NISTZ256_ASM -DECP_SM2P256_ASM -DKECCAK1600_ASM -DMD5_ASM -DOPENSSL_BN_ASM_MONT -DOPENSSL_CPUID_OBJ -DOPENSSL_SM3_ASM -DPOLY1305_ASM -DSHA1_ASM -DSHA256_ASM -DSHA512_ASM -DSM4_ASM -DVPAES_ASM -DVPSM4_ASM -fPIC -pthread -Wa,--noexecstack -Wall -O3 -DOPENSSL_USE_NODELETE -DOPENSSL_PIC -DOPENSSLDIR="\"/opt/ossl-static/ssl\"" -DENGINESDIR="\"/opt/ossl-static/lib/engines-3\"" -DMODULESDIR="\"/opt/ossl-static/lib/ossl-modules\"" -DOPENSSL_BUILDING_OPENSSL -DNDEBUG  -MMD -MF crypto/bio/libcrypto-lib-bss_dgram_pair.d.tmp -MT crypto/bio/libcrypto-lib-bss_dgram_pair.o -c -o crypto/bio/libcrypto-lib-bss_dgram_pair.o crypto/bio/bss_dgram_pair.c
gcc  -I. -Iinclude -Iproviders/common/include -Iproviders/implementations/include  -DBSAES_ASM -DECP_NISTZ256_ASM -DECP_SM2P256_ASM -DKECCAK1600_ASM -DMD5_ASM -DOPENSSL_BN_ASM_MONT -DOPENSSL_CPUID_OBJ -DOPENSSL_SM3_ASM -DPOLY1305_ASM -DSHA1_ASM -DSHA256_ASM -DSHA512_ASM -DSM4_ASM -DVPAES_ASM -DVPSM4_ASM -fPIC -pthread -Wa,--noexecstack -Wall -O3 -DOPENSSL_USE_NODELETE -DOPENSSL_PIC -DOPENSSLDIR="\"/opt/ossl-static/ssl\"" -DENGINESDIR="\"/opt/ossl-static/lib/engines-3\"" -DMODULESDIR="\"/opt/ossl-static/lib/ossl-modules\"" -DOPENSSL_BUILDING_OPENSSL -DNDEBUG  -MMD -MF crypto/bio/libcrypto-lib-bss_fd.d.tmp -MT crypto/bio/libcrypto-lib-bss_fd.o -c -o crypto/bio/libcrypto-lib-bss_fd.o crypto/bio/bss_fd.c
gcc  -I. -Iinclude -Iproviders/common/include -Iproviders/implementations/include  -DBSAES_ASM -DECP_NISTZ256_ASM -DECP_SM2P256_ASM -DKECCAK1600_ASM -DMD5_ASM -DOPENSSL_BN_ASM_MONT -DOPENSSL_CPUID_OBJ -DOPENSSL_SM3_ASM -DPOLY1305_ASM -DSHA1_ASM -DSHA256_ASM -DSHA512_ASM -DSM4_ASM -DVPAES_ASM -DVPSM4_ASM -fPIC -pthread -Wa,--noexecstack -Wall -O3 -DOPENSSL_USE_NODELETE -DOPENSSL_PIC -DOPENSSLDIR="\"/opt/ossl-static/ssl\"" -DENGINESDIR="\"/opt/ossl-static/lib/engines-3\"" -DMODULESDIR="\"/opt/ossl-static/lib/ossl-modules\"" -DOPENSSL_BUILDING_OPENSSL -DNDEBUG  -MMD -MF crypto/bio/libcrypto-lib-bss_file.d.tmp -MT crypto/bio/libcrypto-lib-bss_file.o -c -o crypto/bio/libcrypto-lib-bss_file.o crypto/bio/bss_file.c
gcc  -I. -Iinclude -Iproviders/common/include -Iproviders/implementations/include  -DBSAES_ASM -DECP_NISTZ256_ASM -DECP_SM2P256_ASM -DKECCAK1600_ASM -DMD5_ASM -DOPENSSL_BN_ASM_MONT -DOPENSSL_CPUID_OBJ -DOPENSSL_SM3_ASM -DPOLY1305_ASM -DSHA1_ASM -DSHA256_ASM -DSHA512_ASM -DSM4_ASM -DVPAES_ASM -DVPSM4_ASM -fPIC -pthread -Wa,--noexecstack -Wall -O3 -DOPENSSL_USE_NODELETE -DOPENSSL_PIC -DOPENSSLDIR="\"/opt/ossl-static/ssl\"" -DENGINESDIR="\"/opt/ossl-static/lib/engines-3\"" -DMODULESDIR="\"/opt/ossl-static/lib/ossl-modules\"" -DOPENSSL_BUILDING_OPENSSL -DNDEBUG  -MMD -MF crypto/bio/libcrypto-lib-bss_log.d.tmp -MT crypto/bio/libcrypto-lib-bss_log.o -c -o crypto/bio/libcrypto-lib-bss_log.o crypto/bio/bss_log.c
gcc  -I. -Iinclude -Iproviders/common/include -Iproviders/implementations/include  -DBSAES_ASM -DECP_NISTZ256_ASM -DECP_SM2P256_ASM -DKECCAK1600_ASM -DMD5_ASM -DOPENSSL_BN_ASM_MONT -DOPENSSL_CPUID_OBJ -DOPENSSL_SM3_ASM -DPOLY1305_ASM -DSHA1_ASM -DSHA256_ASM -DSHA512_ASM -DSM4_ASM -DVPAES_ASM -DVPSM4_ASM -fPIC -pthread -Wa,--noexecstack -Wall -O3 -DOPENSSL_USE_NODELETE -DOPENSSL_PIC -DOPENSSLDIR="\"/opt/ossl-static/ssl\"" -DENGINESDIR="\"/opt/ossl-static/lib/engines-3\"" -DMODULESDIR="\"/opt/ossl-static/lib/ossl-modules\"" -DOPENSSL_BUILDING_OPENSSL -DNDEBUG  -MMD -MF crypto/bio/libcrypto-lib-bss_mem.d.tmp -MT crypto/bio/libcrypto-lib-bss_mem.o -c -o crypto/bio/libcrypto-lib-bss_mem.o crypto/bio/bss_mem.c
gcc  -I. -Iinclude -Iproviders/common/include -Iproviders/implementations/include  -DBSAES_ASM -DECP_NISTZ256_ASM -DECP_SM2P256_ASM -DKECCAK1600_ASM -DMD5_ASM -DOPENSSL_BN_ASM_MONT -DOPENSSL_CPUID_OBJ -DOPENSSL_SM3_ASM -DPOLY1305_ASM -DSHA1_ASM -DSHA256_ASM -DSHA512_ASM -DSM4_ASM -DVPAES_ASM -DVPSM4_ASM -fPIC -pthread -Wa,--noexecstack -Wall -O3 -DOPENSSL_USE_NODELETE -DOPENSSL_PIC -DOPENSSLDIR="\"/opt/ossl-static/ssl\"" -DENGINESDIR="\"/opt/ossl-static/lib/engines-3\"" -DMODULESDIR="\"/opt/ossl-static/lib/ossl-modules\"" -DOPENSSL_BUILDING_OPENSSL -DNDEBUG  -MMD -MF crypto/bio/libcrypto-lib-bss_null.d.tmp -MT crypto/bio/libcrypto-lib-bss_null.o -c -o crypto/bio/libcrypto-lib-bss_null.o crypto/bio/bss_null.c
gcc  -I. -Iinclude -Iproviders/common/include -Iproviders/implementations/include  -DBSAES_ASM -DECP_NISTZ256_ASM -DECP_SM2P256_ASM -DKECCAK1600_ASM -DMD5_ASM -DOPENSSL_BN_ASM_MONT -DOPENSSL_CPUID_OBJ -DOPENSSL_SM3_ASM -DPOLY1305_ASM -DSHA1_ASM -DSHA256_ASM -DSHA512_ASM -DSM4_ASM -DVPAES_ASM -DVPSM4_ASM -fPIC -pthread -Wa,--noexecstack -Wall -O3 -DOPENSSL_USE_NODELETE -DOPENSSL_PIC -DOPENSSLDIR="\"/opt/ossl-static/ssl\"" -DENGINESDIR="\"/opt/ossl-static/lib/engines-3\"" -DMODULESDIR="\"/opt/ossl-static/lib/ossl-modules\"" -DOPENSSL_BUILDING_OPENSSL -DNDEBUG  -MMD -MF crypto/bio/libcrypto-lib-bss_sock.d.tmp -MT crypto/bio/libcrypto-lib-bss_sock.o -c -o crypto/bio/libcrypto-lib-bss_sock.o crypto/bio/bss_sock.c
gcc  -I. -Iinclude -Iproviders/common/include -Iproviders/implementations/include  -DBSAES_ASM -DECP_NISTZ256_ASM -DECP_SM2P256_ASM -DKECCAK1600_ASM -DMD5_ASM -DOPENSSL_BN_ASM_MONT -DOPENSSL_CPUID_OBJ -DOPENSSL_SM3_ASM -DPOLY1305_ASM -DSHA1_ASM -DSHA256_ASM -DSHA512_ASM -DSM4_ASM -DVPAES_ASM -DVPSM4_ASM -fPIC -pthread -Wa,--noexecstack -Wall -O3 -DOPENSSL_USE_NODELETE -DOPENSSL_PIC -DOPENSSLDIR="\"/opt/ossl-static/ssl\"" -DENGINESDIR="\"/opt/ossl-static/lib/engines-3\"" -DMODULESDIR="\"/opt/ossl-static/lib/ossl-modules\"" -DOPENSSL_BUILDING_OPENSSL -DNDEBUG  -MMD -MF crypto/bio/libcrypto-lib-ossl_core_bio.d.tmp -MT crypto/bio/libcrypto-lib-ossl_core_bio.o -c -o crypto/bio/libcrypto-lib-ossl_core_bio.o crypto/bio/ossl_core_bio.c
CC="gcc" perl crypto/bn/asm/armv8-mont.pl "linux64" -Icrypto -I. -Iinclude -Iproviders/common/include -Iproviders/implementations/include -fPIC -pthread -Wa,--noexecstack -Wall -O3 -DOPENSSL_USE_NODELETE -DOPENSSL_PIC -DOPENSSLDIR="\"/opt/ossl-static/ssl\"" -DENGINESDIR="\"/opt/ossl-static/lib/engines-3\"" -DMODULESDIR="\"/opt/ossl-static/lib/ossl-modules\"" -DOPENSSL_BUILDING_OPENSSL -DNDEBUG  -DBSAES_ASM -DECP_NISTZ256_ASM -DECP_SM2P256_ASM -DKECCAK1600_ASM -DMD5_ASM -DOPENSSL_BN_ASM_MONT -DOPENSSL_CPUID_OBJ -DOPENSSL_SM3_ASM -DPOLY1305_ASM -DSHA1_ASM -DSHA256_ASM -DSHA512_ASM -DSM4_ASM -DVPAES_ASM -DVPSM4_ASM  crypto/bn/armv8-mont.S
gcc  -I. -Iinclude -Iproviders/common/include -Iproviders/implementations/include  -DBSAES_ASM -DECP_NISTZ256_ASM -DECP_SM2P256_ASM -DKECCAK1600_ASM -DMD5_ASM -DOPENSSL_BN_ASM_MONT -DOPENSSL_CPUID_OBJ -DOPENSSL_SM3_ASM -DPOLY1305_ASM -DSHA1_ASM -DSHA256_ASM -DSHA512_ASM -DSM4_ASM -DVPAES_ASM -DVPSM4_ASM -fPIC -pthread -Wa,--noexecstack -Wall -O3 -DOPENSSL_USE_NODELETE -DOPENSSL_PIC -DOPENSSLDIR="\"/opt/ossl-static/ssl\"" -DENGINESDIR="\"/opt/ossl-static/lib/engines-3\"" -DMODULESDIR="\"/opt/ossl-static/lib/ossl-modules\"" -DOPENSSL_BUILDING_OPENSSL -DNDEBUG  -MMD -MF crypto/bn/libcrypto-lib-bn_add.d.tmp -MT crypto/bn/libcrypto-lib-bn_add.o -c -o crypto/bn/libcrypto-lib-bn_add.o crypto/bn/bn_add.c
gcc  -I. -Iinclude -Iproviders/common/include -Iproviders/implementations/include  -DBSAES_ASM -DECP_NISTZ256_ASM -DECP_SM2P256_ASM -DKECCAK1600_ASM -DMD5_ASM -DOPENSSL_BN_ASM_MONT -DOPENSSL_CPUID_OBJ -DOPENSSL_SM3_ASM -DPOLY1305_ASM -DSHA1_ASM -DSHA256_ASM -DSHA512_ASM -DSM4_ASM -DVPAES_ASM -DVPSM4_ASM -fPIC -pthread -Wa,--noexecstack -Wall -O3 -DOPENSSL_USE_NODELETE -DOPENSSL_PIC -DOPENSSLDIR="\"/opt/ossl-static/ssl\"" -DENGINESDIR="\"/opt/ossl-static/lib/engines-3\"" -DMODULESDIR="\"/opt/ossl-static/lib/ossl-modules\"" -DOPENSSL_BUILDING_OPENSSL -DNDEBUG  -MMD -MF crypto/bn/libcrypto-lib-bn_asm.d.tmp -MT crypto/bn/libcrypto-lib-bn_asm.o -c -o crypto/bn/libcrypto-lib-bn_asm.o crypto/bn/bn_asm.c
gcc  -I. -Iinclude -Iproviders/common/include -Iproviders/implementations/include  -DBSAES_ASM -DECP_NISTZ256_ASM -DECP_SM2P256_ASM -DKECCAK1600_ASM -DMD5_ASM -DOPENSSL_BN_ASM_MONT -DOPENSSL_CPUID_OBJ -DOPENSSL_SM3_ASM -DPOLY1305_ASM -DSHA1_ASM -DSHA256_ASM -DSHA512_ASM -DSM4_ASM -DVPAES_ASM -DVPSM4_ASM -fPIC -pthread -Wa,--noexecstack -Wall -O3 -DOPENSSL_USE_NODELETE -DOPENSSL_PIC -DOPENSSLDIR="\"/opt/ossl-static/ssl\"" -DENGINESDIR="\"/opt/ossl-static/lib/engines-3\"" -DMODULESDIR="\"/opt/ossl-static/lib/ossl-modules\"" -DOPENSSL_BUILDING_OPENSSL -DNDEBUG  -MMD -MF crypto/bn/libcrypto-lib-bn_blind.d.tmp -MT crypto/bn/libcrypto-lib-bn_blind.o -c -o crypto/bn/libcrypto-lib-bn_blind.o crypto/bn/bn_blind.c
gcc  -I. -Iinclude -Iproviders/common/include -Iproviders/implementations/include  -DBSAES_ASM -DECP_NISTZ256_ASM -DECP_SM2P256_ASM -DKECCAK1600_ASM -DMD5_ASM -DOPENSSL_BN_ASM_MONT -DOPENSSL_CPUID_OBJ -DOPENSSL_SM3_ASM -DPOLY1305_ASM -DSHA1_ASM -DSHA256_ASM -DSHA512_ASM -DSM4_ASM -DVPAES_ASM -DVPSM4_ASM -fPIC -pthread -Wa,--noexecstack -Wall -O3 -DOPENSSL_USE_NODELETE -DOPENSSL_PIC -DOPENSSLDIR="\"/opt/ossl-static/ssl\"" -DENGINESDIR="\"/opt/ossl-static/lib/engines-3\"" -DMODULESDIR="\"/opt/ossl-static/lib/ossl-modules\"" -DOPENSSL_BUILDING_OPENSSL -DNDEBUG  -MMD -MF crypto/bn/libcrypto-lib-bn_const.d.tmp -MT crypto/bn/libcrypto-lib-bn_const.o -c -o crypto/bn/libcrypto-lib-bn_const.o crypto/bn/bn_const.c
gcc  -I. -Iinclude -Iproviders/common/include -Iproviders/implementations/include  -DBSAES_ASM -DECP_NISTZ256_ASM -DECP_SM2P256_ASM -DKECCAK1600_ASM -DMD5_ASM -DOPENSSL_BN_ASM_MONT -DOPENSSL_CPUID_OBJ -DOPENSSL_SM3_ASM -DPOLY1305_ASM -DSHA1_ASM -DSHA256_ASM -DSHA512_ASM -DSM4_ASM -DVPAES_ASM -DVPSM4_ASM -fPIC -pthread -Wa,--noexecstack -Wall -O3 -DOPENSSL_USE_NODELETE -DOPENSSL_PIC -DOPENSSLDIR="\"/opt/ossl-static/ssl\"" -DENGINESDIR="\"/opt/ossl-static/lib/engines-3\"" -DMODULESDIR="\"/opt/ossl-static/lib/ossl-modules\"" -DOPENSSL_BUILDING_OPENSSL -DNDEBUG  -MMD -MF crypto/bn/libcrypto-lib-bn_conv.d.tmp -MT crypto/bn/libcrypto-lib-bn_conv.o -c -o crypto/bn/libcrypto-lib-bn_conv.o crypto/bn/bn_conv.c
gcc  -I. -Iinclude -Iproviders/common/include -Iproviders/implementations/include  -DBSAES_ASM -DECP_NISTZ256_ASM -DECP_SM2P256_ASM -DKECCAK1600_ASM -DMD5_ASM -DOPENSSL_BN_ASM_MONT -DOPENSSL_CPUID_OBJ -DOPENSSL_SM3_ASM -DPOLY1305_ASM -DSHA1_ASM -DSHA256_ASM -DSHA512_ASM -DSM4_ASM -DVPAES_ASM -DVPSM4_ASM -fPIC -pthread -Wa,--noexecstack -Wall -O3 -DOPENSSL_USE_NODELETE -DOPENSSL_PIC -DOPENSSLDIR="\"/opt/ossl-static/ssl\"" -DENGINESDIR="\"/opt/ossl-static/lib/engines-3\"" -DMODULESDIR="\"/opt/ossl-static/lib/ossl-modules\"" -DOPENSSL_BUILDING_OPENSSL -DNDEBUG  -MMD -MF crypto/bn/libcrypto-lib-bn_ctx.d.tmp -MT crypto/bn/libcrypto-lib-bn_ctx.o -c -o crypto/bn/libcrypto-lib-bn_ctx.o crypto/bn/bn_ctx.c
gcc  -I. -Iinclude -Iproviders/common/include -Iproviders/implementations/include  -DBSAES_ASM -DECP_NISTZ256_ASM -DECP_SM2P256_ASM -DKECCAK1600_ASM -DMD5_ASM -DOPENSSL_BN_ASM_MONT -DOPENSSL_CPUID_OBJ -DOPENSSL_SM3_ASM -DPOLY1305_ASM -DSHA1_ASM -DSHA256_ASM -DSHA512_ASM -DSM4_ASM -DVPAES_ASM -DVPSM4_ASM -fPIC -pthread -Wa,--noexecstack -Wall -O3 -DOPENSSL_USE_NODELETE -DOPENSSL_PIC -DOPENSSLDIR="\"/opt/ossl-static/ssl\"" -DENGINESDIR="\"/opt/ossl-static/lib/engines-3\"" -DMODULESDIR="\"/opt/ossl-static/lib/ossl-modules\"" -DOPENSSL_BUILDING_OPENSSL -DNDEBUG  -MMD -MF crypto/bn/libcrypto-lib-bn_depr.d.tmp -MT crypto/bn/libcrypto-lib-bn_depr.o -c -o crypto/bn/libcrypto-lib-bn_depr.o crypto/bn/bn_depr.c
gcc  -I. -Iinclude -Iproviders/common/include -Iproviders/implementations/include  -DBSAES_ASM -DECP_NISTZ256_ASM -DECP_SM2P256_ASM -DKECCAK1600_ASM -DMD5_ASM -DOPENSSL_BN_ASM_MONT -DOPENSSL_CPUID_OBJ -DOPENSSL_SM3_ASM -DPOLY1305_ASM -DSHA1_ASM -DSHA256_ASM -DSHA512_ASM -DSM4_ASM -DVPAES_ASM -DVPSM4_ASM -fPIC -pthread -Wa,--noexecstack -Wall -O3 -DOPENSSL_USE_NODELETE -DOPENSSL_PIC -DOPENSSLDIR="\"/opt/ossl-static/ssl\"" -DENGINESDIR="\"/opt/ossl-static/lib/engines-3\"" -DMODULESDIR="\"/opt/ossl-static/lib/ossl-modules\"" -DOPENSSL_BUILDING_OPENSSL -DNDEBUG  -MMD -MF crypto/bn/libcrypto-lib-bn_dh.d.tmp -MT crypto/bn/libcrypto-lib-bn_dh.o -c -o crypto/bn/libcrypto-lib-bn_dh.o crypto/bn/bn_dh.c
gcc  -I. -Iinclude -Iproviders/common/include -Iproviders/implementations/include  -DBSAES_ASM -DECP_NISTZ256_ASM -DECP_SM2P256_ASM -DKECCAK1600_ASM -DMD5_ASM -DOPENSSL_BN_ASM_MONT -DOPENSSL_CPUID_OBJ -DOPENSSL_SM3_ASM -DPOLY1305_ASM -DSHA1_ASM -DSHA256_ASM -DSHA512_ASM -DSM4_ASM -DVPAES_ASM -DVPSM4_ASM -fPIC -pthread -Wa,--noexecstack -Wall -O3 -DOPENSSL_USE_NODELETE -DOPENSSL_PIC -DOPENSSLDIR="\"/opt/ossl-static/ssl\"" -DENGINESDIR="\"/opt/ossl-static/lib/engines-3\"" -DMODULESDIR="\"/opt/ossl-static/lib/ossl-modules\"" -DOPENSSL_BUILDING_OPENSSL -DNDEBUG  -MMD -MF crypto/bn/libcrypto-lib-bn_div.d.tmp -MT crypto/bn/libcrypto-lib-bn_div.o -c -o crypto/bn/libcrypto-lib-bn_div.o crypto/bn/bn_div.c
gcc  -I. -Iinclude -Iproviders/common/include -Iproviders/implementations/include  -DBSAES_ASM -DECP_NISTZ256_ASM -DECP_SM2P256_ASM -DKECCAK1600_ASM -DMD5_ASM -DOPENSSL_BN_ASM_MONT -DOPENSSL_CPUID_OBJ -DOPENSSL_SM3_ASM -DPOLY1305_ASM -DSHA1_ASM -DSHA256_ASM -DSHA512_ASM -DSM4_ASM -DVPAES_ASM -DVPSM4_ASM -fPIC -pthread -Wa,--noexecstack -Wall -O3 -DOPENSSL_USE_NODELETE -DOPENSSL_PIC -DOPENSSLDIR="\"/opt/ossl-static/ssl\"" -DENGINESDIR="\"/opt/ossl-static/lib/engines-3\"" -DMODULESDIR="\"/opt/ossl-static/lib/ossl-modules\"" -DOPENSSL_BUILDING_OPENSSL -DNDEBUG  -MMD -MF crypto/bn/libcrypto-lib-bn_err.d.tmp -MT crypto/bn/libcrypto-lib-bn_err.o -c -o crypto/bn/libcrypto-lib-bn_err.o crypto/bn/bn_err.c
gcc  -Icrypto -I. -Iinclude -Iproviders/common/include -Iproviders/implementations/include  -DBSAES_ASM -DECP_NISTZ256_ASM -DECP_SM2P256_ASM -DKECCAK1600_ASM -DMD5_ASM -DOPENSSL_BN_ASM_MONT -DOPENSSL_CPUID_OBJ -DOPENSSL_SM3_ASM -DPOLY1305_ASM -DSHA1_ASM -DSHA256_ASM -DSHA512_ASM -DSM4_ASM -DVPAES_ASM -DVPSM4_ASM -fPIC -pthread -Wa,--noexecstack -Wall -O3 -DOPENSSL_USE_NODELETE -DOPENSSL_PIC -DOPENSSLDIR="\"/opt/ossl-static/ssl\"" -DENGINESDIR="\"/opt/ossl-static/lib/engines-3\"" -DMODULESDIR="\"/opt/ossl-static/lib/ossl-modules\"" -DOPENSSL_BUILDING_OPENSSL -DNDEBUG  -MMD -MF crypto/bn/libcrypto-lib-bn_exp.d.tmp -MT crypto/bn/libcrypto-lib-bn_exp.o -c -o crypto/bn/libcrypto-lib-bn_exp.o crypto/bn/bn_exp.c
gcc  -I. -Iinclude -Iproviders/common/include -Iproviders/implementations/include  -DBSAES_ASM -DECP_NISTZ256_ASM -DECP_SM2P256_ASM -DKECCAK1600_ASM -DMD5_ASM -DOPENSSL_BN_ASM_MONT -DOPENSSL_CPUID_OBJ -DOPENSSL_SM3_ASM -DPOLY1305_ASM -DSHA1_ASM -DSHA256_ASM -DSHA512_ASM -DSM4_ASM -DVPAES_ASM -DVPSM4_ASM -fPIC -pthread -Wa,--noexecstack -Wall -O3 -DOPENSSL_USE_NODELETE -DOPENSSL_PIC -DOPENSSLDIR="\"/opt/ossl-static/ssl\"" -DENGINESDIR="\"/opt/ossl-static/lib/engines-3\"" -DMODULESDIR="\"/opt/ossl-static/lib/ossl-modules\"" -DOPENSSL_BUILDING_OPENSSL -DNDEBUG  -MMD -MF crypto/bn/libcrypto-lib-bn_exp2.d.tmp -MT crypto/bn/libcrypto-lib-bn_exp2.o -c -o crypto/bn/libcrypto-lib-bn_exp2.o crypto/bn/bn_exp2.c
gcc  -I. -Iinclude -Iproviders/common/include -Iproviders/implementations/include  -DBSAES_ASM -DECP_NISTZ256_ASM -DECP_SM2P256_ASM -DKECCAK1600_ASM -DMD5_ASM -DOPENSSL_BN_ASM_MONT -DOPENSSL_CPUID_OBJ -DOPENSSL_SM3_ASM -DPOLY1305_ASM -DSHA1_ASM -DSHA256_ASM -DSHA512_ASM -DSM4_ASM -DVPAES_ASM -DVPSM4_ASM -fPIC -pthread -Wa,--noexecstack -Wall -O3 -DOPENSSL_USE_NODELETE -DOPENSSL_PIC -DOPENSSLDIR="\"/opt/ossl-static/ssl\"" -DENGINESDIR="\"/opt/ossl-static/lib/engines-3\"" -DMODULESDIR="\"/opt/ossl-static/lib/ossl-modules\"" -DOPENSSL_BUILDING_OPENSSL -DNDEBUG  -MMD -MF crypto/bn/libcrypto-lib-bn_gcd.d.tmp -MT crypto/bn/libcrypto-lib-bn_gcd.o -c -o crypto/bn/libcrypto-lib-bn_gcd.o crypto/bn/bn_gcd.c
gcc  -I. -Iinclude -Iproviders/common/include -Iproviders/implementations/include  -DBSAES_ASM -DECP_NISTZ256_ASM -DECP_SM2P256_ASM -DKECCAK1600_ASM -DMD5_ASM -DOPENSSL_BN_ASM_MONT -DOPENSSL_CPUID_OBJ -DOPENSSL_SM3_ASM -DPOLY1305_ASM -DSHA1_ASM -DSHA256_ASM -DSHA512_ASM -DSM4_ASM -DVPAES_ASM -DVPSM4_ASM -fPIC -pthread -Wa,--noexecstack -Wall -O3 -DOPENSSL_USE_NODELETE -DOPENSSL_PIC -DOPENSSLDIR="\"/opt/ossl-static/ssl\"" -DENGINESDIR="\"/opt/ossl-static/lib/engines-3\"" -DMODULESDIR="\"/opt/ossl-static/lib/ossl-modules\"" -DOPENSSL_BUILDING_OPENSSL -DNDEBUG  -MMD -MF crypto/bn/libcrypto-lib-bn_gf2m.d.tmp -MT crypto/bn/libcrypto-lib-bn_gf2m.o -c -o crypto/bn/libcrypto-lib-bn_gf2m.o crypto/bn/bn_gf2m.c
gcc  -I. -Iinclude -Iproviders/common/include -Iproviders/implementations/include  -DBSAES_ASM -DECP_NISTZ256_ASM -DECP_SM2P256_ASM -DKECCAK1600_ASM -DMD5_ASM -DOPENSSL_BN_ASM_MONT -DOPENSSL_CPUID_OBJ -DOPENSSL_SM3_ASM -DPOLY1305_ASM -DSHA1_ASM -DSHA256_ASM -DSHA512_ASM -DSM4_ASM -DVPAES_ASM -DVPSM4_ASM -fPIC -pthread -Wa,--noexecstack -Wall -O3 -DOPENSSL_USE_NODELETE -DOPENSSL_PIC -DOPENSSLDIR="\"/opt/ossl-static/ssl\"" -DENGINESDIR="\"/opt/ossl-static/lib/engines-3\"" -DMODULESDIR="\"/opt/ossl-static/lib/ossl-modules\"" -DOPENSSL_BUILDING_OPENSSL -DNDEBUG  -MMD -MF crypto/bn/libcrypto-lib-bn_intern.d.tmp -MT crypto/bn/libcrypto-lib-bn_intern.o -c -o crypto/bn/libcrypto-lib-bn_intern.o crypto/bn/bn_intern.c
gcc  -I. -Iinclude -Iproviders/common/include -Iproviders/implementations/include  -DBSAES_ASM -DECP_NISTZ256_ASM -DECP_SM2P256_ASM -DKECCAK1600_ASM -DMD5_ASM -DOPENSSL_BN_ASM_MONT -DOPENSSL_CPUID_OBJ -DOPENSSL_SM3_ASM -DPOLY1305_ASM -DSHA1_ASM -DSHA256_ASM -DSHA512_ASM -DSM4_ASM -DVPAES_ASM -DVPSM4_ASM -fPIC -pthread -Wa,--noexecstack -Wall -O3 -DOPENSSL_USE_NODELETE -DOPENSSL_PIC -DOPENSSLDIR="\"/opt/ossl-static/ssl\"" -DENGINESDIR="\"/opt/ossl-static/lib/engines-3\"" -DMODULESDIR="\"/opt/ossl-static/lib/ossl-modules\"" -DOPENSSL_BUILDING_OPENSSL -DNDEBUG  -MMD -MF crypto/bn/libcrypto-lib-bn_kron.d.tmp -MT crypto/bn/libcrypto-lib-bn_kron.o -c -o crypto/bn/libcrypto-lib-bn_kron.o crypto/bn/bn_kron.c
gcc  -I. -Iinclude -Iproviders/common/include -Iproviders/implementations/include  -DBSAES_ASM -DECP_NISTZ256_ASM -DECP_SM2P256_ASM -DKECCAK1600_ASM -DMD5_ASM -DOPENSSL_BN_ASM_MONT -DOPENSSL_CPUID_OBJ -DOPENSSL_SM3_ASM -DPOLY1305_ASM -DSHA1_ASM -DSHA256_ASM -DSHA512_ASM -DSM4_ASM -DVPAES_ASM -DVPSM4_ASM -fPIC -pthread -Wa,--noexecstack -Wall -O3 -DOPENSSL_USE_NODELETE -DOPENSSL_PIC -DOPENSSLDIR="\"/opt/ossl-static/ssl\"" -DENGINESDIR="\"/opt/ossl-static/lib/engines-3\"" -DMODULESDIR="\"/opt/ossl-static/lib/ossl-modules\"" -DOPENSSL_BUILDING_OPENSSL -DNDEBUG  -MMD -MF crypto/bn/libcrypto-lib-bn_lib.d.tmp -MT crypto/bn/libcrypto-lib-bn_lib.o -c -o crypto/bn/libcrypto-lib-bn_lib.o crypto/bn/bn_lib.c
gcc  -I. -Iinclude -Iproviders/common/include -Iproviders/implementations/include  -DBSAES_ASM -DECP_NISTZ256_ASM -DECP_SM2P256_ASM -DKECCAK1600_ASM -DMD5_ASM -DOPENSSL_BN_ASM_MONT -DOPENSSL_CPUID_OBJ -DOPENSSL_SM3_ASM -DPOLY1305_ASM -DSHA1_ASM -DSHA256_ASM -DSHA512_ASM -DSM4_ASM -DVPAES_ASM -DVPSM4_ASM -fPIC -pthread -Wa,--noexecstack -Wall -O3 -DOPENSSL_USE_NODELETE -DOPENSSL_PIC -DOPENSSLDIR="\"/opt/ossl-static/ssl\"" -DENGINESDIR="\"/opt/ossl-static/lib/engines-3\"" -DMODULESDIR="\"/opt/ossl-static/lib/ossl-modules\"" -DOPENSSL_BUILDING_OPENSSL -DNDEBUG  -MMD -MF crypto/bn/libcrypto-lib-bn_mod.d.tmp -MT crypto/bn/libcrypto-lib-bn_mod.o -c -o crypto/bn/libcrypto-lib-bn_mod.o crypto/bn/bn_mod.c
gcc  -I. -Iinclude -Iproviders/common/include -Iproviders/implementations/include  -DBSAES_ASM -DECP_NISTZ256_ASM -DECP_SM2P256_ASM -DKECCAK1600_ASM -DMD5_ASM -DOPENSSL_BN_ASM_MONT -DOPENSSL_CPUID_OBJ -DOPENSSL_SM3_ASM -DPOLY1305_ASM -DSHA1_ASM -DSHA256_ASM -DSHA512_ASM -DSM4_ASM -DVPAES_ASM -DVPSM4_ASM -fPIC -pthread -Wa,--noexecstack -Wall -O3 -DOPENSSL_USE_NODELETE -DOPENSSL_PIC -DOPENSSLDIR="\"/opt/ossl-static/ssl\"" -DENGINESDIR="\"/opt/ossl-static/lib/engines-3\"" -DMODULESDIR="\"/opt/ossl-static/lib/ossl-modules\"" -DOPENSSL_BUILDING_OPENSSL -DNDEBUG  -MMD -MF crypto/bn/libcrypto-lib-bn_mont.d.tmp -MT crypto/bn/libcrypto-lib-bn_mont.o -c -o crypto/bn/libcrypto-lib-bn_mont.o crypto/bn/bn_mont.c
gcc  -I. -Iinclude -Iproviders/common/include -Iproviders/implementations/include  -DBSAES_ASM -DECP_NISTZ256_ASM -DECP_SM2P256_ASM -DKECCAK1600_ASM -DMD5_ASM -DOPENSSL_BN_ASM_MONT -DOPENSSL_CPUID_OBJ -DOPENSSL_SM3_ASM -DPOLY1305_ASM -DSHA1_ASM -DSHA256_ASM -DSHA512_ASM -DSM4_ASM -DVPAES_ASM -DVPSM4_ASM -fPIC -pthread -Wa,--noexecstack -Wall -O3 -DOPENSSL_USE_NODELETE -DOPENSSL_PIC -DOPENSSLDIR="\"/opt/ossl-static/ssl\"" -DENGINESDIR="\"/opt/ossl-static/lib/engines-3\"" -DMODULESDIR="\"/opt/ossl-static/lib/ossl-modules\"" -DOPENSSL_BUILDING_OPENSSL -DNDEBUG  -MMD -MF crypto/bn/libcrypto-lib-bn_mpi.d.tmp -MT crypto/bn/libcrypto-lib-bn_mpi.o -c -o crypto/bn/libcrypto-lib-bn_mpi.o crypto/bn/bn_mpi.c
gcc  -I. -Iinclude -Iproviders/common/include -Iproviders/implementations/include  -DBSAES_ASM -DECP_NISTZ256_ASM -DECP_SM2P256_ASM -DKECCAK1600_ASM -DMD5_ASM -DOPENSSL_BN_ASM_MONT -DOPENSSL_CPUID_OBJ -DOPENSSL_SM3_ASM -DPOLY1305_ASM -DSHA1_ASM -DSHA256_ASM -DSHA512_ASM -DSM4_ASM -DVPAES_ASM -DVPSM4_ASM -fPIC -pthread -Wa,--noexecstack -Wall -O3 -DOPENSSL_USE_NODELETE -DOPENSSL_PIC -DOPENSSLDIR="\"/opt/ossl-static/ssl\"" -DENGINESDIR="\"/opt/ossl-static/lib/engines-3\"" -DMODULESDIR="\"/opt/ossl-static/lib/ossl-modules\"" -DOPENSSL_BUILDING_OPENSSL -DNDEBUG  -MMD -MF crypto/bn/libcrypto-lib-bn_mul.d.tmp -MT crypto/bn/libcrypto-lib-bn_mul.o -c -o crypto/bn/libcrypto-lib-bn_mul.o crypto/bn/bn_mul.c
gcc  -I. -Iinclude -Iproviders/common/include -Iproviders/implementations/include  -DBSAES_ASM -DECP_NISTZ256_ASM -DECP_SM2P256_ASM -DKECCAK1600_ASM -DMD5_ASM -DOPENSSL_BN_ASM_MONT -DOPENSSL_CPUID_OBJ -DOPENSSL_SM3_ASM -DPOLY1305_ASM -DSHA1_ASM -DSHA256_ASM -DSHA512_ASM -DSM4_ASM -DVPAES_ASM -DVPSM4_ASM -fPIC -pthread -Wa,--noexecstack -Wall -O3 -DOPENSSL_USE_NODELETE -DOPENSSL_PIC -DOPENSSLDIR="\"/opt/ossl-static/ssl\"" -DENGINESDIR="\"/opt/ossl-static/lib/engines-3\"" -DMODULESDIR="\"/opt/ossl-static/lib/ossl-modules\"" -DOPENSSL_BUILDING_OPENSSL -DNDEBUG  -MMD -MF crypto/bn/libcrypto-lib-bn_nist.d.tmp -MT crypto/bn/libcrypto-lib-bn_nist.o -c -o crypto/bn/libcrypto-lib-bn_nist.o crypto/bn/bn_nist.c
gcc  -I. -Iinclude -Iproviders/common/include -Iproviders/implementations/include  -DBSAES_ASM -DECP_NISTZ256_ASM -DECP_SM2P256_ASM -DKECCAK1600_ASM -DMD5_ASM -DOPENSSL_BN_ASM_MONT -DOPENSSL_CPUID_OBJ -DOPENSSL_SM3_ASM -DPOLY1305_ASM -DSHA1_ASM -DSHA256_ASM -DSHA512_ASM -DSM4_ASM -DVPAES_ASM -DVPSM4_ASM -fPIC -pthread -Wa,--noexecstack -Wall -O3 -DOPENSSL_USE_NODELETE -DOPENSSL_PIC -DOPENSSLDIR="\"/opt/ossl-static/ssl\"" -DENGINESDIR="\"/opt/ossl-static/lib/engines-3\"" -DMODULESDIR="\"/opt/ossl-static/lib/ossl-modules\"" -DOPENSSL_BUILDING_OPENSSL -DNDEBUG  -MMD -MF crypto/bn/libcrypto-lib-bn_prime.d.tmp -MT crypto/bn/libcrypto-lib-bn_prime.o -c -o crypto/bn/libcrypto-lib-bn_prime.o crypto/bn/bn_prime.c
gcc  -I. -Iinclude -Iproviders/common/include -Iproviders/implementations/include  -DBSAES_ASM -DECP_NISTZ256_ASM -DECP_SM2P256_ASM -DKECCAK1600_ASM -DMD5_ASM -DOPENSSL_BN_ASM_MONT -DOPENSSL_CPUID_OBJ -DOPENSSL_SM3_ASM -DPOLY1305_ASM -DSHA1_ASM -DSHA256_ASM -DSHA512_ASM -DSM4_ASM -DVPAES_ASM -DVPSM4_ASM -fPIC -pthread -Wa,--noexecstack -Wall -O3 -DOPENSSL_USE_NODELETE -DOPENSSL_PIC -DOPENSSLDIR="\"/opt/ossl-static/ssl\"" -DENGINESDIR="\"/opt/ossl-static/lib/engines-3\"" -DMODULESDIR="\"/opt/ossl-static/lib/ossl-modules\"" -DOPENSSL_BUILDING_OPENSSL -DNDEBUG  -MMD -MF crypto/bn/libcrypto-lib-bn_print.d.tmp -MT crypto/bn/libcrypto-lib-bn_print.o -c -o crypto/bn/libcrypto-lib-bn_print.o crypto/bn/bn_print.c
gcc  -I. -Iinclude -Iproviders/common/include -Iproviders/implementations/include  -DBSAES_ASM -DECP_NISTZ256_ASM -DECP_SM2P256_ASM -DKECCAK1600_ASM -DMD5_ASM -DOPENSSL_BN_ASM_MONT -DOPENSSL_CPUID_OBJ -DOPENSSL_SM3_ASM -DPOLY1305_ASM -DSHA1_ASM -DSHA256_ASM -DSHA512_ASM -DSM4_ASM -DVPAES_ASM -DVPSM4_ASM -fPIC -pthread -Wa,--noexecstack -Wall -O3 -DOPENSSL_USE_NODELETE -DOPENSSL_PIC -DOPENSSLDIR="\"/opt/ossl-static/ssl\"" -DENGINESDIR="\"/opt/ossl-static/lib/engines-3\"" -DMODULESDIR="\"/opt/ossl-static/lib/ossl-modules\"" -DOPENSSL_BUILDING_OPENSSL -DNDEBUG  -MMD -MF crypto/bn/libcrypto-lib-bn_rand.d.tmp -MT crypto/bn/libcrypto-lib-bn_rand.o -c -o crypto/bn/libcrypto-lib-bn_rand.o crypto/bn/bn_rand.c
gcc  -I. -Iinclude -Iproviders/common/include -Iproviders/implementations/include  -DBSAES_ASM -DECP_NISTZ256_ASM -DECP_SM2P256_ASM -DKECCAK1600_ASM -DMD5_ASM -DOPENSSL_BN_ASM_MONT -DOPENSSL_CPUID_OBJ -DOPENSSL_SM3_ASM -DPOLY1305_ASM -DSHA1_ASM -DSHA256_ASM -DSHA512_ASM -DSM4_ASM -DVPAES_ASM -DVPSM4_ASM -fPIC -pthread -Wa,--noexecstack -Wall -O3 -DOPENSSL_USE_NODELETE -DOPENSSL_PIC -DOPENSSLDIR="\"/opt/ossl-static/ssl\"" -DENGINESDIR="\"/opt/ossl-static/lib/engines-3\"" -DMODULESDIR="\"/opt/ossl-static/lib/ossl-modules\"" -DOPENSSL_BUILDING_OPENSSL -DNDEBUG  -MMD -MF crypto/bn/libcrypto-lib-bn_recp.d.tmp -MT crypto/bn/libcrypto-lib-bn_recp.o -c -o crypto/bn/libcrypto-lib-bn_recp.o crypto/bn/bn_recp.c
gcc  -I. -Iinclude -Iproviders/common/include -Iproviders/implementations/include  -DBSAES_ASM -DECP_NISTZ256_ASM -DECP_SM2P256_ASM -DKECCAK1600_ASM -DMD5_ASM -DOPENSSL_BN_ASM_MONT -DOPENSSL_CPUID_OBJ -DOPENSSL_SM3_ASM -DPOLY1305_ASM -DSHA1_ASM -DSHA256_ASM -DSHA512_ASM -DSM4_ASM -DVPAES_ASM -DVPSM4_ASM -fPIC -pthread -Wa,--noexecstack -Wall -O3 -DOPENSSL_USE_NODELETE -DOPENSSL_PIC -DOPENSSLDIR="\"/opt/ossl-static/ssl\"" -DENGINESDIR="\"/opt/ossl-static/lib/engines-3\"" -DMODULESDIR="\"/opt/ossl-static/lib/ossl-modules\"" -DOPENSSL_BUILDING_OPENSSL -DNDEBUG  -MMD -MF crypto/bn/libcrypto-lib-bn_rsa_fips186_4.d.tmp -MT crypto/bn/libcrypto-lib-bn_rsa_fips186_4.o -c -o crypto/bn/libcrypto-lib-bn_rsa_fips186_4.o crypto/bn/bn_rsa_fips186_4.c
gcc  -I. -Iinclude -Iproviders/common/include -Iproviders/implementations/include  -DBSAES_ASM -DECP_NISTZ256_ASM -DECP_SM2P256_ASM -DKECCAK1600_ASM -DMD5_ASM -DOPENSSL_BN_ASM_MONT -DOPENSSL_CPUID_OBJ -DOPENSSL_SM3_ASM -DPOLY1305_ASM -DSHA1_ASM -DSHA256_ASM -DSHA512_ASM -DSM4_ASM -DVPAES_ASM -DVPSM4_ASM -fPIC -pthread -Wa,--noexecstack -Wall -O3 -DOPENSSL_USE_NODELETE -DOPENSSL_PIC -DOPENSSLDIR="\"/opt/ossl-static/ssl\"" -DENGINESDIR="\"/opt/ossl-static/lib/engines-3\"" -DMODULESDIR="\"/opt/ossl-static/lib/ossl-modules\"" -DOPENSSL_BUILDING_OPENSSL -DNDEBUG  -MMD -MF crypto/bn/libcrypto-lib-bn_shift.d.tmp -MT crypto/bn/libcrypto-lib-bn_shift.o -c -o crypto/bn/libcrypto-lib-bn_shift.o crypto/bn/bn_shift.c
gcc  -I. -Iinclude -Iproviders/common/include -Iproviders/implementations/include  -DBSAES_ASM -DECP_NISTZ256_ASM -DECP_SM2P256_ASM -DKECCAK1600_ASM -DMD5_ASM -DOPENSSL_BN_ASM_MONT -DOPENSSL_CPUID_OBJ -DOPENSSL_SM3_ASM -DPOLY1305_ASM -DSHA1_ASM -DSHA256_ASM -DSHA512_ASM -DSM4_ASM -DVPAES_ASM -DVPSM4_ASM -fPIC -pthread -Wa,--noexecstack -Wall -O3 -DOPENSSL_USE_NODELETE -DOPENSSL_PIC -DOPENSSLDIR="\"/opt/ossl-static/ssl\"" -DENGINESDIR="\"/opt/ossl-static/lib/engines-3\"" -DMODULESDIR="\"/opt/ossl-static/lib/ossl-modules\"" -DOPENSSL_BUILDING_OPENSSL -DNDEBUG  -MMD -MF crypto/bn/libcrypto-lib-bn_sqr.d.tmp -MT crypto/bn/libcrypto-lib-bn_sqr.o -c -o crypto/bn/libcrypto-lib-bn_sqr.o crypto/bn/bn_sqr.c
gcc  -I. -Iinclude -Iproviders/common/include -Iproviders/implementations/include  -DBSAES_ASM -DECP_NISTZ256_ASM -DECP_SM2P256_ASM -DKECCAK1600_ASM -DMD5_ASM -DOPENSSL_BN_ASM_MONT -DOPENSSL_CPUID_OBJ -DOPENSSL_SM3_ASM -DPOLY1305_ASM -DSHA1_ASM -DSHA256_ASM -DSHA512_ASM -DSM4_ASM -DVPAES_ASM -DVPSM4_ASM -fPIC -pthread -Wa,--noexecstack -Wall -O3 -DOPENSSL_USE_NODELETE -DOPENSSL_PIC -DOPENSSLDIR="\"/opt/ossl-static/ssl\"" -DENGINESDIR="\"/opt/ossl-static/lib/engines-3\"" -DMODULESDIR="\"/opt/ossl-static/lib/ossl-modules\"" -DOPENSSL_BUILDING_OPENSSL -DNDEBUG  -MMD -MF crypto/bn/libcrypto-lib-bn_sqrt.d.tmp -MT crypto/bn/libcrypto-lib-bn_sqrt.o -c -o crypto/bn/libcrypto-lib-bn_sqrt.o crypto/bn/bn_sqrt.c
gcc  -I. -Iinclude -Iproviders/common/include -Iproviders/implementations/include  -DBSAES_ASM -DECP_NISTZ256_ASM -DECP_SM2P256_ASM -DKECCAK1600_ASM -DMD5_ASM -DOPENSSL_BN_ASM_MONT -DOPENSSL_CPUID_OBJ -DOPENSSL_SM3_ASM -DPOLY1305_ASM -DSHA1_ASM -DSHA256_ASM -DSHA512_ASM -DSM4_ASM -DVPAES_ASM -DVPSM4_ASM -fPIC -pthread -Wa,--noexecstack -Wall -O3 -DOPENSSL_USE_NODELETE -DOPENSSL_PIC -DOPENSSLDIR="\"/opt/ossl-static/ssl\"" -DENGINESDIR="\"/opt/ossl-static/lib/engines-3\"" -DMODULESDIR="\"/opt/ossl-static/lib/ossl-modules\"" -DOPENSSL_BUILDING_OPENSSL -DNDEBUG  -MMD -MF crypto/bn/libcrypto-lib-bn_srp.d.tmp -MT crypto/bn/libcrypto-lib-bn_srp.o -c -o crypto/bn/libcrypto-lib-bn_srp.o crypto/bn/bn_srp.c
gcc  -I. -Iinclude -Iproviders/common/include -Iproviders/implementations/include  -DBSAES_ASM -DECP_NISTZ256_ASM -DECP_SM2P256_ASM -DKECCAK1600_ASM -DMD5_ASM -DOPENSSL_BN_ASM_MONT -DOPENSSL_CPUID_OBJ -DOPENSSL_SM3_ASM -DPOLY1305_ASM -DSHA1_ASM -DSHA256_ASM -DSHA512_ASM -DSM4_ASM -DVPAES_ASM -DVPSM4_ASM -fPIC -pthread -Wa,--noexecstack -Wall -O3 -DOPENSSL_USE_NODELETE -DOPENSSL_PIC -DOPENSSLDIR="\"/opt/ossl-static/ssl\"" -DENGINESDIR="\"/opt/ossl-static/lib/engines-3\"" -DMODULESDIR="\"/opt/ossl-static/lib/ossl-modules\"" -DOPENSSL_BUILDING_OPENSSL -DNDEBUG  -MMD -MF crypto/bn/libcrypto-lib-bn_word.d.tmp -MT crypto/bn/libcrypto-lib-bn_word.o -c -o crypto/bn/libcrypto-lib-bn_word.o crypto/bn/bn_word.c
gcc  -I. -Iinclude -Iproviders/common/include -Iproviders/implementations/include  -DBSAES_ASM -DECP_NISTZ256_ASM -DECP_SM2P256_ASM -DKECCAK1600_ASM -DMD5_ASM -DOPENSSL_BN_ASM_MONT -DOPENSSL_CPUID_OBJ -DOPENSSL_SM3_ASM -DPOLY1305_ASM -DSHA1_ASM -DSHA256_ASM -DSHA512_ASM -DSM4_ASM -DVPAES_ASM -DVPSM4_ASM -fPIC -pthread -Wa,--noexecstack -Wall -O3 -DOPENSSL_USE_NODELETE -DOPENSSL_PIC -DOPENSSLDIR="\"/opt/ossl-static/ssl\"" -DENGINESDIR="\"/opt/ossl-static/lib/engines-3\"" -DMODULESDIR="\"/opt/ossl-static/lib/ossl-modules\"" -DOPENSSL_BUILDING_OPENSSL -DNDEBUG  -MMD -MF crypto/bn/libcrypto-lib-bn_x931p.d.tmp -MT crypto/bn/libcrypto-lib-bn_x931p.o -c -o crypto/bn/libcrypto-lib-bn_x931p.o crypto/bn/bn_x931p.c
gcc  -I. -Iinclude -Iproviders/common/include -Iproviders/implementations/include  -DBSAES_ASM -DECP_NISTZ256_ASM -DECP_SM2P256_ASM -DKECCAK1600_ASM -DMD5_ASM -DOPENSSL_BN_ASM_MONT -DOPENSSL_CPUID_OBJ -DOPENSSL_SM3_ASM -DPOLY1305_ASM -DSHA1_ASM -DSHA256_ASM -DSHA512_ASM -DSM4_ASM -DVPAES_ASM -DVPSM4_ASM -fPIC -pthread -Wa,--noexecstack -Wall -O3 -DOPENSSL_USE_NODELETE -DOPENSSL_PIC -DOPENSSLDIR="\"/opt/ossl-static/ssl\"" -DENGINESDIR="\"/opt/ossl-static/lib/engines-3\"" -DMODULESDIR="\"/opt/ossl-static/lib/ossl-modules\"" -DOPENSSL_BUILDING_OPENSSL -DNDEBUG  -MMD -MF crypto/buffer/libcrypto-lib-buf_err.d.tmp -MT crypto/buffer/libcrypto-lib-buf_err.o -c -o crypto/buffer/libcrypto-lib-buf_err.o crypto/buffer/buf_err.c
gcc  -I. -Iinclude -Iproviders/common/include -Iproviders/implementations/include  -DBSAES_ASM -DECP_NISTZ256_ASM -DECP_SM2P256_ASM -DKECCAK1600_ASM -DMD5_ASM -DOPENSSL_BN_ASM_MONT -DOPENSSL_CPUID_OBJ -DOPENSSL_SM3_ASM -DPOLY1305_ASM -DSHA1_ASM -DSHA256_ASM -DSHA512_ASM -DSM4_ASM -DVPAES_ASM -DVPSM4_ASM -fPIC -pthread -Wa,--noexecstack -Wall -O3 -DOPENSSL_USE_NODELETE -DOPENSSL_PIC -DOPENSSLDIR="\"/opt/ossl-static/ssl\"" -DENGINESDIR="\"/opt/ossl-static/lib/engines-3\"" -DMODULESDIR="\"/opt/ossl-static/lib/ossl-modules\"" -DOPENSSL_BUILDING_OPENSSL -DNDEBUG  -MMD -MF crypto/buffer/libcrypto-lib-buffer.d.tmp -MT crypto/buffer/libcrypto-lib-buffer.o -c -o crypto/buffer/libcrypto-lib-buffer.o crypto/buffer/buffer.c
gcc  -I. -Iinclude -Iproviders/common/include -Iproviders/implementations/include  -DBSAES_ASM -DECP_NISTZ256_ASM -DECP_SM2P256_ASM -DKECCAK1600_ASM -DMD5_ASM -DOPENSSL_BN_ASM_MONT -DOPENSSL_CPUID_OBJ -DOPENSSL_SM3_ASM -DPOLY1305_ASM -DSHA1_ASM -DSHA256_ASM -DSHA512_ASM -DSM4_ASM -DVPAES_ASM -DVPSM4_ASM -fPIC -pthread -Wa,--noexecstack -Wall -O3 -DOPENSSL_USE_NODELETE -DOPENSSL_PIC -DOPENSSLDIR="\"/opt/ossl-static/ssl\"" -DENGINESDIR="\"/opt/ossl-static/lib/engines-3\"" -DMODULESDIR="\"/opt/ossl-static/lib/ossl-modules\"" -DOPENSSL_BUILDING_OPENSSL -DNDEBUG  -MMD -MF crypto/camellia/libcrypto-lib-camellia.d.tmp -MT crypto/camellia/libcrypto-lib-camellia.o -c -o crypto/camellia/libcrypto-lib-camellia.o crypto/camellia/camellia.c
gcc  -I. -Iinclude -Iproviders/common/include -Iproviders/implementations/include  -DBSAES_ASM -DECP_NISTZ256_ASM -DECP_SM2P256_ASM -DKECCAK1600_ASM -DMD5_ASM -DOPENSSL_BN_ASM_MONT -DOPENSSL_CPUID_OBJ -DOPENSSL_SM3_ASM -DPOLY1305_ASM -DSHA1_ASM -DSHA256_ASM -DSHA512_ASM -DSM4_ASM -DVPAES_ASM -DVPSM4_ASM -fPIC -pthread -Wa,--noexecstack -Wall -O3 -DOPENSSL_USE_NODELETE -DOPENSSL_PIC -DOPENSSLDIR="\"/opt/ossl-static/ssl\"" -DENGINESDIR="\"/opt/ossl-static/lib/engines-3\"" -DMODULESDIR="\"/opt/ossl-static/lib/ossl-modules\"" -DOPENSSL_BUILDING_OPENSSL -DNDEBUG  -MMD -MF crypto/camellia/libcrypto-lib-cmll_cbc.d.tmp -MT crypto/camellia/libcrypto-lib-cmll_cbc.o -c -o crypto/camellia/libcrypto-lib-cmll_cbc.o crypto/camellia/cmll_cbc.c
gcc  -I. -Iinclude -Iproviders/common/include -Iproviders/implementations/include  -DBSAES_ASM -DECP_NISTZ256_ASM -DECP_SM2P256_ASM -DKECCAK1600_ASM -DMD5_ASM -DOPENSSL_BN_ASM_MONT -DOPENSSL_CPUID_OBJ -DOPENSSL_SM3_ASM -DPOLY1305_ASM -DSHA1_ASM -DSHA256_ASM -DSHA512_ASM -DSM4_ASM -DVPAES_ASM -DVPSM4_ASM -fPIC -pthread -Wa,--noexecstack -Wall -O3 -DOPENSSL_USE_NODELETE -DOPENSSL_PIC -DOPENSSLDIR="\"/opt/ossl-static/ssl\"" -DENGINESDIR="\"/opt/ossl-static/lib/engines-3\"" -DMODULESDIR="\"/opt/ossl-static/lib/ossl-modules\"" -DOPENSSL_BUILDING_OPENSSL -DNDEBUG  -MMD -MF crypto/camellia/libcrypto-lib-cmll_cfb.d.tmp -MT crypto/camellia/libcrypto-lib-cmll_cfb.o -c -o crypto/camellia/libcrypto-lib-cmll_cfb.o crypto/camellia/cmll_cfb.c
gcc  -I. -Iinclude -Iproviders/common/include -Iproviders/implementations/include  -DBSAES_ASM -DECP_NISTZ256_ASM -DECP_SM2P256_ASM -DKECCAK1600_ASM -DMD5_ASM -DOPENSSL_BN_ASM_MONT -DOPENSSL_CPUID_OBJ -DOPENSSL_SM3_ASM -DPOLY1305_ASM -DSHA1_ASM -DSHA256_ASM -DSHA512_ASM -DSM4_ASM -DVPAES_ASM -DVPSM4_ASM -fPIC -pthread -Wa,--noexecstack -Wall -O3 -DOPENSSL_USE_NODELETE -DOPENSSL_PIC -DOPENSSLDIR="\"/opt/ossl-static/ssl\"" -DENGINESDIR="\"/opt/ossl-static/lib/engines-3\"" -DMODULESDIR="\"/opt/ossl-static/lib/ossl-modules\"" -DOPENSSL_BUILDING_OPENSSL -DNDEBUG  -MMD -MF crypto/camellia/libcrypto-lib-cmll_ctr.d.tmp -MT crypto/camellia/libcrypto-lib-cmll_ctr.o -c -o crypto/camellia/libcrypto-lib-cmll_ctr.o crypto/camellia/cmll_ctr.c
gcc  -I. -Iinclude -Iproviders/common/include -Iproviders/implementations/include  -DBSAES_ASM -DECP_NISTZ256_ASM -DECP_SM2P256_ASM -DKECCAK1600_ASM -DMD5_ASM -DOPENSSL_BN_ASM_MONT -DOPENSSL_CPUID_OBJ -DOPENSSL_SM3_ASM -DPOLY1305_ASM -DSHA1_ASM -DSHA256_ASM -DSHA512_ASM -DSM4_ASM -DVPAES_ASM -DVPSM4_ASM -fPIC -pthread -Wa,--noexecstack -Wall -O3 -DOPENSSL_USE_NODELETE -DOPENSSL_PIC -DOPENSSLDIR="\"/opt/ossl-static/ssl\"" -DENGINESDIR="\"/opt/ossl-static/lib/engines-3\"" -DMODULESDIR="\"/opt/ossl-static/lib/ossl-modules\"" -DOPENSSL_BUILDING_OPENSSL -DNDEBUG  -MMD -MF crypto/camellia/libcrypto-lib-cmll_ecb.d.tmp -MT crypto/camellia/libcrypto-lib-cmll_ecb.o -c -o crypto/camellia/libcrypto-lib-cmll_ecb.o crypto/camellia/cmll_ecb.c
gcc  -I. -Iinclude -Iproviders/common/include -Iproviders/implementations/include  -DBSAES_ASM -DECP_NISTZ256_ASM -DECP_SM2P256_ASM -DKECCAK1600_ASM -DMD5_ASM -DOPENSSL_BN_ASM_MONT -DOPENSSL_CPUID_OBJ -DOPENSSL_SM3_ASM -DPOLY1305_ASM -DSHA1_ASM -DSHA256_ASM -DSHA512_ASM -DSM4_ASM -DVPAES_ASM -DVPSM4_ASM -fPIC -pthread -Wa,--noexecstack -Wall -O3 -DOPENSSL_USE_NODELETE -DOPENSSL_PIC -DOPENSSLDIR="\"/opt/ossl-static/ssl\"" -DENGINESDIR="\"/opt/ossl-static/lib/engines-3\"" -DMODULESDIR="\"/opt/ossl-static/lib/ossl-modules\"" -DOPENSSL_BUILDING_OPENSSL -DNDEBUG  -MMD -MF crypto/camellia/libcrypto-lib-cmll_misc.d.tmp -MT crypto/camellia/libcrypto-lib-cmll_misc.o -c -o crypto/camellia/libcrypto-lib-cmll_misc.o crypto/camellia/cmll_misc.c
gcc  -I. -Iinclude -Iproviders/common/include -Iproviders/implementations/include  -DBSAES_ASM -DECP_NISTZ256_ASM -DECP_SM2P256_ASM -DKECCAK1600_ASM -DMD5_ASM -DOPENSSL_BN_ASM_MONT -DOPENSSL_CPUID_OBJ -DOPENSSL_SM3_ASM -DPOLY1305_ASM -DSHA1_ASM -DSHA256_ASM -DSHA512_ASM -DSM4_ASM -DVPAES_ASM -DVPSM4_ASM -fPIC -pthread -Wa,--noexecstack -Wall -O3 -DOPENSSL_USE_NODELETE -DOPENSSL_PIC -DOPENSSLDIR="\"/opt/ossl-static/ssl\"" -DENGINESDIR="\"/opt/ossl-static/lib/engines-3\"" -DMODULESDIR="\"/opt/ossl-static/lib/ossl-modules\"" -DOPENSSL_BUILDING_OPENSSL -DNDEBUG  -MMD -MF crypto/camellia/libcrypto-lib-cmll_ofb.d.tmp -MT crypto/camellia/libcrypto-lib-cmll_ofb.o -c -o crypto/camellia/libcrypto-lib-cmll_ofb.o crypto/camellia/cmll_ofb.c
gcc  -I. -Iinclude -Iproviders/common/include -Iproviders/implementations/include  -DBSAES_ASM -DECP_NISTZ256_ASM -DECP_SM2P256_ASM -DKECCAK1600_ASM -DMD5_ASM -DOPENSSL_BN_ASM_MONT -DOPENSSL_CPUID_OBJ -DOPENSSL_SM3_ASM -DPOLY1305_ASM -DSHA1_ASM -DSHA256_ASM -DSHA512_ASM -DSM4_ASM -DVPAES_ASM -DVPSM4_ASM -fPIC -pthread -Wa,--noexecstack -Wall -O3 -DOPENSSL_USE_NODELETE -DOPENSSL_PIC -DOPENSSLDIR="\"/opt/ossl-static/ssl\"" -DENGINESDIR="\"/opt/ossl-static/lib/engines-3\"" -DMODULESDIR="\"/opt/ossl-static/lib/ossl-modules\"" -DOPENSSL_BUILDING_OPENSSL -DNDEBUG  -MMD -MF crypto/cast/libcrypto-lib-c_cfb64.d.tmp -MT crypto/cast/libcrypto-lib-c_cfb64.o -c -o crypto/cast/libcrypto-lib-c_cfb64.o crypto/cast/c_cfb64.c
gcc  -I. -Iinclude -Iproviders/common/include -Iproviders/implementations/include  -DBSAES_ASM -DECP_NISTZ256_ASM -DECP_SM2P256_ASM -DKECCAK1600_ASM -DMD5_ASM -DOPENSSL_BN_ASM_MONT -DOPENSSL_CPUID_OBJ -DOPENSSL_SM3_ASM -DPOLY1305_ASM -DSHA1_ASM -DSHA256_ASM -DSHA512_ASM -DSM4_ASM -DVPAES_ASM -DVPSM4_ASM -fPIC -pthread -Wa,--noexecstack -Wall -O3 -DOPENSSL_USE_NODELETE -DOPENSSL_PIC -DOPENSSLDIR="\"/opt/ossl-static/ssl\"" -DENGINESDIR="\"/opt/ossl-static/lib/engines-3\"" -DMODULESDIR="\"/opt/ossl-static/lib/ossl-modules\"" -DOPENSSL_BUILDING_OPENSSL -DNDEBUG  -MMD -MF crypto/cast/libcrypto-lib-c_ecb.d.tmp -MT crypto/cast/libcrypto-lib-c_ecb.o -c -o crypto/cast/libcrypto-lib-c_ecb.o crypto/cast/c_ecb.c
gcc  -I. -Iinclude -Iproviders/common/include -Iproviders/implementations/include  -DBSAES_ASM -DECP_NISTZ256_ASM -DECP_SM2P256_ASM -DKECCAK1600_ASM -DMD5_ASM -DOPENSSL_BN_ASM_MONT -DOPENSSL_CPUID_OBJ -DOPENSSL_SM3_ASM -DPOLY1305_ASM -DSHA1_ASM -DSHA256_ASM -DSHA512_ASM -DSM4_ASM -DVPAES_ASM -DVPSM4_ASM -fPIC -pthread -Wa,--noexecstack -Wall -O3 -DOPENSSL_USE_NODELETE -DOPENSSL_PIC -DOPENSSLDIR="\"/opt/ossl-static/ssl\"" -DENGINESDIR="\"/opt/ossl-static/lib/engines-3\"" -DMODULESDIR="\"/opt/ossl-static/lib/ossl-modules\"" -DOPENSSL_BUILDING_OPENSSL -DNDEBUG  -MMD -MF crypto/cast/libcrypto-lib-c_enc.d.tmp -MT crypto/cast/libcrypto-lib-c_enc.o -c -o crypto/cast/libcrypto-lib-c_enc.o crypto/cast/c_enc.c
gcc  -I. -Iinclude -Iproviders/common/include -Iproviders/implementations/include  -DBSAES_ASM -DECP_NISTZ256_ASM -DECP_SM2P256_ASM -DKECCAK1600_ASM -DMD5_ASM -DOPENSSL_BN_ASM_MONT -DOPENSSL_CPUID_OBJ -DOPENSSL_SM3_ASM -DPOLY1305_ASM -DSHA1_ASM -DSHA256_ASM -DSHA512_ASM -DSM4_ASM -DVPAES_ASM -DVPSM4_ASM -fPIC -pthread -Wa,--noexecstack -Wall -O3 -DOPENSSL_USE_NODELETE -DOPENSSL_PIC -DOPENSSLDIR="\"/opt/ossl-static/ssl\"" -DENGINESDIR="\"/opt/ossl-static/lib/engines-3\"" -DMODULESDIR="\"/opt/ossl-static/lib/ossl-modules\"" -DOPENSSL_BUILDING_OPENSSL -DNDEBUG  -MMD -MF crypto/cast/libcrypto-lib-c_ofb64.d.tmp -MT crypto/cast/libcrypto-lib-c_ofb64.o -c -o crypto/cast/libcrypto-lib-c_ofb64.o crypto/cast/c_ofb64.c
gcc  -I. -Iinclude -Iproviders/common/include -Iproviders/implementations/include  -DBSAES_ASM -DECP_NISTZ256_ASM -DECP_SM2P256_ASM -DKECCAK1600_ASM -DMD5_ASM -DOPENSSL_BN_ASM_MONT -DOPENSSL_CPUID_OBJ -DOPENSSL_SM3_ASM -DPOLY1305_ASM -DSHA1_ASM -DSHA256_ASM -DSHA512_ASM -DSM4_ASM -DVPAES_ASM -DVPSM4_ASM -fPIC -pthread -Wa,--noexecstack -Wall -O3 -DOPENSSL_USE_NODELETE -DOPENSSL_PIC -DOPENSSLDIR="\"/opt/ossl-static/ssl\"" -DENGINESDIR="\"/opt/ossl-static/lib/engines-3\"" -DMODULESDIR="\"/opt/ossl-static/lib/ossl-modules\"" -DOPENSSL_BUILDING_OPENSSL -DNDEBUG  -MMD -MF crypto/cast/libcrypto-lib-c_skey.d.tmp -MT crypto/cast/libcrypto-lib-c_skey.o -c -o crypto/cast/libcrypto-lib-c_skey.o crypto/cast/c_skey.c
CC="gcc" perl crypto/chacha/asm/chacha-armv8-sve.pl "linux64" -Icrypto -I. -Iinclude -Iproviders/common/include -Iproviders/implementations/include -fPIC -pthread -Wa,--noexecstack -Wall -O3 -DOPENSSL_USE_NODELETE -DOPENSSL_PIC -DOPENSSLDIR="\"/opt/ossl-static/ssl\"" -DENGINESDIR="\"/opt/ossl-static/lib/engines-3\"" -DMODULESDIR="\"/opt/ossl-static/lib/ossl-modules\"" -DOPENSSL_BUILDING_OPENSSL -DNDEBUG  -DBSAES_ASM -DECP_NISTZ256_ASM -DECP_SM2P256_ASM -DKECCAK1600_ASM -DMD5_ASM -DOPENSSL_BN_ASM_MONT -DOPENSSL_CPUID_OBJ -DOPENSSL_SM3_ASM -DPOLY1305_ASM -DSHA1_ASM -DSHA256_ASM -DSHA512_ASM -DSM4_ASM -DVPAES_ASM -DVPSM4_ASM  crypto/chacha/chacha-armv8-sve.S
CC="gcc" perl crypto/chacha/asm/chacha-armv8.pl "linux64" -Icrypto -I. -Iinclude -Iproviders/common/include -Iproviders/implementations/include -fPIC -pthread -Wa,--noexecstack -Wall -O3 -DOPENSSL_USE_NODELETE -DOPENSSL_PIC -DOPENSSLDIR="\"/opt/ossl-static/ssl\"" -DENGINESDIR="\"/opt/ossl-static/lib/engines-3\"" -DMODULESDIR="\"/opt/ossl-static/lib/ossl-modules\"" -DOPENSSL_BUILDING_OPENSSL -DNDEBUG  -DBSAES_ASM -DECP_NISTZ256_ASM -DECP_SM2P256_ASM -DKECCAK1600_ASM -DMD5_ASM -DOPENSSL_BN_ASM_MONT -DOPENSSL_CPUID_OBJ -DOPENSSL_SM3_ASM -DPOLY1305_ASM -DSHA1_ASM -DSHA256_ASM -DSHA512_ASM -DSM4_ASM -DVPAES_ASM -DVPSM4_ASM  crypto/chacha/chacha-armv8.S
gcc  -I. -Iinclude -Iproviders/common/include -Iproviders/implementations/include  -DBSAES_ASM -DECP_NISTZ256_ASM -DECP_SM2P256_ASM -DKECCAK1600_ASM -DMD5_ASM -DOPENSSL_BN_ASM_MONT -DOPENSSL_CPUID_OBJ -DOPENSSL_SM3_ASM -DPOLY1305_ASM -DSHA1_ASM -DSHA256_ASM -DSHA512_ASM -DSM4_ASM -DVPAES_ASM -DVPSM4_ASM -fPIC -pthread -Wa,--noexecstack -Wall -O3 -DOPENSSL_USE_NODELETE -DOPENSSL_PIC -DOPENSSLDIR="\"/opt/ossl-static/ssl\"" -DENGINESDIR="\"/opt/ossl-static/lib/engines-3\"" -DMODULESDIR="\"/opt/ossl-static/lib/ossl-modules\"" -DOPENSSL_BUILDING_OPENSSL -DNDEBUG  -MMD -MF crypto/cmac/libcrypto-lib-cmac.d.tmp -MT crypto/cmac/libcrypto-lib-cmac.o -c -o crypto/cmac/libcrypto-lib-cmac.o crypto/cmac/cmac.c
gcc  -I. -Iinclude -Iproviders/common/include -Iproviders/implementations/include  -DBSAES_ASM -DECP_NISTZ256_ASM -DECP_SM2P256_ASM -DKECCAK1600_ASM -DMD5_ASM -DOPENSSL_BN_ASM_MONT -DOPENSSL_CPUID_OBJ -DOPENSSL_SM3_ASM -DPOLY1305_ASM -DSHA1_ASM -DSHA256_ASM -DSHA512_ASM -DSM4_ASM -DVPAES_ASM -DVPSM4_ASM -fPIC -pthread -Wa,--noexecstack -Wall -O3 -DOPENSSL_USE_NODELETE -DOPENSSL_PIC -DOPENSSLDIR="\"/opt/ossl-static/ssl\"" -DENGINESDIR="\"/opt/ossl-static/lib/engines-3\"" -DMODULESDIR="\"/opt/ossl-static/lib/ossl-modules\"" -DOPENSSL_BUILDING_OPENSSL -DNDEBUG  -MMD -MF crypto/cmp/libcrypto-lib-cmp_asn.d.tmp -MT crypto/cmp/libcrypto-lib-cmp_asn.o -c -o crypto/cmp/libcrypto-lib-cmp_asn.o crypto/cmp/cmp_asn.c
gcc  -I. -Iinclude -Iproviders/common/include -Iproviders/implementations/include  -DBSAES_ASM -DECP_NISTZ256_ASM -DECP_SM2P256_ASM -DKECCAK1600_ASM -DMD5_ASM -DOPENSSL_BN_ASM_MONT -DOPENSSL_CPUID_OBJ -DOPENSSL_SM3_ASM -DPOLY1305_ASM -DSHA1_ASM -DSHA256_ASM -DSHA512_ASM -DSM4_ASM -DVPAES_ASM -DVPSM4_ASM -fPIC -pthread -Wa,--noexecstack -Wall -O3 -DOPENSSL_USE_NODELETE -DOPENSSL_PIC -DOPENSSLDIR="\"/opt/ossl-static/ssl\"" -DENGINESDIR="\"/opt/ossl-static/lib/engines-3\"" -DMODULESDIR="\"/opt/ossl-static/lib/ossl-modules\"" -DOPENSSL_BUILDING_OPENSSL -DNDEBUG  -MMD -MF crypto/cmp/libcrypto-lib-cmp_client.d.tmp -MT crypto/cmp/libcrypto-lib-cmp_client.o -c -o crypto/cmp/libcrypto-lib-cmp_client.o crypto/cmp/cmp_client.c
gcc  -I. -Iinclude -Iproviders/common/include -Iproviders/implementations/include  -DBSAES_ASM -DECP_NISTZ256_ASM -DECP_SM2P256_ASM -DKECCAK1600_ASM -DMD5_ASM -DOPENSSL_BN_ASM_MONT -DOPENSSL_CPUID_OBJ -DOPENSSL_SM3_ASM -DPOLY1305_ASM -DSHA1_ASM -DSHA256_ASM -DSHA512_ASM -DSM4_ASM -DVPAES_ASM -DVPSM4_ASM -fPIC -pthread -Wa,--noexecstack -Wall -O3 -DOPENSSL_USE_NODELETE -DOPENSSL_PIC -DOPENSSLDIR="\"/opt/ossl-static/ssl\"" -DENGINESDIR="\"/opt/ossl-static/lib/engines-3\"" -DMODULESDIR="\"/opt/ossl-static/lib/ossl-modules\"" -DOPENSSL_BUILDING_OPENSSL -DNDEBUG  -MMD -MF crypto/cmp/libcrypto-lib-cmp_ctx.d.tmp -MT crypto/cmp/libcrypto-lib-cmp_ctx.o -c -o crypto/cmp/libcrypto-lib-cmp_ctx.o crypto/cmp/cmp_ctx.c
gcc  -I. -Iinclude -Iproviders/common/include -Iproviders/implementations/include  -DBSAES_ASM -DECP_NISTZ256_ASM -DECP_SM2P256_ASM -DKECCAK1600_ASM -DMD5_ASM -DOPENSSL_BN_ASM_MONT -DOPENSSL_CPUID_OBJ -DOPENSSL_SM3_ASM -DPOLY1305_ASM -DSHA1_ASM -DSHA256_ASM -DSHA512_ASM -DSM4_ASM -DVPAES_ASM -DVPSM4_ASM -fPIC -pthread -Wa,--noexecstack -Wall -O3 -DOPENSSL_USE_NODELETE -DOPENSSL_PIC -DOPENSSLDIR="\"/opt/ossl-static/ssl\"" -DENGINESDIR="\"/opt/ossl-static/lib/engines-3\"" -DMODULESDIR="\"/opt/ossl-static/lib/ossl-modules\"" -DOPENSSL_BUILDING_OPENSSL -DNDEBUG  -MMD -MF crypto/cmp/libcrypto-lib-cmp_err.d.tmp -MT crypto/cmp/libcrypto-lib-cmp_err.o -c -o crypto/cmp/libcrypto-lib-cmp_err.o crypto/cmp/cmp_err.c
gcc  -I. -Iinclude -Iproviders/common/include -Iproviders/implementations/include  -DBSAES_ASM -DECP_NISTZ256_ASM -DECP_SM2P256_ASM -DKECCAK1600_ASM -DMD5_ASM -DOPENSSL_BN_ASM_MONT -DOPENSSL_CPUID_OBJ -DOPENSSL_SM3_ASM -DPOLY1305_ASM -DSHA1_ASM -DSHA256_ASM -DSHA512_ASM -DSM4_ASM -DVPAES_ASM -DVPSM4_ASM -fPIC -pthread -Wa,--noexecstack -Wall -O3 -DOPENSSL_USE_NODELETE -DOPENSSL_PIC -DOPENSSLDIR="\"/opt/ossl-static/ssl\"" -DENGINESDIR="\"/opt/ossl-static/lib/engines-3\"" -DMODULESDIR="\"/opt/ossl-static/lib/ossl-modules\"" -DOPENSSL_BUILDING_OPENSSL -DNDEBUG  -MMD -MF crypto/cmp/libcrypto-lib-cmp_genm.d.tmp -MT crypto/cmp/libcrypto-lib-cmp_genm.o -c -o crypto/cmp/libcrypto-lib-cmp_genm.o crypto/cmp/cmp_genm.c
gcc  -I. -Iinclude -Iproviders/common/include -Iproviders/implementations/include  -DBSAES_ASM -DECP_NISTZ256_ASM -DECP_SM2P256_ASM -DKECCAK1600_ASM -DMD5_ASM -DOPENSSL_BN_ASM_MONT -DOPENSSL_CPUID_OBJ -DOPENSSL_SM3_ASM -DPOLY1305_ASM -DSHA1_ASM -DSHA256_ASM -DSHA512_ASM -DSM4_ASM -DVPAES_ASM -DVPSM4_ASM -fPIC -pthread -Wa,--noexecstack -Wall -O3 -DOPENSSL_USE_NODELETE -DOPENSSL_PIC -DOPENSSLDIR="\"/opt/ossl-static/ssl\"" -DENGINESDIR="\"/opt/ossl-static/lib/engines-3\"" -DMODULESDIR="\"/opt/ossl-static/lib/ossl-modules\"" -DOPENSSL_BUILDING_OPENSSL -DNDEBUG  -MMD -MF crypto/cmp/libcrypto-lib-cmp_hdr.d.tmp -MT crypto/cmp/libcrypto-lib-cmp_hdr.o -c -o crypto/cmp/libcrypto-lib-cmp_hdr.o crypto/cmp/cmp_hdr.c
gcc  -I. -Iinclude -Iproviders/common/include -Iproviders/implementations/include  -DBSAES_ASM -DECP_NISTZ256_ASM -DECP_SM2P256_ASM -DKECCAK1600_ASM -DMD5_ASM -DOPENSSL_BN_ASM_MONT -DOPENSSL_CPUID_OBJ -DOPENSSL_SM3_ASM -DPOLY1305_ASM -DSHA1_ASM -DSHA256_ASM -DSHA512_ASM -DSM4_ASM -DVPAES_ASM -DVPSM4_ASM -fPIC -pthread -Wa,--noexecstack -Wall -O3 -DOPENSSL_USE_NODELETE -DOPENSSL_PIC -DOPENSSLDIR="\"/opt/ossl-static/ssl\"" -DENGINESDIR="\"/opt/ossl-static/lib/engines-3\"" -DMODULESDIR="\"/opt/ossl-static/lib/ossl-modules\"" -DOPENSSL_BUILDING_OPENSSL -DNDEBUG  -MMD -MF crypto/cmp/libcrypto-lib-cmp_http.d.tmp -MT crypto/cmp/libcrypto-lib-cmp_http.o -c -o crypto/cmp/libcrypto-lib-cmp_http.o crypto/cmp/cmp_http.c
gcc  -I. -Iinclude -Iproviders/common/include -Iproviders/implementations/include  -DBSAES_ASM -DECP_NISTZ256_ASM -DECP_SM2P256_ASM -DKECCAK1600_ASM -DMD5_ASM -DOPENSSL_BN_ASM_MONT -DOPENSSL_CPUID_OBJ -DOPENSSL_SM3_ASM -DPOLY1305_ASM -DSHA1_ASM -DSHA256_ASM -DSHA512_ASM -DSM4_ASM -DVPAES_ASM -DVPSM4_ASM -fPIC -pthread -Wa,--noexecstack -Wall -O3 -DOPENSSL_USE_NODELETE -DOPENSSL_PIC -DOPENSSLDIR="\"/opt/ossl-static/ssl\"" -DENGINESDIR="\"/opt/ossl-static/lib/engines-3\"" -DMODULESDIR="\"/opt/ossl-static/lib/ossl-modules\"" -DOPENSSL_BUILDING_OPENSSL -DNDEBUG  -MMD -MF crypto/cmp/libcrypto-lib-cmp_msg.d.tmp -MT crypto/cmp/libcrypto-lib-cmp_msg.o -c -o crypto/cmp/libcrypto-lib-cmp_msg.o crypto/cmp/cmp_msg.c
gcc  -I. -Iinclude -Iproviders/common/include -Iproviders/implementations/include  -DBSAES_ASM -DECP_NISTZ256_ASM -DECP_SM2P256_ASM -DKECCAK1600_ASM -DMD5_ASM -DOPENSSL_BN_ASM_MONT -DOPENSSL_CPUID_OBJ -DOPENSSL_SM3_ASM -DPOLY1305_ASM -DSHA1_ASM -DSHA256_ASM -DSHA512_ASM -DSM4_ASM -DVPAES_ASM -DVPSM4_ASM -fPIC -pthread -Wa,--noexecstack -Wall -O3 -DOPENSSL_USE_NODELETE -DOPENSSL_PIC -DOPENSSLDIR="\"/opt/ossl-static/ssl\"" -DENGINESDIR="\"/opt/ossl-static/lib/engines-3\"" -DMODULESDIR="\"/opt/ossl-static/lib/ossl-modules\"" -DOPENSSL_BUILDING_OPENSSL -DNDEBUG  -MMD -MF crypto/cmp/libcrypto-lib-cmp_protect.d.tmp -MT crypto/cmp/libcrypto-lib-cmp_protect.o -c -o crypto/cmp/libcrypto-lib-cmp_protect.o crypto/cmp/cmp_protect.c
gcc  -I. -Iinclude -Iproviders/common/include -Iproviders/implementations/include  -DBSAES_ASM -DECP_NISTZ256_ASM -DECP_SM2P256_ASM -DKECCAK1600_ASM -DMD5_ASM -DOPENSSL_BN_ASM_MONT -DOPENSSL_CPUID_OBJ -DOPENSSL_SM3_ASM -DPOLY1305_ASM -DSHA1_ASM -DSHA256_ASM -DSHA512_ASM -DSM4_ASM -DVPAES_ASM -DVPSM4_ASM -fPIC -pthread -Wa,--noexecstack -Wall -O3 -DOPENSSL_USE_NODELETE -DOPENSSL_PIC -DOPENSSLDIR="\"/opt/ossl-static/ssl\"" -DENGINESDIR="\"/opt/ossl-static/lib/engines-3\"" -DMODULESDIR="\"/opt/ossl-static/lib/ossl-modules\"" -DOPENSSL_BUILDING_OPENSSL -DNDEBUG  -MMD -MF crypto/cmp/libcrypto-lib-cmp_server.d.tmp -MT crypto/cmp/libcrypto-lib-cmp_server.o -c -o crypto/cmp/libcrypto-lib-cmp_server.o crypto/cmp/cmp_server.c
gcc  -I. -Iinclude -Iproviders/common/include -Iproviders/implementations/include  -DBSAES_ASM -DECP_NISTZ256_ASM -DECP_SM2P256_ASM -DKECCAK1600_ASM -DMD5_ASM -DOPENSSL_BN_ASM_MONT -DOPENSSL_CPUID_OBJ -DOPENSSL_SM3_ASM -DPOLY1305_ASM -DSHA1_ASM -DSHA256_ASM -DSHA512_ASM -DSM4_ASM -DVPAES_ASM -DVPSM4_ASM -fPIC -pthread -Wa,--noexecstack -Wall -O3 -DOPENSSL_USE_NODELETE -DOPENSSL_PIC -DOPENSSLDIR="\"/opt/ossl-static/ssl\"" -DENGINESDIR="\"/opt/ossl-static/lib/engines-3\"" -DMODULESDIR="\"/opt/ossl-static/lib/ossl-modules\"" -DOPENSSL_BUILDING_OPENSSL -DNDEBUG  -MMD -MF crypto/cmp/libcrypto-lib-cmp_status.d.tmp -MT crypto/cmp/libcrypto-lib-cmp_status.o -c -o crypto/cmp/libcrypto-lib-cmp_status.o crypto/cmp/cmp_status.c
gcc  -I. -Iinclude -Iproviders/common/include -Iproviders/implementations/include  -DBSAES_ASM -DECP_NISTZ256_ASM -DECP_SM2P256_ASM -DKECCAK1600_ASM -DMD5_ASM -DOPENSSL_BN_ASM_MONT -DOPENSSL_CPUID_OBJ -DOPENSSL_SM3_ASM -DPOLY1305_ASM -DSHA1_ASM -DSHA256_ASM -DSHA512_ASM -DSM4_ASM -DVPAES_ASM -DVPSM4_ASM -fPIC -pthread -Wa,--noexecstack -Wall -O3 -DOPENSSL_USE_NODELETE -DOPENSSL_PIC -DOPENSSLDIR="\"/opt/ossl-static/ssl\"" -DENGINESDIR="\"/opt/ossl-static/lib/engines-3\"" -DMODULESDIR="\"/opt/ossl-static/lib/ossl-modules\"" -DOPENSSL_BUILDING_OPENSSL -DNDEBUG  -MMD -MF crypto/cmp/libcrypto-lib-cmp_util.d.tmp -MT crypto/cmp/libcrypto-lib-cmp_util.o -c -o crypto/cmp/libcrypto-lib-cmp_util.o crypto/cmp/cmp_util.c
gcc  -I. -Iinclude -Iproviders/common/include -Iproviders/implementations/include  -DBSAES_ASM -DECP_NISTZ256_ASM -DECP_SM2P256_ASM -DKECCAK1600_ASM -DMD5_ASM -DOPENSSL_BN_ASM_MONT -DOPENSSL_CPUID_OBJ -DOPENSSL_SM3_ASM -DPOLY1305_ASM -DSHA1_ASM -DSHA256_ASM -DSHA512_ASM -DSM4_ASM -DVPAES_ASM -DVPSM4_ASM -fPIC -pthread -Wa,--noexecstack -Wall -O3 -DOPENSSL_USE_NODELETE -DOPENSSL_PIC -DOPENSSLDIR="\"/opt/ossl-static/ssl\"" -DENGINESDIR="\"/opt/ossl-static/lib/engines-3\"" -DMODULESDIR="\"/opt/ossl-static/lib/ossl-modules\"" -DOPENSSL_BUILDING_OPENSSL -DNDEBUG  -MMD -MF crypto/cmp/libcrypto-lib-cmp_vfy.d.tmp -MT crypto/cmp/libcrypto-lib-cmp_vfy.o -c -o crypto/cmp/libcrypto-lib-cmp_vfy.o crypto/cmp/cmp_vfy.c
gcc  -I. -Iinclude -Iproviders/common/include -Iproviders/implementations/include  -DBSAES_ASM -DECP_NISTZ256_ASM -DECP_SM2P256_ASM -DKECCAK1600_ASM -DMD5_ASM -DOPENSSL_BN_ASM_MONT -DOPENSSL_CPUID_OBJ -DOPENSSL_SM3_ASM -DPOLY1305_ASM -DSHA1_ASM -DSHA256_ASM -DSHA512_ASM -DSM4_ASM -DVPAES_ASM -DVPSM4_ASM -fPIC -pthread -Wa,--noexecstack -Wall -O3 -DOPENSSL_USE_NODELETE -DOPENSSL_PIC -DOPENSSLDIR="\"/opt/ossl-static/ssl\"" -DENGINESDIR="\"/opt/ossl-static/lib/engines-3\"" -DMODULESDIR="\"/opt/ossl-static/lib/ossl-modules\"" -DOPENSSL_BUILDING_OPENSSL -DNDEBUG  -MMD -MF crypto/cms/libcrypto-lib-cms_asn1.d.tmp -MT crypto/cms/libcrypto-lib-cms_asn1.o -c -o crypto/cms/libcrypto-lib-cms_asn1.o crypto/cms/cms_asn1.c
gcc  -I. -Iinclude -Iproviders/common/include -Iproviders/implementations/include  -DBSAES_ASM -DECP_NISTZ256_ASM -DECP_SM2P256_ASM -DKECCAK1600_ASM -DMD5_ASM -DOPENSSL_BN_ASM_MONT -DOPENSSL_CPUID_OBJ -DOPENSSL_SM3_ASM -DPOLY1305_ASM -DSHA1_ASM -DSHA256_ASM -DSHA512_ASM -DSM4_ASM -DVPAES_ASM -DVPSM4_ASM -fPIC -pthread -Wa,--noexecstack -Wall -O3 -DOPENSSL_USE_NODELETE -DOPENSSL_PIC -DOPENSSLDIR="\"/opt/ossl-static/ssl\"" -DENGINESDIR="\"/opt/ossl-static/lib/engines-3\"" -DMODULESDIR="\"/opt/ossl-static/lib/ossl-modules\"" -DOPENSSL_BUILDING_OPENSSL -DNDEBUG  -MMD -MF crypto/cms/libcrypto-lib-cms_att.d.tmp -MT crypto/cms/libcrypto-lib-cms_att.o -c -o crypto/cms/libcrypto-lib-cms_att.o crypto/cms/cms_att.c
gcc  -I. -Iinclude -Iproviders/common/include -Iproviders/implementations/include  -DBSAES_ASM -DECP_NISTZ256_ASM -DECP_SM2P256_ASM -DKECCAK1600_ASM -DMD5_ASM -DOPENSSL_BN_ASM_MONT -DOPENSSL_CPUID_OBJ -DOPENSSL_SM3_ASM -DPOLY1305_ASM -DSHA1_ASM -DSHA256_ASM -DSHA512_ASM -DSM4_ASM -DVPAES_ASM -DVPSM4_ASM -fPIC -pthread -Wa,--noexecstack -Wall -O3 -DOPENSSL_USE_NODELETE -DOPENSSL_PIC -DOPENSSLDIR="\"/opt/ossl-static/ssl\"" -DENGINESDIR="\"/opt/ossl-static/lib/engines-3\"" -DMODULESDIR="\"/opt/ossl-static/lib/ossl-modules\"" -DOPENSSL_BUILDING_OPENSSL -DNDEBUG  -MMD -MF crypto/cms/libcrypto-lib-cms_cd.d.tmp -MT crypto/cms/libcrypto-lib-cms_cd.o -c -o crypto/cms/libcrypto-lib-cms_cd.o crypto/cms/cms_cd.c
gcc  -I. -Iinclude -Iproviders/common/include -Iproviders/implementations/include  -DBSAES_ASM -DECP_NISTZ256_ASM -DECP_SM2P256_ASM -DKECCAK1600_ASM -DMD5_ASM -DOPENSSL_BN_ASM_MONT -DOPENSSL_CPUID_OBJ -DOPENSSL_SM3_ASM -DPOLY1305_ASM -DSHA1_ASM -DSHA256_ASM -DSHA512_ASM -DSM4_ASM -DVPAES_ASM -DVPSM4_ASM -fPIC -pthread -Wa,--noexecstack -Wall -O3 -DOPENSSL_USE_NODELETE -DOPENSSL_PIC -DOPENSSLDIR="\"/opt/ossl-static/ssl\"" -DENGINESDIR="\"/opt/ossl-static/lib/engines-3\"" -DMODULESDIR="\"/opt/ossl-static/lib/ossl-modules\"" -DOPENSSL_BUILDING_OPENSSL -DNDEBUG  -MMD -MF crypto/cms/libcrypto-lib-cms_dd.d.tmp -MT crypto/cms/libcrypto-lib-cms_dd.o -c -o crypto/cms/libcrypto-lib-cms_dd.o crypto/cms/cms_dd.c
gcc  -I. -Iinclude -Iproviders/common/include -Iproviders/implementations/include  -DBSAES_ASM -DECP_NISTZ256_ASM -DECP_SM2P256_ASM -DKECCAK1600_ASM -DMD5_ASM -DOPENSSL_BN_ASM_MONT -DOPENSSL_CPUID_OBJ -DOPENSSL_SM3_ASM -DPOLY1305_ASM -DSHA1_ASM -DSHA256_ASM -DSHA512_ASM -DSM4_ASM -DVPAES_ASM -DVPSM4_ASM -fPIC -pthread -Wa,--noexecstack -Wall -O3 -DOPENSSL_USE_NODELETE -DOPENSSL_PIC -DOPENSSLDIR="\"/opt/ossl-static/ssl\"" -DENGINESDIR="\"/opt/ossl-static/lib/engines-3\"" -DMODULESDIR="\"/opt/ossl-static/lib/ossl-modules\"" -DOPENSSL_BUILDING_OPENSSL -DNDEBUG  -MMD -MF crypto/cms/libcrypto-lib-cms_dh.d.tmp -MT crypto/cms/libcrypto-lib-cms_dh.o -c -o crypto/cms/libcrypto-lib-cms_dh.o crypto/cms/cms_dh.c
gcc  -I. -Iinclude -Iproviders/common/include -Iproviders/implementations/include  -DBSAES_ASM -DECP_NISTZ256_ASM -DECP_SM2P256_ASM -DKECCAK1600_ASM -DMD5_ASM -DOPENSSL_BN_ASM_MONT -DOPENSSL_CPUID_OBJ -DOPENSSL_SM3_ASM -DPOLY1305_ASM -DSHA1_ASM -DSHA256_ASM -DSHA512_ASM -DSM4_ASM -DVPAES_ASM -DVPSM4_ASM -fPIC -pthread -Wa,--noexecstack -Wall -O3 -DOPENSSL_USE_NODELETE -DOPENSSL_PIC -DOPENSSLDIR="\"/opt/ossl-static/ssl\"" -DENGINESDIR="\"/opt/ossl-static/lib/engines-3\"" -DMODULESDIR="\"/opt/ossl-static/lib/ossl-modules\"" -DOPENSSL_BUILDING_OPENSSL -DNDEBUG  -MMD -MF crypto/cms/libcrypto-lib-cms_ec.d.tmp -MT crypto/cms/libcrypto-lib-cms_ec.o -c -o crypto/cms/libcrypto-lib-cms_ec.o crypto/cms/cms_ec.c
gcc  -I. -Iinclude -Iproviders/common/include -Iproviders/implementations/include  -DBSAES_ASM -DECP_NISTZ256_ASM -DECP_SM2P256_ASM -DKECCAK1600_ASM -DMD5_ASM -DOPENSSL_BN_ASM_MONT -DOPENSSL_CPUID_OBJ -DOPENSSL_SM3_ASM -DPOLY1305_ASM -DSHA1_ASM -DSHA256_ASM -DSHA512_ASM -DSM4_ASM -DVPAES_ASM -DVPSM4_ASM -fPIC -pthread -Wa,--noexecstack -Wall -O3 -DOPENSSL_USE_NODELETE -DOPENSSL_PIC -DOPENSSLDIR="\"/opt/ossl-static/ssl\"" -DENGINESDIR="\"/opt/ossl-static/lib/engines-3\"" -DMODULESDIR="\"/opt/ossl-static/lib/ossl-modules\"" -DOPENSSL_BUILDING_OPENSSL -DNDEBUG  -MMD -MF crypto/cms/libcrypto-lib-cms_enc.d.tmp -MT crypto/cms/libcrypto-lib-cms_enc.o -c -o crypto/cms/libcrypto-lib-cms_enc.o crypto/cms/cms_enc.c
gcc  -I. -Iinclude -Iproviders/common/include -Iproviders/implementations/include  -DBSAES_ASM -DECP_NISTZ256_ASM -DECP_SM2P256_ASM -DKECCAK1600_ASM -DMD5_ASM -DOPENSSL_BN_ASM_MONT -DOPENSSL_CPUID_OBJ -DOPENSSL_SM3_ASM -DPOLY1305_ASM -DSHA1_ASM -DSHA256_ASM -DSHA512_ASM -DSM4_ASM -DVPAES_ASM -DVPSM4_ASM -fPIC -pthread -Wa,--noexecstack -Wall -O3 -DOPENSSL_USE_NODELETE -DOPENSSL_PIC -DOPENSSLDIR="\"/opt/ossl-static/ssl\"" -DENGINESDIR="\"/opt/ossl-static/lib/engines-3\"" -DMODULESDIR="\"/opt/ossl-static/lib/ossl-modules\"" -DOPENSSL_BUILDING_OPENSSL -DNDEBUG  -MMD -MF crypto/cms/libcrypto-lib-cms_env.d.tmp -MT crypto/cms/libcrypto-lib-cms_env.o -c -o crypto/cms/libcrypto-lib-cms_env.o crypto/cms/cms_env.c
gcc  -I. -Iinclude -Iproviders/common/include -Iproviders/implementations/include  -DBSAES_ASM -DECP_NISTZ256_ASM -DECP_SM2P256_ASM -DKECCAK1600_ASM -DMD5_ASM -DOPENSSL_BN_ASM_MONT -DOPENSSL_CPUID_OBJ -DOPENSSL_SM3_ASM -DPOLY1305_ASM -DSHA1_ASM -DSHA256_ASM -DSHA512_ASM -DSM4_ASM -DVPAES_ASM -DVPSM4_ASM -fPIC -pthread -Wa,--noexecstack -Wall -O3 -DOPENSSL_USE_NODELETE -DOPENSSL_PIC -DOPENSSLDIR="\"/opt/ossl-static/ssl\"" -DENGINESDIR="\"/opt/ossl-static/lib/engines-3\"" -DMODULESDIR="\"/opt/ossl-static/lib/ossl-modules\"" -DOPENSSL_BUILDING_OPENSSL -DNDEBUG  -MMD -MF crypto/cms/libcrypto-lib-cms_err.d.tmp -MT crypto/cms/libcrypto-lib-cms_err.o -c -o crypto/cms/libcrypto-lib-cms_err.o crypto/cms/cms_err.c
gcc  -I. -Iinclude -Iproviders/common/include -Iproviders/implementations/include  -DBSAES_ASM -DECP_NISTZ256_ASM -DECP_SM2P256_ASM -DKECCAK1600_ASM -DMD5_ASM -DOPENSSL_BN_ASM_MONT -DOPENSSL_CPUID_OBJ -DOPENSSL_SM3_ASM -DPOLY1305_ASM -DSHA1_ASM -DSHA256_ASM -DSHA512_ASM -DSM4_ASM -DVPAES_ASM -DVPSM4_ASM -fPIC -pthread -Wa,--noexecstack -Wall -O3 -DOPENSSL_USE_NODELETE -DOPENSSL_PIC -DOPENSSLDIR="\"/opt/ossl-static/ssl\"" -DENGINESDIR="\"/opt/ossl-static/lib/engines-3\"" -DMODULESDIR="\"/opt/ossl-static/lib/ossl-modules\"" -DOPENSSL_BUILDING_OPENSSL -DNDEBUG  -MMD -MF crypto/cms/libcrypto-lib-cms_ess.d.tmp -MT crypto/cms/libcrypto-lib-cms_ess.o -c -o crypto/cms/libcrypto-lib-cms_ess.o crypto/cms/cms_ess.c
gcc  -I. -Iinclude -Iproviders/common/include -Iproviders/implementations/include  -DBSAES_ASM -DECP_NISTZ256_ASM -DECP_SM2P256_ASM -DKECCAK1600_ASM -DMD5_ASM -DOPENSSL_BN_ASM_MONT -DOPENSSL_CPUID_OBJ -DOPENSSL_SM3_ASM -DPOLY1305_ASM -DSHA1_ASM -DSHA256_ASM -DSHA512_ASM -DSM4_ASM -DVPAES_ASM -DVPSM4_ASM -fPIC -pthread -Wa,--noexecstack -Wall -O3 -DOPENSSL_USE_NODELETE -DOPENSSL_PIC -DOPENSSLDIR="\"/opt/ossl-static/ssl\"" -DENGINESDIR="\"/opt/ossl-static/lib/engines-3\"" -DMODULESDIR="\"/opt/ossl-static/lib/ossl-modules\"" -DOPENSSL_BUILDING_OPENSSL -DNDEBUG  -MMD -MF crypto/cms/libcrypto-lib-cms_io.d.tmp -MT crypto/cms/libcrypto-lib-cms_io.o -c -o crypto/cms/libcrypto-lib-cms_io.o crypto/cms/cms_io.c
gcc  -I. -Iinclude -Iproviders/common/include -Iproviders/implementations/include  -DBSAES_ASM -DECP_NISTZ256_ASM -DECP_SM2P256_ASM -DKECCAK1600_ASM -DMD5_ASM -DOPENSSL_BN_ASM_MONT -DOPENSSL_CPUID_OBJ -DOPENSSL_SM3_ASM -DPOLY1305_ASM -DSHA1_ASM -DSHA256_ASM -DSHA512_ASM -DSM4_ASM -DVPAES_ASM -DVPSM4_ASM -fPIC -pthread -Wa,--noexecstack -Wall -O3 -DOPENSSL_USE_NODELETE -DOPENSSL_PIC -DOPENSSLDIR="\"/opt/ossl-static/ssl\"" -DENGINESDIR="\"/opt/ossl-static/lib/engines-3\"" -DMODULESDIR="\"/opt/ossl-static/lib/ossl-modules\"" -DOPENSSL_BUILDING_OPENSSL -DNDEBUG  -MMD -MF crypto/cms/libcrypto-lib-cms_kari.d.tmp -MT crypto/cms/libcrypto-lib-cms_kari.o -c -o crypto/cms/libcrypto-lib-cms_kari.o crypto/cms/cms_kari.c
gcc  -I. -Iinclude -Iproviders/common/include -Iproviders/implementations/include  -DBSAES_ASM -DECP_NISTZ256_ASM -DECP_SM2P256_ASM -DKECCAK1600_ASM -DMD5_ASM -DOPENSSL_BN_ASM_MONT -DOPENSSL_CPUID_OBJ -DOPENSSL_SM3_ASM -DPOLY1305_ASM -DSHA1_ASM -DSHA256_ASM -DSHA512_ASM -DSM4_ASM -DVPAES_ASM -DVPSM4_ASM -fPIC -pthread -Wa,--noexecstack -Wall -O3 -DOPENSSL_USE_NODELETE -DOPENSSL_PIC -DOPENSSLDIR="\"/opt/ossl-static/ssl\"" -DENGINESDIR="\"/opt/ossl-static/lib/engines-3\"" -DMODULESDIR="\"/opt/ossl-static/lib/ossl-modules\"" -DOPENSSL_BUILDING_OPENSSL -DNDEBUG  -MMD -MF crypto/cms/libcrypto-lib-cms_lib.d.tmp -MT crypto/cms/libcrypto-lib-cms_lib.o -c -o crypto/cms/libcrypto-lib-cms_lib.o crypto/cms/cms_lib.c
gcc  -I. -Iinclude -Iproviders/common/include -Iproviders/implementations/include  -DBSAES_ASM -DECP_NISTZ256_ASM -DECP_SM2P256_ASM -DKECCAK1600_ASM -DMD5_ASM -DOPENSSL_BN_ASM_MONT -DOPENSSL_CPUID_OBJ -DOPENSSL_SM3_ASM -DPOLY1305_ASM -DSHA1_ASM -DSHA256_ASM -DSHA512_ASM -DSM4_ASM -DVPAES_ASM -DVPSM4_ASM -fPIC -pthread -Wa,--noexecstack -Wall -O3 -DOPENSSL_USE_NODELETE -DOPENSSL_PIC -DOPENSSLDIR="\"/opt/ossl-static/ssl\"" -DENGINESDIR="\"/opt/ossl-static/lib/engines-3\"" -DMODULESDIR="\"/opt/ossl-static/lib/ossl-modules\"" -DOPENSSL_BUILDING_OPENSSL -DNDEBUG  -MMD -MF crypto/cms/libcrypto-lib-cms_pwri.d.tmp -MT crypto/cms/libcrypto-lib-cms_pwri.o -c -o crypto/cms/libcrypto-lib-cms_pwri.o crypto/cms/cms_pwri.c
gcc  -I. -Iinclude -Iproviders/common/include -Iproviders/implementations/include  -DBSAES_ASM -DECP_NISTZ256_ASM -DECP_SM2P256_ASM -DKECCAK1600_ASM -DMD5_ASM -DOPENSSL_BN_ASM_MONT -DOPENSSL_CPUID_OBJ -DOPENSSL_SM3_ASM -DPOLY1305_ASM -DSHA1_ASM -DSHA256_ASM -DSHA512_ASM -DSM4_ASM -DVPAES_ASM -DVPSM4_ASM -fPIC -pthread -Wa,--noexecstack -Wall -O3 -DOPENSSL_USE_NODELETE -DOPENSSL_PIC -DOPENSSLDIR="\"/opt/ossl-static/ssl\"" -DENGINESDIR="\"/opt/ossl-static/lib/engines-3\"" -DMODULESDIR="\"/opt/ossl-static/lib/ossl-modules\"" -DOPENSSL_BUILDING_OPENSSL -DNDEBUG  -MMD -MF crypto/cms/libcrypto-lib-cms_rsa.d.tmp -MT crypto/cms/libcrypto-lib-cms_rsa.o -c -o crypto/cms/libcrypto-lib-cms_rsa.o crypto/cms/cms_rsa.c
gcc  -I. -Iinclude -Iproviders/common/include -Iproviders/implementations/include  -DBSAES_ASM -DECP_NISTZ256_ASM -DECP_SM2P256_ASM -DKECCAK1600_ASM -DMD5_ASM -DOPENSSL_BN_ASM_MONT -DOPENSSL_CPUID_OBJ -DOPENSSL_SM3_ASM -DPOLY1305_ASM -DSHA1_ASM -DSHA256_ASM -DSHA512_ASM -DSM4_ASM -DVPAES_ASM -DVPSM4_ASM -fPIC -pthread -Wa,--noexecstack -Wall -O3 -DOPENSSL_USE_NODELETE -DOPENSSL_PIC -DOPENSSLDIR="\"/opt/ossl-static/ssl\"" -DENGINESDIR="\"/opt/ossl-static/lib/engines-3\"" -DMODULESDIR="\"/opt/ossl-static/lib/ossl-modules\"" -DOPENSSL_BUILDING_OPENSSL -DNDEBUG  -MMD -MF crypto/cms/libcrypto-lib-cms_sd.d.tmp -MT crypto/cms/libcrypto-lib-cms_sd.o -c -o crypto/cms/libcrypto-lib-cms_sd.o crypto/cms/cms_sd.c
gcc  -I. -Iinclude -Iproviders/common/include -Iproviders/implementations/include  -DBSAES_ASM -DECP_NISTZ256_ASM -DECP_SM2P256_ASM -DKECCAK1600_ASM -DMD5_ASM -DOPENSSL_BN_ASM_MONT -DOPENSSL_CPUID_OBJ -DOPENSSL_SM3_ASM -DPOLY1305_ASM -DSHA1_ASM -DSHA256_ASM -DSHA512_ASM -DSM4_ASM -DVPAES_ASM -DVPSM4_ASM -fPIC -pthread -Wa,--noexecstack -Wall -O3 -DOPENSSL_USE_NODELETE -DOPENSSL_PIC -DOPENSSLDIR="\"/opt/ossl-static/ssl\"" -DENGINESDIR="\"/opt/ossl-static/lib/engines-3\"" -DMODULESDIR="\"/opt/ossl-static/lib/ossl-modules\"" -DOPENSSL_BUILDING_OPENSSL -DNDEBUG  -MMD -MF crypto/cms/libcrypto-lib-cms_smime.d.tmp -MT crypto/cms/libcrypto-lib-cms_smime.o -c -o crypto/cms/libcrypto-lib-cms_smime.o crypto/cms/cms_smime.c
gcc  -I. -Iinclude -Iproviders/common/include -Iproviders/implementations/include  -DBSAES_ASM -DECP_NISTZ256_ASM -DECP_SM2P256_ASM -DKECCAK1600_ASM -DMD5_ASM -DOPENSSL_BN_ASM_MONT -DOPENSSL_CPUID_OBJ -DOPENSSL_SM3_ASM -DPOLY1305_ASM -DSHA1_ASM -DSHA256_ASM -DSHA512_ASM -DSM4_ASM -DVPAES_ASM -DVPSM4_ASM -fPIC -pthread -Wa,--noexecstack -Wall -O3 -DOPENSSL_USE_NODELETE -DOPENSSL_PIC -DOPENSSLDIR="\"/opt/ossl-static/ssl\"" -DENGINESDIR="\"/opt/ossl-static/lib/engines-3\"" -DMODULESDIR="\"/opt/ossl-static/lib/ossl-modules\"" -DOPENSSL_BUILDING_OPENSSL -DNDEBUG  -MMD -MF crypto/comp/libcrypto-lib-c_brotli.d.tmp -MT crypto/comp/libcrypto-lib-c_brotli.o -c -o crypto/comp/libcrypto-lib-c_brotli.o crypto/comp/c_brotli.c
gcc  -I. -Iinclude -Iproviders/common/include -Iproviders/implementations/include  -DBSAES_ASM -DECP_NISTZ256_ASM -DECP_SM2P256_ASM -DKECCAK1600_ASM -DMD5_ASM -DOPENSSL_BN_ASM_MONT -DOPENSSL_CPUID_OBJ -DOPENSSL_SM3_ASM -DPOLY1305_ASM -DSHA1_ASM -DSHA256_ASM -DSHA512_ASM -DSM4_ASM -DVPAES_ASM -DVPSM4_ASM -fPIC -pthread -Wa,--noexecstack -Wall -O3 -DOPENSSL_USE_NODELETE -DOPENSSL_PIC -DOPENSSLDIR="\"/opt/ossl-static/ssl\"" -DENGINESDIR="\"/opt/ossl-static/lib/engines-3\"" -DMODULESDIR="\"/opt/ossl-static/lib/ossl-modules\"" -DOPENSSL_BUILDING_OPENSSL -DNDEBUG  -MMD -MF crypto/comp/libcrypto-lib-c_zlib.d.tmp -MT crypto/comp/libcrypto-lib-c_zlib.o -c -o crypto/comp/libcrypto-lib-c_zlib.o crypto/comp/c_zlib.c
gcc  -I. -Iinclude -Iproviders/common/include -Iproviders/implementations/include  -DBSAES_ASM -DECP_NISTZ256_ASM -DECP_SM2P256_ASM -DKECCAK1600_ASM -DMD5_ASM -DOPENSSL_BN_ASM_MONT -DOPENSSL_CPUID_OBJ -DOPENSSL_SM3_ASM -DPOLY1305_ASM -DSHA1_ASM -DSHA256_ASM -DSHA512_ASM -DSM4_ASM -DVPAES_ASM -DVPSM4_ASM -fPIC -pthread -Wa,--noexecstack -Wall -O3 -DOPENSSL_USE_NODELETE -DOPENSSL_PIC -DOPENSSLDIR="\"/opt/ossl-static/ssl\"" -DENGINESDIR="\"/opt/ossl-static/lib/engines-3\"" -DMODULESDIR="\"/opt/ossl-static/lib/ossl-modules\"" -DOPENSSL_BUILDING_OPENSSL -DNDEBUG  -MMD -MF crypto/comp/libcrypto-lib-c_zstd.d.tmp -MT crypto/comp/libcrypto-lib-c_zstd.o -c -o crypto/comp/libcrypto-lib-c_zstd.o crypto/comp/c_zstd.c
gcc  -I. -Iinclude -Iproviders/common/include -Iproviders/implementations/include  -DBSAES_ASM -DECP_NISTZ256_ASM -DECP_SM2P256_ASM -DKECCAK1600_ASM -DMD5_ASM -DOPENSSL_BN_ASM_MONT -DOPENSSL_CPUID_OBJ -DOPENSSL_SM3_ASM -DPOLY1305_ASM -DSHA1_ASM -DSHA256_ASM -DSHA512_ASM -DSM4_ASM -DVPAES_ASM -DVPSM4_ASM -fPIC -pthread -Wa,--noexecstack -Wall -O3 -DOPENSSL_USE_NODELETE -DOPENSSL_PIC -DOPENSSLDIR="\"/opt/ossl-static/ssl\"" -DENGINESDIR="\"/opt/ossl-static/lib/engines-3\"" -DMODULESDIR="\"/opt/ossl-static/lib/ossl-modules\"" -DOPENSSL_BUILDING_OPENSSL -DNDEBUG  -MMD -MF crypto/comp/libcrypto-lib-comp_err.d.tmp -MT crypto/comp/libcrypto-lib-comp_err.o -c -o crypto/comp/libcrypto-lib-comp_err.o crypto/comp/comp_err.c
gcc  -I. -Iinclude -Iproviders/common/include -Iproviders/implementations/include  -DBSAES_ASM -DECP_NISTZ256_ASM -DECP_SM2P256_ASM -DKECCAK1600_ASM -DMD5_ASM -DOPENSSL_BN_ASM_MONT -DOPENSSL_CPUID_OBJ -DOPENSSL_SM3_ASM -DPOLY1305_ASM -DSHA1_ASM -DSHA256_ASM -DSHA512_ASM -DSM4_ASM -DVPAES_ASM -DVPSM4_ASM -fPIC -pthread -Wa,--noexecstack -Wall -O3 -DOPENSSL_USE_NODELETE -DOPENSSL_PIC -DOPENSSLDIR="\"/opt/ossl-static/ssl\"" -DENGINESDIR="\"/opt/ossl-static/lib/engines-3\"" -DMODULESDIR="\"/opt/ossl-static/lib/ossl-modules\"" -DOPENSSL_BUILDING_OPENSSL -DNDEBUG  -MMD -MF crypto/comp/libcrypto-lib-comp_lib.d.tmp -MT crypto/comp/libcrypto-lib-comp_lib.o -c -o crypto/comp/libcrypto-lib-comp_lib.o crypto/comp/comp_lib.c
gcc  -I. -Iinclude -Iproviders/common/include -Iproviders/implementations/include  -DBSAES_ASM -DECP_NISTZ256_ASM -DECP_SM2P256_ASM -DKECCAK1600_ASM -DMD5_ASM -DOPENSSL_BN_ASM_MONT -DOPENSSL_CPUID_OBJ -DOPENSSL_SM3_ASM -DPOLY1305_ASM -DSHA1_ASM -DSHA256_ASM -DSHA512_ASM -DSM4_ASM -DVPAES_ASM -DVPSM4_ASM -fPIC -pthread -Wa,--noexecstack -Wall -O3 -DOPENSSL_USE_NODELETE -DOPENSSL_PIC -DOPENSSLDIR="\"/opt/ossl-static/ssl\"" -DENGINESDIR="\"/opt/ossl-static/lib/engines-3\"" -DMODULESDIR="\"/opt/ossl-static/lib/ossl-modules\"" -DOPENSSL_BUILDING_OPENSSL -DNDEBUG  -MMD -MF crypto/conf/libcrypto-lib-conf_api.d.tmp -MT crypto/conf/libcrypto-lib-conf_api.o -c -o crypto/conf/libcrypto-lib-conf_api.o crypto/conf/conf_api.c
gcc  -I. -Iinclude -Iproviders/common/include -Iproviders/implementations/include  -DBSAES_ASM -DECP_NISTZ256_ASM -DECP_SM2P256_ASM -DKECCAK1600_ASM -DMD5_ASM -DOPENSSL_BN_ASM_MONT -DOPENSSL_CPUID_OBJ -DOPENSSL_SM3_ASM -DPOLY1305_ASM -DSHA1_ASM -DSHA256_ASM -DSHA512_ASM -DSM4_ASM -DVPAES_ASM -DVPSM4_ASM -fPIC -pthread -Wa,--noexecstack -Wall -O3 -DOPENSSL_USE_NODELETE -DOPENSSL_PIC -DOPENSSLDIR="\"/opt/ossl-static/ssl\"" -DENGINESDIR="\"/opt/ossl-static/lib/engines-3\"" -DMODULESDIR="\"/opt/ossl-static/lib/ossl-modules\"" -DOPENSSL_BUILDING_OPENSSL -DNDEBUG  -MMD -MF crypto/conf/libcrypto-lib-conf_def.d.tmp -MT crypto/conf/libcrypto-lib-conf_def.o -c -o crypto/conf/libcrypto-lib-conf_def.o crypto/conf/conf_def.c
gcc  -I. -Iinclude -Iproviders/common/include -Iproviders/implementations/include  -DBSAES_ASM -DECP_NISTZ256_ASM -DECP_SM2P256_ASM -DKECCAK1600_ASM -DMD5_ASM -DOPENSSL_BN_ASM_MONT -DOPENSSL_CPUID_OBJ -DOPENSSL_SM3_ASM -DPOLY1305_ASM -DSHA1_ASM -DSHA256_ASM -DSHA512_ASM -DSM4_ASM -DVPAES_ASM -DVPSM4_ASM -fPIC -pthread -Wa,--noexecstack -Wall -O3 -DOPENSSL_USE_NODELETE -DOPENSSL_PIC -DOPENSSLDIR="\"/opt/ossl-static/ssl\"" -DENGINESDIR="\"/opt/ossl-static/lib/engines-3\"" -DMODULESDIR="\"/opt/ossl-static/lib/ossl-modules\"" -DOPENSSL_BUILDING_OPENSSL -DNDEBUG  -MMD -MF crypto/conf/libcrypto-lib-conf_err.d.tmp -MT crypto/conf/libcrypto-lib-conf_err.o -c -o crypto/conf/libcrypto-lib-conf_err.o crypto/conf/conf_err.c
gcc  -I. -Iinclude -Iproviders/common/include -Iproviders/implementations/include  -DBSAES_ASM -DECP_NISTZ256_ASM -DECP_SM2P256_ASM -DKECCAK1600_ASM -DMD5_ASM -DOPENSSL_BN_ASM_MONT -DOPENSSL_CPUID_OBJ -DOPENSSL_SM3_ASM -DPOLY1305_ASM -DSHA1_ASM -DSHA256_ASM -DSHA512_ASM -DSM4_ASM -DVPAES_ASM -DVPSM4_ASM -fPIC -pthread -Wa,--noexecstack -Wall -O3 -DOPENSSL_USE_NODELETE -DOPENSSL_PIC -DOPENSSLDIR="\"/opt/ossl-static/ssl\"" -DENGINESDIR="\"/opt/ossl-static/lib/engines-3\"" -DMODULESDIR="\"/opt/ossl-static/lib/ossl-modules\"" -DOPENSSL_BUILDING_OPENSSL -DNDEBUG  -MMD -MF crypto/conf/libcrypto-lib-conf_lib.d.tmp -MT crypto/conf/libcrypto-lib-conf_lib.o -c -o crypto/conf/libcrypto-lib-conf_lib.o crypto/conf/conf_lib.c
gcc  -I. -Iinclude -Iproviders/common/include -Iproviders/implementations/include  -DBSAES_ASM -DECP_NISTZ256_ASM -DECP_SM2P256_ASM -DKECCAK1600_ASM -DMD5_ASM -DOPENSSL_BN_ASM_MONT -DOPENSSL_CPUID_OBJ -DOPENSSL_SM3_ASM -DPOLY1305_ASM -DSHA1_ASM -DSHA256_ASM -DSHA512_ASM -DSM4_ASM -DVPAES_ASM -DVPSM4_ASM -fPIC -pthread -Wa,--noexecstack -Wall -O3 -DOPENSSL_USE_NODELETE -DOPENSSL_PIC -DOPENSSLDIR="\"/opt/ossl-static/ssl\"" -DENGINESDIR="\"/opt/ossl-static/lib/engines-3\"" -DMODULESDIR="\"/opt/ossl-static/lib/ossl-modules\"" -DOPENSSL_BUILDING_OPENSSL -DNDEBUG  -MMD -MF crypto/conf/libcrypto-lib-conf_mall.d.tmp -MT crypto/conf/libcrypto-lib-conf_mall.o -c -o crypto/conf/libcrypto-lib-conf_mall.o crypto/conf/conf_mall.c
gcc  -I. -Iinclude -Iproviders/common/include -Iproviders/implementations/include  -DBSAES_ASM -DECP_NISTZ256_ASM -DECP_SM2P256_ASM -DKECCAK1600_ASM -DMD5_ASM -DOPENSSL_BN_ASM_MONT -DOPENSSL_CPUID_OBJ -DOPENSSL_SM3_ASM -DPOLY1305_ASM -DSHA1_ASM -DSHA256_ASM -DSHA512_ASM -DSM4_ASM -DVPAES_ASM -DVPSM4_ASM -fPIC -pthread -Wa,--noexecstack -Wall -O3 -DOPENSSL_USE_NODELETE -DOPENSSL_PIC -DOPENSSLDIR="\"/opt/ossl-static/ssl\"" -DENGINESDIR="\"/opt/ossl-static/lib/engines-3\"" -DMODULESDIR="\"/opt/ossl-static/lib/ossl-modules\"" -DOPENSSL_BUILDING_OPENSSL -DNDEBUG  -MMD -MF crypto/conf/libcrypto-lib-conf_mod.d.tmp -MT crypto/conf/libcrypto-lib-conf_mod.o -c -o crypto/conf/libcrypto-lib-conf_mod.o crypto/conf/conf_mod.c
gcc  -I. -Iinclude -Iproviders/common/include -Iproviders/implementations/include  -DBSAES_ASM -DECP_NISTZ256_ASM -DECP_SM2P256_ASM -DKECCAK1600_ASM -DMD5_ASM -DOPENSSL_BN_ASM_MONT -DOPENSSL_CPUID_OBJ -DOPENSSL_SM3_ASM -DPOLY1305_ASM -DSHA1_ASM -DSHA256_ASM -DSHA512_ASM -DSM4_ASM -DVPAES_ASM -DVPSM4_ASM -fPIC -pthread -Wa,--noexecstack -Wall -O3 -DOPENSSL_USE_NODELETE -DOPENSSL_PIC -DOPENSSLDIR="\"/opt/ossl-static/ssl\"" -DENGINESDIR="\"/opt/ossl-static/lib/engines-3\"" -DMODULESDIR="\"/opt/ossl-static/lib/ossl-modules\"" -DOPENSSL_BUILDING_OPENSSL -DNDEBUG  -MMD -MF crypto/conf/libcrypto-lib-conf_sap.d.tmp -MT crypto/conf/libcrypto-lib-conf_sap.o -c -o crypto/conf/libcrypto-lib-conf_sap.o crypto/conf/conf_sap.c
gcc  -I. -Iinclude -Iproviders/common/include -Iproviders/implementations/include  -DBSAES_ASM -DECP_NISTZ256_ASM -DECP_SM2P256_ASM -DKECCAK1600_ASM -DMD5_ASM -DOPENSSL_BN_ASM_MONT -DOPENSSL_CPUID_OBJ -DOPENSSL_SM3_ASM -DPOLY1305_ASM -DSHA1_ASM -DSHA256_ASM -DSHA512_ASM -DSM4_ASM -DVPAES_ASM -DVPSM4_ASM -fPIC -pthread -Wa,--noexecstack -Wall -O3 -DOPENSSL_USE_NODELETE -DOPENSSL_PIC -DOPENSSLDIR="\"/opt/ossl-static/ssl\"" -DENGINESDIR="\"/opt/ossl-static/lib/engines-3\"" -DMODULESDIR="\"/opt/ossl-static/lib/ossl-modules\"" -DOPENSSL_BUILDING_OPENSSL -DNDEBUG  -MMD -MF crypto/conf/libcrypto-lib-conf_ssl.d.tmp -MT crypto/conf/libcrypto-lib-conf_ssl.o -c -o crypto/conf/libcrypto-lib-conf_ssl.o crypto/conf/conf_ssl.c
gcc  -I. -Iinclude -Iproviders/common/include -Iproviders/implementations/include  -DBSAES_ASM -DECP_NISTZ256_ASM -DECP_SM2P256_ASM -DKECCAK1600_ASM -DMD5_ASM -DOPENSSL_BN_ASM_MONT -DOPENSSL_CPUID_OBJ -DOPENSSL_SM3_ASM -DPOLY1305_ASM -DSHA1_ASM -DSHA256_ASM -DSHA512_ASM -DSM4_ASM -DVPAES_ASM -DVPSM4_ASM -fPIC -pthread -Wa,--noexecstack -Wall -O3 -DOPENSSL_USE_NODELETE -DOPENSSL_PIC -DOPENSSLDIR="\"/opt/ossl-static/ssl\"" -DENGINESDIR="\"/opt/ossl-static/lib/engines-3\"" -DMODULESDIR="\"/opt/ossl-static/lib/ossl-modules\"" -DOPENSSL_BUILDING_OPENSSL -DNDEBUG  -MMD -MF crypto/crmf/libcrypto-lib-crmf_asn.d.tmp -MT crypto/crmf/libcrypto-lib-crmf_asn.o -c -o crypto/crmf/libcrypto-lib-crmf_asn.o crypto/crmf/crmf_asn.c
gcc  -I. -Iinclude -Iproviders/common/include -Iproviders/implementations/include  -DBSAES_ASM -DECP_NISTZ256_ASM -DECP_SM2P256_ASM -DKECCAK1600_ASM -DMD5_ASM -DOPENSSL_BN_ASM_MONT -DOPENSSL_CPUID_OBJ -DOPENSSL_SM3_ASM -DPOLY1305_ASM -DSHA1_ASM -DSHA256_ASM -DSHA512_ASM -DSM4_ASM -DVPAES_ASM -DVPSM4_ASM -fPIC -pthread -Wa,--noexecstack -Wall -O3 -DOPENSSL_USE_NODELETE -DOPENSSL_PIC -DOPENSSLDIR="\"/opt/ossl-static/ssl\"" -DENGINESDIR="\"/opt/ossl-static/lib/engines-3\"" -DMODULESDIR="\"/opt/ossl-static/lib/ossl-modules\"" -DOPENSSL_BUILDING_OPENSSL -DNDEBUG  -MMD -MF crypto/crmf/libcrypto-lib-crmf_err.d.tmp -MT crypto/crmf/libcrypto-lib-crmf_err.o -c -o crypto/crmf/libcrypto-lib-crmf_err.o crypto/crmf/crmf_err.c
gcc  -I. -Iinclude -Iproviders/common/include -Iproviders/implementations/include  -DBSAES_ASM -DECP_NISTZ256_ASM -DECP_SM2P256_ASM -DKECCAK1600_ASM -DMD5_ASM -DOPENSSL_BN_ASM_MONT -DOPENSSL_CPUID_OBJ -DOPENSSL_SM3_ASM -DPOLY1305_ASM -DSHA1_ASM -DSHA256_ASM -DSHA512_ASM -DSM4_ASM -DVPAES_ASM -DVPSM4_ASM -fPIC -pthread -Wa,--noexecstack -Wall -O3 -DOPENSSL_USE_NODELETE -DOPENSSL_PIC -DOPENSSLDIR="\"/opt/ossl-static/ssl\"" -DENGINESDIR="\"/opt/ossl-static/lib/engines-3\"" -DMODULESDIR="\"/opt/ossl-static/lib/ossl-modules\"" -DOPENSSL_BUILDING_OPENSSL -DNDEBUG  -MMD -MF crypto/crmf/libcrypto-lib-crmf_lib.d.tmp -MT crypto/crmf/libcrypto-lib-crmf_lib.o -c -o crypto/crmf/libcrypto-lib-crmf_lib.o crypto/crmf/crmf_lib.c
gcc  -I. -Iinclude -Iproviders/common/include -Iproviders/implementations/include  -DBSAES_ASM -DECP_NISTZ256_ASM -DECP_SM2P256_ASM -DKECCAK1600_ASM -DMD5_ASM -DOPENSSL_BN_ASM_MONT -DOPENSSL_CPUID_OBJ -DOPENSSL_SM3_ASM -DPOLY1305_ASM -DSHA1_ASM -DSHA256_ASM -DSHA512_ASM -DSM4_ASM -DVPAES_ASM -DVPSM4_ASM -fPIC -pthread -Wa,--noexecstack -Wall -O3 -DOPENSSL_USE_NODELETE -DOPENSSL_PIC -DOPENSSLDIR="\"/opt/ossl-static/ssl\"" -DENGINESDIR="\"/opt/ossl-static/lib/engines-3\"" -DMODULESDIR="\"/opt/ossl-static/lib/ossl-modules\"" -DOPENSSL_BUILDING_OPENSSL -DNDEBUG  -MMD -MF crypto/crmf/libcrypto-lib-crmf_pbm.d.tmp -MT crypto/crmf/libcrypto-lib-crmf_pbm.o -c -o crypto/crmf/libcrypto-lib-crmf_pbm.o crypto/crmf/crmf_pbm.c
gcc  -I. -Iinclude -Iproviders/common/include -Iproviders/implementations/include  -DBSAES_ASM -DECP_NISTZ256_ASM -DECP_SM2P256_ASM -DKECCAK1600_ASM -DMD5_ASM -DOPENSSL_BN_ASM_MONT -DOPENSSL_CPUID_OBJ -DOPENSSL_SM3_ASM -DPOLY1305_ASM -DSHA1_ASM -DSHA256_ASM -DSHA512_ASM -DSM4_ASM -DVPAES_ASM -DVPSM4_ASM -fPIC -pthread -Wa,--noexecstack -Wall -O3 -DOPENSSL_USE_NODELETE -DOPENSSL_PIC -DOPENSSLDIR="\"/opt/ossl-static/ssl\"" -DENGINESDIR="\"/opt/ossl-static/lib/engines-3\"" -DMODULESDIR="\"/opt/ossl-static/lib/ossl-modules\"" -DOPENSSL_BUILDING_OPENSSL -DNDEBUG  -MMD -MF crypto/ct/libcrypto-lib-ct_b64.d.tmp -MT crypto/ct/libcrypto-lib-ct_b64.o -c -o crypto/ct/libcrypto-lib-ct_b64.o crypto/ct/ct_b64.c
gcc  -I. -Iinclude -Iproviders/common/include -Iproviders/implementations/include  -DBSAES_ASM -DECP_NISTZ256_ASM -DECP_SM2P256_ASM -DKECCAK1600_ASM -DMD5_ASM -DOPENSSL_BN_ASM_MONT -DOPENSSL_CPUID_OBJ -DOPENSSL_SM3_ASM -DPOLY1305_ASM -DSHA1_ASM -DSHA256_ASM -DSHA512_ASM -DSM4_ASM -DVPAES_ASM -DVPSM4_ASM -fPIC -pthread -Wa,--noexecstack -Wall -O3 -DOPENSSL_USE_NODELETE -DOPENSSL_PIC -DOPENSSLDIR="\"/opt/ossl-static/ssl\"" -DENGINESDIR="\"/opt/ossl-static/lib/engines-3\"" -DMODULESDIR="\"/opt/ossl-static/lib/ossl-modules\"" -DOPENSSL_BUILDING_OPENSSL -DNDEBUG  -MMD -MF crypto/ct/libcrypto-lib-ct_err.d.tmp -MT crypto/ct/libcrypto-lib-ct_err.o -c -o crypto/ct/libcrypto-lib-ct_err.o crypto/ct/ct_err.c
gcc  -I. -Iinclude -Iproviders/common/include -Iproviders/implementations/include  -DBSAES_ASM -DECP_NISTZ256_ASM -DECP_SM2P256_ASM -DKECCAK1600_ASM -DMD5_ASM -DOPENSSL_BN_ASM_MONT -DOPENSSL_CPUID_OBJ -DOPENSSL_SM3_ASM -DPOLY1305_ASM -DSHA1_ASM -DSHA256_ASM -DSHA512_ASM -DSM4_ASM -DVPAES_ASM -DVPSM4_ASM -fPIC -pthread -Wa,--noexecstack -Wall -O3 -DOPENSSL_USE_NODELETE -DOPENSSL_PIC -DOPENSSLDIR="\"/opt/ossl-static/ssl\"" -DENGINESDIR="\"/opt/ossl-static/lib/engines-3\"" -DMODULESDIR="\"/opt/ossl-static/lib/ossl-modules\"" -DOPENSSL_BUILDING_OPENSSL -DNDEBUG  -MMD -MF crypto/ct/libcrypto-lib-ct_log.d.tmp -MT crypto/ct/libcrypto-lib-ct_log.o -c -o crypto/ct/libcrypto-lib-ct_log.o crypto/ct/ct_log.c
gcc  -I. -Iinclude -Iproviders/common/include -Iproviders/implementations/include  -DBSAES_ASM -DECP_NISTZ256_ASM -DECP_SM2P256_ASM -DKECCAK1600_ASM -DMD5_ASM -DOPENSSL_BN_ASM_MONT -DOPENSSL_CPUID_OBJ -DOPENSSL_SM3_ASM -DPOLY1305_ASM -DSHA1_ASM -DSHA256_ASM -DSHA512_ASM -DSM4_ASM -DVPAES_ASM -DVPSM4_ASM -fPIC -pthread -Wa,--noexecstack -Wall -O3 -DOPENSSL_USE_NODELETE -DOPENSSL_PIC -DOPENSSLDIR="\"/opt/ossl-static/ssl\"" -DENGINESDIR="\"/opt/ossl-static/lib/engines-3\"" -DMODULESDIR="\"/opt/ossl-static/lib/ossl-modules\"" -DOPENSSL_BUILDING_OPENSSL -DNDEBUG  -MMD -MF crypto/ct/libcrypto-lib-ct_oct.d.tmp -MT crypto/ct/libcrypto-lib-ct_oct.o -c -o crypto/ct/libcrypto-lib-ct_oct.o crypto/ct/ct_oct.c
gcc  -I. -Iinclude -Iproviders/common/include -Iproviders/implementations/include  -DBSAES_ASM -DECP_NISTZ256_ASM -DECP_SM2P256_ASM -DKECCAK1600_ASM -DMD5_ASM -DOPENSSL_BN_ASM_MONT -DOPENSSL_CPUID_OBJ -DOPENSSL_SM3_ASM -DPOLY1305_ASM -DSHA1_ASM -DSHA256_ASM -DSHA512_ASM -DSM4_ASM -DVPAES_ASM -DVPSM4_ASM -fPIC -pthread -Wa,--noexecstack -Wall -O3 -DOPENSSL_USE_NODELETE -DOPENSSL_PIC -DOPENSSLDIR="\"/opt/ossl-static/ssl\"" -DENGINESDIR="\"/opt/ossl-static/lib/engines-3\"" -DMODULESDIR="\"/opt/ossl-static/lib/ossl-modules\"" -DOPENSSL_BUILDING_OPENSSL -DNDEBUG  -MMD -MF crypto/ct/libcrypto-lib-ct_policy.d.tmp -MT crypto/ct/libcrypto-lib-ct_policy.o -c -o crypto/ct/libcrypto-lib-ct_policy.o crypto/ct/ct_policy.c
gcc  -I. -Iinclude -Iproviders/common/include -Iproviders/implementations/include  -DBSAES_ASM -DECP_NISTZ256_ASM -DECP_SM2P256_ASM -DKECCAK1600_ASM -DMD5_ASM -DOPENSSL_BN_ASM_MONT -DOPENSSL_CPUID_OBJ -DOPENSSL_SM3_ASM -DPOLY1305_ASM -DSHA1_ASM -DSHA256_ASM -DSHA512_ASM -DSM4_ASM -DVPAES_ASM -DVPSM4_ASM -fPIC -pthread -Wa,--noexecstack -Wall -O3 -DOPENSSL_USE_NODELETE -DOPENSSL_PIC -DOPENSSLDIR="\"/opt/ossl-static/ssl\"" -DENGINESDIR="\"/opt/ossl-static/lib/engines-3\"" -DMODULESDIR="\"/opt/ossl-static/lib/ossl-modules\"" -DOPENSSL_BUILDING_OPENSSL -DNDEBUG  -MMD -MF crypto/ct/libcrypto-lib-ct_prn.d.tmp -MT crypto/ct/libcrypto-lib-ct_prn.o -c -o crypto/ct/libcrypto-lib-ct_prn.o crypto/ct/ct_prn.c
gcc  -I. -Iinclude -Iproviders/common/include -Iproviders/implementations/include  -DBSAES_ASM -DECP_NISTZ256_ASM -DECP_SM2P256_ASM -DKECCAK1600_ASM -DMD5_ASM -DOPENSSL_BN_ASM_MONT -DOPENSSL_CPUID_OBJ -DOPENSSL_SM3_ASM -DPOLY1305_ASM -DSHA1_ASM -DSHA256_ASM -DSHA512_ASM -DSM4_ASM -DVPAES_ASM -DVPSM4_ASM -fPIC -pthread -Wa,--noexecstack -Wall -O3 -DOPENSSL_USE_NODELETE -DOPENSSL_PIC -DOPENSSLDIR="\"/opt/ossl-static/ssl\"" -DENGINESDIR="\"/opt/ossl-static/lib/engines-3\"" -DMODULESDIR="\"/opt/ossl-static/lib/ossl-modules\"" -DOPENSSL_BUILDING_OPENSSL -DNDEBUG  -MMD -MF crypto/ct/libcrypto-lib-ct_sct.d.tmp -MT crypto/ct/libcrypto-lib-ct_sct.o -c -o crypto/ct/libcrypto-lib-ct_sct.o crypto/ct/ct_sct.c
gcc  -I. -Iinclude -Iproviders/common/include -Iproviders/implementations/include  -DBSAES_ASM -DECP_NISTZ256_ASM -DECP_SM2P256_ASM -DKECCAK1600_ASM -DMD5_ASM -DOPENSSL_BN_ASM_MONT -DOPENSSL_CPUID_OBJ -DOPENSSL_SM3_ASM -DPOLY1305_ASM -DSHA1_ASM -DSHA256_ASM -DSHA512_ASM -DSM4_ASM -DVPAES_ASM -DVPSM4_ASM -fPIC -pthread -Wa,--noexecstack -Wall -O3 -DOPENSSL_USE_NODELETE -DOPENSSL_PIC -DOPENSSLDIR="\"/opt/ossl-static/ssl\"" -DENGINESDIR="\"/opt/ossl-static/lib/engines-3\"" -DMODULESDIR="\"/opt/ossl-static/lib/ossl-modules\"" -DOPENSSL_BUILDING_OPENSSL -DNDEBUG  -MMD -MF crypto/ct/libcrypto-lib-ct_sct_ctx.d.tmp -MT crypto/ct/libcrypto-lib-ct_sct_ctx.o -c -o crypto/ct/libcrypto-lib-ct_sct_ctx.o crypto/ct/ct_sct_ctx.c
gcc  -I. -Iinclude -Iproviders/common/include -Iproviders/implementations/include  -DBSAES_ASM -DECP_NISTZ256_ASM -DECP_SM2P256_ASM -DKECCAK1600_ASM -DMD5_ASM -DOPENSSL_BN_ASM_MONT -DOPENSSL_CPUID_OBJ -DOPENSSL_SM3_ASM -DPOLY1305_ASM -DSHA1_ASM -DSHA256_ASM -DSHA512_ASM -DSM4_ASM -DVPAES_ASM -DVPSM4_ASM -fPIC -pthread -Wa,--noexecstack -Wall -O3 -DOPENSSL_USE_NODELETE -DOPENSSL_PIC -DOPENSSLDIR="\"/opt/ossl-static/ssl\"" -DENGINESDIR="\"/opt/ossl-static/lib/engines-3\"" -DMODULESDIR="\"/opt/ossl-static/lib/ossl-modules\"" -DOPENSSL_BUILDING_OPENSSL -DNDEBUG  -MMD -MF crypto/ct/libcrypto-lib-ct_vfy.d.tmp -MT crypto/ct/libcrypto-lib-ct_vfy.o -c -o crypto/ct/libcrypto-lib-ct_vfy.o crypto/ct/ct_vfy.c
gcc  -I. -Iinclude -Iproviders/common/include -Iproviders/implementations/include  -DBSAES_ASM -DECP_NISTZ256_ASM -DECP_SM2P256_ASM -DKECCAK1600_ASM -DMD5_ASM -DOPENSSL_BN_ASM_MONT -DOPENSSL_CPUID_OBJ -DOPENSSL_SM3_ASM -DPOLY1305_ASM -DSHA1_ASM -DSHA256_ASM -DSHA512_ASM -DSM4_ASM -DVPAES_ASM -DVPSM4_ASM -fPIC -pthread -Wa,--noexecstack -Wall -O3 -DOPENSSL_USE_NODELETE -DOPENSSL_PIC -DOPENSSLDIR="\"/opt/ossl-static/ssl\"" -DENGINESDIR="\"/opt/ossl-static/lib/engines-3\"" -DMODULESDIR="\"/opt/ossl-static/lib/ossl-modules\"" -DOPENSSL_BUILDING_OPENSSL -DNDEBUG  -MMD -MF crypto/ct/libcrypto-lib-ct_x509v3.d.tmp -MT crypto/ct/libcrypto-lib-ct_x509v3.o -c -o crypto/ct/libcrypto-lib-ct_x509v3.o crypto/ct/ct_x509v3.c
gcc  -I. -Iinclude -Iproviders/common/include -Iproviders/implementations/include  -DBSAES_ASM -DECP_NISTZ256_ASM -DECP_SM2P256_ASM -DKECCAK1600_ASM -DMD5_ASM -DOPENSSL_BN_ASM_MONT -DOPENSSL_CPUID_OBJ -DOPENSSL_SM3_ASM -DPOLY1305_ASM -DSHA1_ASM -DSHA256_ASM -DSHA512_ASM -DSM4_ASM -DVPAES_ASM -DVPSM4_ASM -fPIC -pthread -Wa,--noexecstack -Wall -O3 -DOPENSSL_USE_NODELETE -DOPENSSL_PIC -DOPENSSLDIR="\"/opt/ossl-static/ssl\"" -DENGINESDIR="\"/opt/ossl-static/lib/engines-3\"" -DMODULESDIR="\"/opt/ossl-static/lib/ossl-modules\"" -DOPENSSL_BUILDING_OPENSSL -DNDEBUG  -MMD -MF crypto/des/libcrypto-lib-cbc_cksm.d.tmp -MT crypto/des/libcrypto-lib-cbc_cksm.o -c -o crypto/des/libcrypto-lib-cbc_cksm.o crypto/des/cbc_cksm.c
gcc  -I. -Iinclude -Iproviders/common/include -Iproviders/implementations/include  -DBSAES_ASM -DECP_NISTZ256_ASM -DECP_SM2P256_ASM -DKECCAK1600_ASM -DMD5_ASM -DOPENSSL_BN_ASM_MONT -DOPENSSL_CPUID_OBJ -DOPENSSL_SM3_ASM -DPOLY1305_ASM -DSHA1_ASM -DSHA256_ASM -DSHA512_ASM -DSM4_ASM -DVPAES_ASM -DVPSM4_ASM -fPIC -pthread -Wa,--noexecstack -Wall -O3 -DOPENSSL_USE_NODELETE -DOPENSSL_PIC -DOPENSSLDIR="\"/opt/ossl-static/ssl\"" -DENGINESDIR="\"/opt/ossl-static/lib/engines-3\"" -DMODULESDIR="\"/opt/ossl-static/lib/ossl-modules\"" -DOPENSSL_BUILDING_OPENSSL -DNDEBUG  -MMD -MF crypto/des/libcrypto-lib-cbc_enc.d.tmp -MT crypto/des/libcrypto-lib-cbc_enc.o -c -o crypto/des/libcrypto-lib-cbc_enc.o crypto/des/cbc_enc.c
gcc  -I. -Iinclude -Iproviders/common/include -Iproviders/implementations/include  -DBSAES_ASM -DECP_NISTZ256_ASM -DECP_SM2P256_ASM -DKECCAK1600_ASM -DMD5_ASM -DOPENSSL_BN_ASM_MONT -DOPENSSL_CPUID_OBJ -DOPENSSL_SM3_ASM -DPOLY1305_ASM -DSHA1_ASM -DSHA256_ASM -DSHA512_ASM -DSM4_ASM -DVPAES_ASM -DVPSM4_ASM -fPIC -pthread -Wa,--noexecstack -Wall -O3 -DOPENSSL_USE_NODELETE -DOPENSSL_PIC -DOPENSSLDIR="\"/opt/ossl-static/ssl\"" -DENGINESDIR="\"/opt/ossl-static/lib/engines-3\"" -DMODULESDIR="\"/opt/ossl-static/lib/ossl-modules\"" -DOPENSSL_BUILDING_OPENSSL -DNDEBUG  -MMD -MF crypto/des/libcrypto-lib-cfb64ede.d.tmp -MT crypto/des/libcrypto-lib-cfb64ede.o -c -o crypto/des/libcrypto-lib-cfb64ede.o crypto/des/cfb64ede.c
gcc  -I. -Iinclude -Iproviders/common/include -Iproviders/implementations/include  -DBSAES_ASM -DECP_NISTZ256_ASM -DECP_SM2P256_ASM -DKECCAK1600_ASM -DMD5_ASM -DOPENSSL_BN_ASM_MONT -DOPENSSL_CPUID_OBJ -DOPENSSL_SM3_ASM -DPOLY1305_ASM -DSHA1_ASM -DSHA256_ASM -DSHA512_ASM -DSM4_ASM -DVPAES_ASM -DVPSM4_ASM -fPIC -pthread -Wa,--noexecstack -Wall -O3 -DOPENSSL_USE_NODELETE -DOPENSSL_PIC -DOPENSSLDIR="\"/opt/ossl-static/ssl\"" -DENGINESDIR="\"/opt/ossl-static/lib/engines-3\"" -DMODULESDIR="\"/opt/ossl-static/lib/ossl-modules\"" -DOPENSSL_BUILDING_OPENSSL -DNDEBUG  -MMD -MF crypto/des/libcrypto-lib-cfb64enc.d.tmp -MT crypto/des/libcrypto-lib-cfb64enc.o -c -o crypto/des/libcrypto-lib-cfb64enc.o crypto/des/cfb64enc.c
gcc  -I. -Iinclude -Iproviders/common/include -Iproviders/implementations/include  -DBSAES_ASM -DECP_NISTZ256_ASM -DECP_SM2P256_ASM -DKECCAK1600_ASM -DMD5_ASM -DOPENSSL_BN_ASM_MONT -DOPENSSL_CPUID_OBJ -DOPENSSL_SM3_ASM -DPOLY1305_ASM -DSHA1_ASM -DSHA256_ASM -DSHA512_ASM -DSM4_ASM -DVPAES_ASM -DVPSM4_ASM -fPIC -pthread -Wa,--noexecstack -Wall -O3 -DOPENSSL_USE_NODELETE -DOPENSSL_PIC -DOPENSSLDIR="\"/opt/ossl-static/ssl\"" -DENGINESDIR="\"/opt/ossl-static/lib/engines-3\"" -DMODULESDIR="\"/opt/ossl-static/lib/ossl-modules\"" -DOPENSSL_BUILDING_OPENSSL -DNDEBUG  -MMD -MF crypto/des/libcrypto-lib-cfb_enc.d.tmp -MT crypto/des/libcrypto-lib-cfb_enc.o -c -o crypto/des/libcrypto-lib-cfb_enc.o crypto/des/cfb_enc.c
gcc  -I. -Iinclude -Iproviders/common/include -Iproviders/implementations/include  -DBSAES_ASM -DECP_NISTZ256_ASM -DECP_SM2P256_ASM -DKECCAK1600_ASM -DMD5_ASM -DOPENSSL_BN_ASM_MONT -DOPENSSL_CPUID_OBJ -DOPENSSL_SM3_ASM -DPOLY1305_ASM -DSHA1_ASM -DSHA256_ASM -DSHA512_ASM -DSM4_ASM -DVPAES_ASM -DVPSM4_ASM -fPIC -pthread -Wa,--noexecstack -Wall -O3 -DOPENSSL_USE_NODELETE -DOPENSSL_PIC -DOPENSSLDIR="\"/opt/ossl-static/ssl\"" -DENGINESDIR="\"/opt/ossl-static/lib/engines-3\"" -DMODULESDIR="\"/opt/ossl-static/lib/ossl-modules\"" -DOPENSSL_BUILDING_OPENSSL -DNDEBUG  -MMD -MF crypto/des/libcrypto-lib-des_enc.d.tmp -MT crypto/des/libcrypto-lib-des_enc.o -c -o crypto/des/libcrypto-lib-des_enc.o crypto/des/des_enc.c
gcc  -I. -Iinclude -Iproviders/common/include -Iproviders/implementations/include  -DBSAES_ASM -DECP_NISTZ256_ASM -DECP_SM2P256_ASM -DKECCAK1600_ASM -DMD5_ASM -DOPENSSL_BN_ASM_MONT -DOPENSSL_CPUID_OBJ -DOPENSSL_SM3_ASM -DPOLY1305_ASM -DSHA1_ASM -DSHA256_ASM -DSHA512_ASM -DSM4_ASM -DVPAES_ASM -DVPSM4_ASM -fPIC -pthread -Wa,--noexecstack -Wall -O3 -DOPENSSL_USE_NODELETE -DOPENSSL_PIC -DOPENSSLDIR="\"/opt/ossl-static/ssl\"" -DENGINESDIR="\"/opt/ossl-static/lib/engines-3\"" -DMODULESDIR="\"/opt/ossl-static/lib/ossl-modules\"" -DOPENSSL_BUILDING_OPENSSL -DNDEBUG  -MMD -MF crypto/des/libcrypto-lib-ecb3_enc.d.tmp -MT crypto/des/libcrypto-lib-ecb3_enc.o -c -o crypto/des/libcrypto-lib-ecb3_enc.o crypto/des/ecb3_enc.c
gcc  -I. -Iinclude -Iproviders/common/include -Iproviders/implementations/include  -DBSAES_ASM -DECP_NISTZ256_ASM -DECP_SM2P256_ASM -DKECCAK1600_ASM -DMD5_ASM -DOPENSSL_BN_ASM_MONT -DOPENSSL_CPUID_OBJ -DOPENSSL_SM3_ASM -DPOLY1305_ASM -DSHA1_ASM -DSHA256_ASM -DSHA512_ASM -DSM4_ASM -DVPAES_ASM -DVPSM4_ASM -fPIC -pthread -Wa,--noexecstack -Wall -O3 -DOPENSSL_USE_NODELETE -DOPENSSL_PIC -DOPENSSLDIR="\"/opt/ossl-static/ssl\"" -DENGINESDIR="\"/opt/ossl-static/lib/engines-3\"" -DMODULESDIR="\"/opt/ossl-static/lib/ossl-modules\"" -DOPENSSL_BUILDING_OPENSSL -DNDEBUG  -MMD -MF crypto/des/libcrypto-lib-ecb_enc.d.tmp -MT crypto/des/libcrypto-lib-ecb_enc.o -c -o crypto/des/libcrypto-lib-ecb_enc.o crypto/des/ecb_enc.c
gcc  -I. -Iinclude -Iproviders/common/include -Iproviders/implementations/include  -DBSAES_ASM -DECP_NISTZ256_ASM -DECP_SM2P256_ASM -DKECCAK1600_ASM -DMD5_ASM -DOPENSSL_BN_ASM_MONT -DOPENSSL_CPUID_OBJ -DOPENSSL_SM3_ASM -DPOLY1305_ASM -DSHA1_ASM -DSHA256_ASM -DSHA512_ASM -DSM4_ASM -DVPAES_ASM -DVPSM4_ASM -fPIC -pthread -Wa,--noexecstack -Wall -O3 -DOPENSSL_USE_NODELETE -DOPENSSL_PIC -DOPENSSLDIR="\"/opt/ossl-static/ssl\"" -DENGINESDIR="\"/opt/ossl-static/lib/engines-3\"" -DMODULESDIR="\"/opt/ossl-static/lib/ossl-modules\"" -DOPENSSL_BUILDING_OPENSSL -DNDEBUG  -MMD -MF crypto/des/libcrypto-lib-fcrypt.d.tmp -MT crypto/des/libcrypto-lib-fcrypt.o -c -o crypto/des/libcrypto-lib-fcrypt.o crypto/des/fcrypt.c
gcc  -I. -Iinclude -Iproviders/common/include -Iproviders/implementations/include  -DBSAES_ASM -DECP_NISTZ256_ASM -DECP_SM2P256_ASM -DKECCAK1600_ASM -DMD5_ASM -DOPENSSL_BN_ASM_MONT -DOPENSSL_CPUID_OBJ -DOPENSSL_SM3_ASM -DPOLY1305_ASM -DSHA1_ASM -DSHA256_ASM -DSHA512_ASM -DSM4_ASM -DVPAES_ASM -DVPSM4_ASM -fPIC -pthread -Wa,--noexecstack -Wall -O3 -DOPENSSL_USE_NODELETE -DOPENSSL_PIC -DOPENSSLDIR="\"/opt/ossl-static/ssl\"" -DENGINESDIR="\"/opt/ossl-static/lib/engines-3\"" -DMODULESDIR="\"/opt/ossl-static/lib/ossl-modules\"" -DOPENSSL_BUILDING_OPENSSL -DNDEBUG  -MMD -MF crypto/des/libcrypto-lib-fcrypt_b.d.tmp -MT crypto/des/libcrypto-lib-fcrypt_b.o -c -o crypto/des/libcrypto-lib-fcrypt_b.o crypto/des/fcrypt_b.c
gcc  -I. -Iinclude -Iproviders/common/include -Iproviders/implementations/include  -DBSAES_ASM -DECP_NISTZ256_ASM -DECP_SM2P256_ASM -DKECCAK1600_ASM -DMD5_ASM -DOPENSSL_BN_ASM_MONT -DOPENSSL_CPUID_OBJ -DOPENSSL_SM3_ASM -DPOLY1305_ASM -DSHA1_ASM -DSHA256_ASM -DSHA512_ASM -DSM4_ASM -DVPAES_ASM -DVPSM4_ASM -fPIC -pthread -Wa,--noexecstack -Wall -O3 -DOPENSSL_USE_NODELETE -DOPENSSL_PIC -DOPENSSLDIR="\"/opt/ossl-static/ssl\"" -DENGINESDIR="\"/opt/ossl-static/lib/engines-3\"" -DMODULESDIR="\"/opt/ossl-static/lib/ossl-modules\"" -DOPENSSL_BUILDING_OPENSSL -DNDEBUG  -MMD -MF crypto/des/libcrypto-lib-ofb64ede.d.tmp -MT crypto/des/libcrypto-lib-ofb64ede.o -c -o crypto/des/libcrypto-lib-ofb64ede.o crypto/des/ofb64ede.c
gcc  -I. -Iinclude -Iproviders/common/include -Iproviders/implementations/include  -DBSAES_ASM -DECP_NISTZ256_ASM -DECP_SM2P256_ASM -DKECCAK1600_ASM -DMD5_ASM -DOPENSSL_BN_ASM_MONT -DOPENSSL_CPUID_OBJ -DOPENSSL_SM3_ASM -DPOLY1305_ASM -DSHA1_ASM -DSHA256_ASM -DSHA512_ASM -DSM4_ASM -DVPAES_ASM -DVPSM4_ASM -fPIC -pthread -Wa,--noexecstack -Wall -O3 -DOPENSSL_USE_NODELETE -DOPENSSL_PIC -DOPENSSLDIR="\"/opt/ossl-static/ssl\"" -DENGINESDIR="\"/opt/ossl-static/lib/engines-3\"" -DMODULESDIR="\"/opt/ossl-static/lib/ossl-modules\"" -DOPENSSL_BUILDING_OPENSSL -DNDEBUG  -MMD -MF crypto/des/libcrypto-lib-ofb64enc.d.tmp -MT crypto/des/libcrypto-lib-ofb64enc.o -c -o crypto/des/libcrypto-lib-ofb64enc.o crypto/des/ofb64enc.c
gcc  -I. -Iinclude -Iproviders/common/include -Iproviders/implementations/include  -DBSAES_ASM -DECP_NISTZ256_ASM -DECP_SM2P256_ASM -DKECCAK1600_ASM -DMD5_ASM -DOPENSSL_BN_ASM_MONT -DOPENSSL_CPUID_OBJ -DOPENSSL_SM3_ASM -DPOLY1305_ASM -DSHA1_ASM -DSHA256_ASM -DSHA512_ASM -DSM4_ASM -DVPAES_ASM -DVPSM4_ASM -fPIC -pthread -Wa,--noexecstack -Wall -O3 -DOPENSSL_USE_NODELETE -DOPENSSL_PIC -DOPENSSLDIR="\"/opt/ossl-static/ssl\"" -DENGINESDIR="\"/opt/ossl-static/lib/engines-3\"" -DMODULESDIR="\"/opt/ossl-static/lib/ossl-modules\"" -DOPENSSL_BUILDING_OPENSSL -DNDEBUG  -MMD -MF crypto/des/libcrypto-lib-ofb_enc.d.tmp -MT crypto/des/libcrypto-lib-ofb_enc.o -c -o crypto/des/libcrypto-lib-ofb_enc.o crypto/des/ofb_enc.c
gcc  -I. -Iinclude -Iproviders/common/include -Iproviders/implementations/include  -DBSAES_ASM -DECP_NISTZ256_ASM -DECP_SM2P256_ASM -DKECCAK1600_ASM -DMD5_ASM -DOPENSSL_BN_ASM_MONT -DOPENSSL_CPUID_OBJ -DOPENSSL_SM3_ASM -DPOLY1305_ASM -DSHA1_ASM -DSHA256_ASM -DSHA512_ASM -DSM4_ASM -DVPAES_ASM -DVPSM4_ASM -fPIC -pthread -Wa,--noexecstack -Wall -O3 -DOPENSSL_USE_NODELETE -DOPENSSL_PIC -DOPENSSLDIR="\"/opt/ossl-static/ssl\"" -DENGINESDIR="\"/opt/ossl-static/lib/engines-3\"" -DMODULESDIR="\"/opt/ossl-static/lib/ossl-modules\"" -DOPENSSL_BUILDING_OPENSSL -DNDEBUG  -MMD -MF crypto/des/libcrypto-lib-pcbc_enc.d.tmp -MT crypto/des/libcrypto-lib-pcbc_enc.o -c -o crypto/des/libcrypto-lib-pcbc_enc.o crypto/des/pcbc_enc.c
gcc  -I. -Iinclude -Iproviders/common/include -Iproviders/implementations/include  -DBSAES_ASM -DECP_NISTZ256_ASM -DECP_SM2P256_ASM -DKECCAK1600_ASM -DMD5_ASM -DOPENSSL_BN_ASM_MONT -DOPENSSL_CPUID_OBJ -DOPENSSL_SM3_ASM -DPOLY1305_ASM -DSHA1_ASM -DSHA256_ASM -DSHA512_ASM -DSM4_ASM -DVPAES_ASM -DVPSM4_ASM -fPIC -pthread -Wa,--noexecstack -Wall -O3 -DOPENSSL_USE_NODELETE -DOPENSSL_PIC -DOPENSSLDIR="\"/opt/ossl-static/ssl\"" -DENGINESDIR="\"/opt/ossl-static/lib/engines-3\"" -DMODULESDIR="\"/opt/ossl-static/lib/ossl-modules\"" -DOPENSSL_BUILDING_OPENSSL -DNDEBUG  -MMD -MF crypto/des/libcrypto-lib-qud_cksm.d.tmp -MT crypto/des/libcrypto-lib-qud_cksm.o -c -o crypto/des/libcrypto-lib-qud_cksm.o crypto/des/qud_cksm.c
gcc  -I. -Iinclude -Iproviders/common/include -Iproviders/implementations/include  -DBSAES_ASM -DECP_NISTZ256_ASM -DECP_SM2P256_ASM -DKECCAK1600_ASM -DMD5_ASM -DOPENSSL_BN_ASM_MONT -DOPENSSL_CPUID_OBJ -DOPENSSL_SM3_ASM -DPOLY1305_ASM -DSHA1_ASM -DSHA256_ASM -DSHA512_ASM -DSM4_ASM -DVPAES_ASM -DVPSM4_ASM -fPIC -pthread -Wa,--noexecstack -Wall -O3 -DOPENSSL_USE_NODELETE -DOPENSSL_PIC -DOPENSSLDIR="\"/opt/ossl-static/ssl\"" -DENGINESDIR="\"/opt/ossl-static/lib/engines-3\"" -DMODULESDIR="\"/opt/ossl-static/lib/ossl-modules\"" -DOPENSSL_BUILDING_OPENSSL -DNDEBUG  -MMD -MF crypto/des/libcrypto-lib-rand_key.d.tmp -MT crypto/des/libcrypto-lib-rand_key.o -c -o crypto/des/libcrypto-lib-rand_key.o crypto/des/rand_key.c
gcc  -I. -Iinclude -Iproviders/common/include -Iproviders/implementations/include  -DBSAES_ASM -DECP_NISTZ256_ASM -DECP_SM2P256_ASM -DKECCAK1600_ASM -DMD5_ASM -DOPENSSL_BN_ASM_MONT -DOPENSSL_CPUID_OBJ -DOPENSSL_SM3_ASM -DPOLY1305_ASM -DSHA1_ASM -DSHA256_ASM -DSHA512_ASM -DSM4_ASM -DVPAES_ASM -DVPSM4_ASM -fPIC -pthread -Wa,--noexecstack -Wall -O3 -DOPENSSL_USE_NODELETE -DOPENSSL_PIC -DOPENSSLDIR="\"/opt/ossl-static/ssl\"" -DENGINESDIR="\"/opt/ossl-static/lib/engines-3\"" -DMODULESDIR="\"/opt/ossl-static/lib/ossl-modules\"" -DOPENSSL_BUILDING_OPENSSL -DNDEBUG  -MMD -MF crypto/des/libcrypto-lib-set_key.d.tmp -MT crypto/des/libcrypto-lib-set_key.o -c -o crypto/des/libcrypto-lib-set_key.o crypto/des/set_key.c
gcc  -I. -Iinclude -Iproviders/common/include -Iproviders/implementations/include  -DBSAES_ASM -DECP_NISTZ256_ASM -DECP_SM2P256_ASM -DKECCAK1600_ASM -DMD5_ASM -DOPENSSL_BN_ASM_MONT -DOPENSSL_CPUID_OBJ -DOPENSSL_SM3_ASM -DPOLY1305_ASM -DSHA1_ASM -DSHA256_ASM -DSHA512_ASM -DSM4_ASM -DVPAES_ASM -DVPSM4_ASM -fPIC -pthread -Wa,--noexecstack -Wall -O3 -DOPENSSL_USE_NODELETE -DOPENSSL_PIC -DOPENSSLDIR="\"/opt/ossl-static/ssl\"" -DENGINESDIR="\"/opt/ossl-static/lib/engines-3\"" -DMODULESDIR="\"/opt/ossl-static/lib/ossl-modules\"" -DOPENSSL_BUILDING_OPENSSL -DNDEBUG  -MMD -MF crypto/des/libcrypto-lib-str2key.d.tmp -MT crypto/des/libcrypto-lib-str2key.o -c -o crypto/des/libcrypto-lib-str2key.o crypto/des/str2key.c
gcc  -I. -Iinclude -Iproviders/common/include -Iproviders/implementations/include  -DBSAES_ASM -DECP_NISTZ256_ASM -DECP_SM2P256_ASM -DKECCAK1600_ASM -DMD5_ASM -DOPENSSL_BN_ASM_MONT -DOPENSSL_CPUID_OBJ -DOPENSSL_SM3_ASM -DPOLY1305_ASM -DSHA1_ASM -DSHA256_ASM -DSHA512_ASM -DSM4_ASM -DVPAES_ASM -DVPSM4_ASM -fPIC -pthread -Wa,--noexecstack -Wall -O3 -DOPENSSL_USE_NODELETE -DOPENSSL_PIC -DOPENSSLDIR="\"/opt/ossl-static/ssl\"" -DENGINESDIR="\"/opt/ossl-static/lib/engines-3\"" -DMODULESDIR="\"/opt/ossl-static/lib/ossl-modules\"" -DOPENSSL_BUILDING_OPENSSL -DNDEBUG  -MMD -MF crypto/des/libcrypto-lib-xcbc_enc.d.tmp -MT crypto/des/libcrypto-lib-xcbc_enc.o -c -o crypto/des/libcrypto-lib-xcbc_enc.o crypto/des/xcbc_enc.c
gcc  -I. -Iinclude -Iproviders/common/include -Iproviders/implementations/include  -DBSAES_ASM -DECP_NISTZ256_ASM -DECP_SM2P256_ASM -DKECCAK1600_ASM -DMD5_ASM -DOPENSSL_BN_ASM_MONT -DOPENSSL_CPUID_OBJ -DOPENSSL_SM3_ASM -DPOLY1305_ASM -DSHA1_ASM -DSHA256_ASM -DSHA512_ASM -DSM4_ASM -DVPAES_ASM -DVPSM4_ASM -fPIC -pthread -Wa,--noexecstack -Wall -O3 -DOPENSSL_USE_NODELETE -DOPENSSL_PIC -DOPENSSLDIR="\"/opt/ossl-static/ssl\"" -DENGINESDIR="\"/opt/ossl-static/lib/engines-3\"" -DMODULESDIR="\"/opt/ossl-static/lib/ossl-modules\"" -DOPENSSL_BUILDING_OPENSSL -DNDEBUG  -MMD -MF crypto/dh/libcrypto-lib-dh_ameth.d.tmp -MT crypto/dh/libcrypto-lib-dh_ameth.o -c -o crypto/dh/libcrypto-lib-dh_ameth.o crypto/dh/dh_ameth.c
gcc  -I. -Iinclude -Iproviders/common/include -Iproviders/implementations/include  -DBSAES_ASM -DECP_NISTZ256_ASM -DECP_SM2P256_ASM -DKECCAK1600_ASM -DMD5_ASM -DOPENSSL_BN_ASM_MONT -DOPENSSL_CPUID_OBJ -DOPENSSL_SM3_ASM -DPOLY1305_ASM -DSHA1_ASM -DSHA256_ASM -DSHA512_ASM -DSM4_ASM -DVPAES_ASM -DVPSM4_ASM -fPIC -pthread -Wa,--noexecstack -Wall -O3 -DOPENSSL_USE_NODELETE -DOPENSSL_PIC -DOPENSSLDIR="\"/opt/ossl-static/ssl\"" -DENGINESDIR="\"/opt/ossl-static/lib/engines-3\"" -DMODULESDIR="\"/opt/ossl-static/lib/ossl-modules\"" -DOPENSSL_BUILDING_OPENSSL -DNDEBUG  -MMD -MF crypto/dh/libcrypto-lib-dh_asn1.d.tmp -MT crypto/dh/libcrypto-lib-dh_asn1.o -c -o crypto/dh/libcrypto-lib-dh_asn1.o crypto/dh/dh_asn1.c
gcc  -I. -Iinclude -Iproviders/common/include -Iproviders/implementations/include  -DBSAES_ASM -DECP_NISTZ256_ASM -DECP_SM2P256_ASM -DKECCAK1600_ASM -DMD5_ASM -DOPENSSL_BN_ASM_MONT -DOPENSSL_CPUID_OBJ -DOPENSSL_SM3_ASM -DPOLY1305_ASM -DSHA1_ASM -DSHA256_ASM -DSHA512_ASM -DSM4_ASM -DVPAES_ASM -DVPSM4_ASM -fPIC -pthread -Wa,--noexecstack -Wall -O3 -DOPENSSL_USE_NODELETE -DOPENSSL_PIC -DOPENSSLDIR="\"/opt/ossl-static/ssl\"" -DENGINESDIR="\"/opt/ossl-static/lib/engines-3\"" -DMODULESDIR="\"/opt/ossl-static/lib/ossl-modules\"" -DOPENSSL_BUILDING_OPENSSL -DNDEBUG  -MMD -MF crypto/dh/libcrypto-lib-dh_backend.d.tmp -MT crypto/dh/libcrypto-lib-dh_backend.o -c -o crypto/dh/libcrypto-lib-dh_backend.o crypto/dh/dh_backend.c
gcc  -I. -Iinclude -Iproviders/common/include -Iproviders/implementations/include  -DBSAES_ASM -DECP_NISTZ256_ASM -DECP_SM2P256_ASM -DKECCAK1600_ASM -DMD5_ASM -DOPENSSL_BN_ASM_MONT -DOPENSSL_CPUID_OBJ -DOPENSSL_SM3_ASM -DPOLY1305_ASM -DSHA1_ASM -DSHA256_ASM -DSHA512_ASM -DSM4_ASM -DVPAES_ASM -DVPSM4_ASM -fPIC -pthread -Wa,--noexecstack -Wall -O3 -DOPENSSL_USE_NODELETE -DOPENSSL_PIC -DOPENSSLDIR="\"/opt/ossl-static/ssl\"" -DENGINESDIR="\"/opt/ossl-static/lib/engines-3\"" -DMODULESDIR="\"/opt/ossl-static/lib/ossl-modules\"" -DOPENSSL_BUILDING_OPENSSL -DNDEBUG  -MMD -MF crypto/dh/libcrypto-lib-dh_check.d.tmp -MT crypto/dh/libcrypto-lib-dh_check.o -c -o crypto/dh/libcrypto-lib-dh_check.o crypto/dh/dh_check.c
gcc  -I. -Iinclude -Iproviders/common/include -Iproviders/implementations/include  -DBSAES_ASM -DECP_NISTZ256_ASM -DECP_SM2P256_ASM -DKECCAK1600_ASM -DMD5_ASM -DOPENSSL_BN_ASM_MONT -DOPENSSL_CPUID_OBJ -DOPENSSL_SM3_ASM -DPOLY1305_ASM -DSHA1_ASM -DSHA256_ASM -DSHA512_ASM -DSM4_ASM -DVPAES_ASM -DVPSM4_ASM -fPIC -pthread -Wa,--noexecstack -Wall -O3 -DOPENSSL_USE_NODELETE -DOPENSSL_PIC -DOPENSSLDIR="\"/opt/ossl-static/ssl\"" -DENGINESDIR="\"/opt/ossl-static/lib/engines-3\"" -DMODULESDIR="\"/opt/ossl-static/lib/ossl-modules\"" -DOPENSSL_BUILDING_OPENSSL -DNDEBUG  -MMD -MF crypto/dh/libcrypto-lib-dh_depr.d.tmp -MT crypto/dh/libcrypto-lib-dh_depr.o -c -o crypto/dh/libcrypto-lib-dh_depr.o crypto/dh/dh_depr.c
gcc  -I. -Iinclude -Iproviders/common/include -Iproviders/implementations/include  -DBSAES_ASM -DECP_NISTZ256_ASM -DECP_SM2P256_ASM -DKECCAK1600_ASM -DMD5_ASM -DOPENSSL_BN_ASM_MONT -DOPENSSL_CPUID_OBJ -DOPENSSL_SM3_ASM -DPOLY1305_ASM -DSHA1_ASM -DSHA256_ASM -DSHA512_ASM -DSM4_ASM -DVPAES_ASM -DVPSM4_ASM -fPIC -pthread -Wa,--noexecstack -Wall -O3 -DOPENSSL_USE_NODELETE -DOPENSSL_PIC -DOPENSSLDIR="\"/opt/ossl-static/ssl\"" -DENGINESDIR="\"/opt/ossl-static/lib/engines-3\"" -DMODULESDIR="\"/opt/ossl-static/lib/ossl-modules\"" -DOPENSSL_BUILDING_OPENSSL -DNDEBUG  -MMD -MF crypto/dh/libcrypto-lib-dh_err.d.tmp -MT crypto/dh/libcrypto-lib-dh_err.o -c -o crypto/dh/libcrypto-lib-dh_err.o crypto/dh/dh_err.c
gcc  -I. -Iinclude -Iproviders/common/include -Iproviders/implementations/include  -DBSAES_ASM -DECP_NISTZ256_ASM -DECP_SM2P256_ASM -DKECCAK1600_ASM -DMD5_ASM -DOPENSSL_BN_ASM_MONT -DOPENSSL_CPUID_OBJ -DOPENSSL_SM3_ASM -DPOLY1305_ASM -DSHA1_ASM -DSHA256_ASM -DSHA512_ASM -DSM4_ASM -DVPAES_ASM -DVPSM4_ASM -fPIC -pthread -Wa,--noexecstack -Wall -O3 -DOPENSSL_USE_NODELETE -DOPENSSL_PIC -DOPENSSLDIR="\"/opt/ossl-static/ssl\"" -DENGINESDIR="\"/opt/ossl-static/lib/engines-3\"" -DMODULESDIR="\"/opt/ossl-static/lib/ossl-modules\"" -DOPENSSL_BUILDING_OPENSSL -DNDEBUG  -MMD -MF crypto/dh/libcrypto-lib-dh_gen.d.tmp -MT crypto/dh/libcrypto-lib-dh_gen.o -c -o crypto/dh/libcrypto-lib-dh_gen.o crypto/dh/dh_gen.c
gcc  -I. -Iinclude -Iproviders/common/include -Iproviders/implementations/include  -DBSAES_ASM -DECP_NISTZ256_ASM -DECP_SM2P256_ASM -DKECCAK1600_ASM -DMD5_ASM -DOPENSSL_BN_ASM_MONT -DOPENSSL_CPUID_OBJ -DOPENSSL_SM3_ASM -DPOLY1305_ASM -DSHA1_ASM -DSHA256_ASM -DSHA512_ASM -DSM4_ASM -DVPAES_ASM -DVPSM4_ASM -fPIC -pthread -Wa,--noexecstack -Wall -O3 -DOPENSSL_USE_NODELETE -DOPENSSL_PIC -DOPENSSLDIR="\"/opt/ossl-static/ssl\"" -DENGINESDIR="\"/opt/ossl-static/lib/engines-3\"" -DMODULESDIR="\"/opt/ossl-static/lib/ossl-modules\"" -DOPENSSL_BUILDING_OPENSSL -DNDEBUG  -MMD -MF crypto/dh/libcrypto-lib-dh_group_params.d.tmp -MT crypto/dh/libcrypto-lib-dh_group_params.o -c -o crypto/dh/libcrypto-lib-dh_group_params.o crypto/dh/dh_group_params.c
gcc  -I. -Iinclude -Iproviders/common/include -Iproviders/implementations/include  -DBSAES_ASM -DECP_NISTZ256_ASM -DECP_SM2P256_ASM -DKECCAK1600_ASM -DMD5_ASM -DOPENSSL_BN_ASM_MONT -DOPENSSL_CPUID_OBJ -DOPENSSL_SM3_ASM -DPOLY1305_ASM -DSHA1_ASM -DSHA256_ASM -DSHA512_ASM -DSM4_ASM -DVPAES_ASM -DVPSM4_ASM -fPIC -pthread -Wa,--noexecstack -Wall -O3 -DOPENSSL_USE_NODELETE -DOPENSSL_PIC -DOPENSSLDIR="\"/opt/ossl-static/ssl\"" -DENGINESDIR="\"/opt/ossl-static/lib/engines-3\"" -DMODULESDIR="\"/opt/ossl-static/lib/ossl-modules\"" -DOPENSSL_BUILDING_OPENSSL -DNDEBUG  -MMD -MF crypto/dh/libcrypto-lib-dh_kdf.d.tmp -MT crypto/dh/libcrypto-lib-dh_kdf.o -c -o crypto/dh/libcrypto-lib-dh_kdf.o crypto/dh/dh_kdf.c
gcc  -I. -Iinclude -Iproviders/common/include -Iproviders/implementations/include  -DBSAES_ASM -DECP_NISTZ256_ASM -DECP_SM2P256_ASM -DKECCAK1600_ASM -DMD5_ASM -DOPENSSL_BN_ASM_MONT -DOPENSSL_CPUID_OBJ -DOPENSSL_SM3_ASM -DPOLY1305_ASM -DSHA1_ASM -DSHA256_ASM -DSHA512_ASM -DSM4_ASM -DVPAES_ASM -DVPSM4_ASM -fPIC -pthread -Wa,--noexecstack -Wall -O3 -DOPENSSL_USE_NODELETE -DOPENSSL_PIC -DOPENSSLDIR="\"/opt/ossl-static/ssl\"" -DENGINESDIR="\"/opt/ossl-static/lib/engines-3\"" -DMODULESDIR="\"/opt/ossl-static/lib/ossl-modules\"" -DOPENSSL_BUILDING_OPENSSL -DNDEBUG  -MMD -MF crypto/dh/libcrypto-lib-dh_key.d.tmp -MT crypto/dh/libcrypto-lib-dh_key.o -c -o crypto/dh/libcrypto-lib-dh_key.o crypto/dh/dh_key.c
gcc  -I. -Iinclude -Iproviders/common/include -Iproviders/implementations/include  -DBSAES_ASM -DECP_NISTZ256_ASM -DECP_SM2P256_ASM -DKECCAK1600_ASM -DMD5_ASM -DOPENSSL_BN_ASM_MONT -DOPENSSL_CPUID_OBJ -DOPENSSL_SM3_ASM -DPOLY1305_ASM -DSHA1_ASM -DSHA256_ASM -DSHA512_ASM -DSM4_ASM -DVPAES_ASM -DVPSM4_ASM -fPIC -pthread -Wa,--noexecstack -Wall -O3 -DOPENSSL_USE_NODELETE -DOPENSSL_PIC -DOPENSSLDIR="\"/opt/ossl-static/ssl\"" -DENGINESDIR="\"/opt/ossl-static/lib/engines-3\"" -DMODULESDIR="\"/opt/ossl-static/lib/ossl-modules\"" -DOPENSSL_BUILDING_OPENSSL -DNDEBUG  -MMD -MF crypto/dh/libcrypto-lib-dh_lib.d.tmp -MT crypto/dh/libcrypto-lib-dh_lib.o -c -o crypto/dh/libcrypto-lib-dh_lib.o crypto/dh/dh_lib.c
gcc  -I. -Iinclude -Iproviders/common/include -Iproviders/implementations/include  -DBSAES_ASM -DECP_NISTZ256_ASM -DECP_SM2P256_ASM -DKECCAK1600_ASM -DMD5_ASM -DOPENSSL_BN_ASM_MONT -DOPENSSL_CPUID_OBJ -DOPENSSL_SM3_ASM -DPOLY1305_ASM -DSHA1_ASM -DSHA256_ASM -DSHA512_ASM -DSM4_ASM -DVPAES_ASM -DVPSM4_ASM -fPIC -pthread -Wa,--noexecstack -Wall -O3 -DOPENSSL_USE_NODELETE -DOPENSSL_PIC -DOPENSSLDIR="\"/opt/ossl-static/ssl\"" -DENGINESDIR="\"/opt/ossl-static/lib/engines-3\"" -DMODULESDIR="\"/opt/ossl-static/lib/ossl-modules\"" -DOPENSSL_BUILDING_OPENSSL -DNDEBUG  -MMD -MF crypto/dh/libcrypto-lib-dh_meth.d.tmp -MT crypto/dh/libcrypto-lib-dh_meth.o -c -o crypto/dh/libcrypto-lib-dh_meth.o crypto/dh/dh_meth.c
gcc  -I. -Iinclude -Iproviders/common/include -Iproviders/implementations/include  -DBSAES_ASM -DECP_NISTZ256_ASM -DECP_SM2P256_ASM -DKECCAK1600_ASM -DMD5_ASM -DOPENSSL_BN_ASM_MONT -DOPENSSL_CPUID_OBJ -DOPENSSL_SM3_ASM -DPOLY1305_ASM -DSHA1_ASM -DSHA256_ASM -DSHA512_ASM -DSM4_ASM -DVPAES_ASM -DVPSM4_ASM -fPIC -pthread -Wa,--noexecstack -Wall -O3 -DOPENSSL_USE_NODELETE -DOPENSSL_PIC -DOPENSSLDIR="\"/opt/ossl-static/ssl\"" -DENGINESDIR="\"/opt/ossl-static/lib/engines-3\"" -DMODULESDIR="\"/opt/ossl-static/lib/ossl-modules\"" -DOPENSSL_BUILDING_OPENSSL -DNDEBUG  -MMD -MF crypto/dh/libcrypto-lib-dh_pmeth.d.tmp -MT crypto/dh/libcrypto-lib-dh_pmeth.o -c -o crypto/dh/libcrypto-lib-dh_pmeth.o crypto/dh/dh_pmeth.c
gcc  -I. -Iinclude -Iproviders/common/include -Iproviders/implementations/include  -DBSAES_ASM -DECP_NISTZ256_ASM -DECP_SM2P256_ASM -DKECCAK1600_ASM -DMD5_ASM -DOPENSSL_BN_ASM_MONT -DOPENSSL_CPUID_OBJ -DOPENSSL_SM3_ASM -DPOLY1305_ASM -DSHA1_ASM -DSHA256_ASM -DSHA512_ASM -DSM4_ASM -DVPAES_ASM -DVPSM4_ASM -fPIC -pthread -Wa,--noexecstack -Wall -O3 -DOPENSSL_USE_NODELETE -DOPENSSL_PIC -DOPENSSLDIR="\"/opt/ossl-static/ssl\"" -DENGINESDIR="\"/opt/ossl-static/lib/engines-3\"" -DMODULESDIR="\"/opt/ossl-static/lib/ossl-modules\"" -DOPENSSL_BUILDING_OPENSSL -DNDEBUG  -MMD -MF crypto/dh/libcrypto-lib-dh_prn.d.tmp -MT crypto/dh/libcrypto-lib-dh_prn.o -c -o crypto/dh/libcrypto-lib-dh_prn.o crypto/dh/dh_prn.c
gcc  -I. -Iinclude -Iproviders/common/include -Iproviders/implementations/include  -DBSAES_ASM -DECP_NISTZ256_ASM -DECP_SM2P256_ASM -DKECCAK1600_ASM -DMD5_ASM -DOPENSSL_BN_ASM_MONT -DOPENSSL_CPUID_OBJ -DOPENSSL_SM3_ASM -DPOLY1305_ASM -DSHA1_ASM -DSHA256_ASM -DSHA512_ASM -DSM4_ASM -DVPAES_ASM -DVPSM4_ASM -fPIC -pthread -Wa,--noexecstack -Wall -O3 -DOPENSSL_USE_NODELETE -DOPENSSL_PIC -DOPENSSLDIR="\"/opt/ossl-static/ssl\"" -DENGINESDIR="\"/opt/ossl-static/lib/engines-3\"" -DMODULESDIR="\"/opt/ossl-static/lib/ossl-modules\"" -DOPENSSL_BUILDING_OPENSSL -DNDEBUG  -MMD -MF crypto/dh/libcrypto-lib-dh_rfc5114.d.tmp -MT crypto/dh/libcrypto-lib-dh_rfc5114.o -c -o crypto/dh/libcrypto-lib-dh_rfc5114.o crypto/dh/dh_rfc5114.c
gcc  -I. -Iinclude -Iproviders/common/include -Iproviders/implementations/include  -DBSAES_ASM -DECP_NISTZ256_ASM -DECP_SM2P256_ASM -DKECCAK1600_ASM -DMD5_ASM -DOPENSSL_BN_ASM_MONT -DOPENSSL_CPUID_OBJ -DOPENSSL_SM3_ASM -DPOLY1305_ASM -DSHA1_ASM -DSHA256_ASM -DSHA512_ASM -DSM4_ASM -DVPAES_ASM -DVPSM4_ASM -fPIC -pthread -Wa,--noexecstack -Wall -O3 -DOPENSSL_USE_NODELETE -DOPENSSL_PIC -DOPENSSLDIR="\"/opt/ossl-static/ssl\"" -DENGINESDIR="\"/opt/ossl-static/lib/engines-3\"" -DMODULESDIR="\"/opt/ossl-static/lib/ossl-modules\"" -DOPENSSL_BUILDING_OPENSSL -DNDEBUG  -MMD -MF crypto/dsa/libcrypto-lib-dsa_ameth.d.tmp -MT crypto/dsa/libcrypto-lib-dsa_ameth.o -c -o crypto/dsa/libcrypto-lib-dsa_ameth.o crypto/dsa/dsa_ameth.c
gcc  -I. -Iinclude -Iproviders/common/include -Iproviders/implementations/include  -DBSAES_ASM -DECP_NISTZ256_ASM -DECP_SM2P256_ASM -DKECCAK1600_ASM -DMD5_ASM -DOPENSSL_BN_ASM_MONT -DOPENSSL_CPUID_OBJ -DOPENSSL_SM3_ASM -DPOLY1305_ASM -DSHA1_ASM -DSHA256_ASM -DSHA512_ASM -DSM4_ASM -DVPAES_ASM -DVPSM4_ASM -fPIC -pthread -Wa,--noexecstack -Wall -O3 -DOPENSSL_USE_NODELETE -DOPENSSL_PIC -DOPENSSLDIR="\"/opt/ossl-static/ssl\"" -DENGINESDIR="\"/opt/ossl-static/lib/engines-3\"" -DMODULESDIR="\"/opt/ossl-static/lib/ossl-modules\"" -DOPENSSL_BUILDING_OPENSSL -DNDEBUG  -MMD -MF crypto/dsa/libcrypto-lib-dsa_asn1.d.tmp -MT crypto/dsa/libcrypto-lib-dsa_asn1.o -c -o crypto/dsa/libcrypto-lib-dsa_asn1.o crypto/dsa/dsa_asn1.c
gcc  -I. -Iinclude -Iproviders/common/include -Iproviders/implementations/include  -DBSAES_ASM -DECP_NISTZ256_ASM -DECP_SM2P256_ASM -DKECCAK1600_ASM -DMD5_ASM -DOPENSSL_BN_ASM_MONT -DOPENSSL_CPUID_OBJ -DOPENSSL_SM3_ASM -DPOLY1305_ASM -DSHA1_ASM -DSHA256_ASM -DSHA512_ASM -DSM4_ASM -DVPAES_ASM -DVPSM4_ASM -fPIC -pthread -Wa,--noexecstack -Wall -O3 -DOPENSSL_USE_NODELETE -DOPENSSL_PIC -DOPENSSLDIR="\"/opt/ossl-static/ssl\"" -DENGINESDIR="\"/opt/ossl-static/lib/engines-3\"" -DMODULESDIR="\"/opt/ossl-static/lib/ossl-modules\"" -DOPENSSL_BUILDING_OPENSSL -DNDEBUG  -MMD -MF crypto/dsa/libcrypto-lib-dsa_backend.d.tmp -MT crypto/dsa/libcrypto-lib-dsa_backend.o -c -o crypto/dsa/libcrypto-lib-dsa_backend.o crypto/dsa/dsa_backend.c
gcc  -I. -Iinclude -Iproviders/common/include -Iproviders/implementations/include  -DBSAES_ASM -DECP_NISTZ256_ASM -DECP_SM2P256_ASM -DKECCAK1600_ASM -DMD5_ASM -DOPENSSL_BN_ASM_MONT -DOPENSSL_CPUID_OBJ -DOPENSSL_SM3_ASM -DPOLY1305_ASM -DSHA1_ASM -DSHA256_ASM -DSHA512_ASM -DSM4_ASM -DVPAES_ASM -DVPSM4_ASM -fPIC -pthread -Wa,--noexecstack -Wall -O3 -DOPENSSL_USE_NODELETE -DOPENSSL_PIC -DOPENSSLDIR="\"/opt/ossl-static/ssl\"" -DENGINESDIR="\"/opt/ossl-static/lib/engines-3\"" -DMODULESDIR="\"/opt/ossl-static/lib/ossl-modules\"" -DOPENSSL_BUILDING_OPENSSL -DNDEBUG  -MMD -MF crypto/dsa/libcrypto-lib-dsa_check.d.tmp -MT crypto/dsa/libcrypto-lib-dsa_check.o -c -o crypto/dsa/libcrypto-lib-dsa_check.o crypto/dsa/dsa_check.c
gcc  -I. -Iinclude -Iproviders/common/include -Iproviders/implementations/include  -DBSAES_ASM -DECP_NISTZ256_ASM -DECP_SM2P256_ASM -DKECCAK1600_ASM -DMD5_ASM -DOPENSSL_BN_ASM_MONT -DOPENSSL_CPUID_OBJ -DOPENSSL_SM3_ASM -DPOLY1305_ASM -DSHA1_ASM -DSHA256_ASM -DSHA512_ASM -DSM4_ASM -DVPAES_ASM -DVPSM4_ASM -fPIC -pthread -Wa,--noexecstack -Wall -O3 -DOPENSSL_USE_NODELETE -DOPENSSL_PIC -DOPENSSLDIR="\"/opt/ossl-static/ssl\"" -DENGINESDIR="\"/opt/ossl-static/lib/engines-3\"" -DMODULESDIR="\"/opt/ossl-static/lib/ossl-modules\"" -DOPENSSL_BUILDING_OPENSSL -DNDEBUG  -MMD -MF crypto/dsa/libcrypto-lib-dsa_depr.d.tmp -MT crypto/dsa/libcrypto-lib-dsa_depr.o -c -o crypto/dsa/libcrypto-lib-dsa_depr.o crypto/dsa/dsa_depr.c
gcc  -I. -Iinclude -Iproviders/common/include -Iproviders/implementations/include  -DBSAES_ASM -DECP_NISTZ256_ASM -DECP_SM2P256_ASM -DKECCAK1600_ASM -DMD5_ASM -DOPENSSL_BN_ASM_MONT -DOPENSSL_CPUID_OBJ -DOPENSSL_SM3_ASM -DPOLY1305_ASM -DSHA1_ASM -DSHA256_ASM -DSHA512_ASM -DSM4_ASM -DVPAES_ASM -DVPSM4_ASM -fPIC -pthread -Wa,--noexecstack -Wall -O3 -DOPENSSL_USE_NODELETE -DOPENSSL_PIC -DOPENSSLDIR="\"/opt/ossl-static/ssl\"" -DENGINESDIR="\"/opt/ossl-static/lib/engines-3\"" -DMODULESDIR="\"/opt/ossl-static/lib/ossl-modules\"" -DOPENSSL_BUILDING_OPENSSL -DNDEBUG  -MMD -MF crypto/dsa/libcrypto-lib-dsa_err.d.tmp -MT crypto/dsa/libcrypto-lib-dsa_err.o -c -o crypto/dsa/libcrypto-lib-dsa_err.o crypto/dsa/dsa_err.c
gcc  -I. -Iinclude -Iproviders/common/include -Iproviders/implementations/include  -DBSAES_ASM -DECP_NISTZ256_ASM -DECP_SM2P256_ASM -DKECCAK1600_ASM -DMD5_ASM -DOPENSSL_BN_ASM_MONT -DOPENSSL_CPUID_OBJ -DOPENSSL_SM3_ASM -DPOLY1305_ASM -DSHA1_ASM -DSHA256_ASM -DSHA512_ASM -DSM4_ASM -DVPAES_ASM -DVPSM4_ASM -fPIC -pthread -Wa,--noexecstack -Wall -O3 -DOPENSSL_USE_NODELETE -DOPENSSL_PIC -DOPENSSLDIR="\"/opt/ossl-static/ssl\"" -DENGINESDIR="\"/opt/ossl-static/lib/engines-3\"" -DMODULESDIR="\"/opt/ossl-static/lib/ossl-modules\"" -DOPENSSL_BUILDING_OPENSSL -DNDEBUG  -MMD -MF crypto/dsa/libcrypto-lib-dsa_gen.d.tmp -MT crypto/dsa/libcrypto-lib-dsa_gen.o -c -o crypto/dsa/libcrypto-lib-dsa_gen.o crypto/dsa/dsa_gen.c
gcc  -I. -Iinclude -Iproviders/common/include -Iproviders/implementations/include  -DBSAES_ASM -DECP_NISTZ256_ASM -DECP_SM2P256_ASM -DKECCAK1600_ASM -DMD5_ASM -DOPENSSL_BN_ASM_MONT -DOPENSSL_CPUID_OBJ -DOPENSSL_SM3_ASM -DPOLY1305_ASM -DSHA1_ASM -DSHA256_ASM -DSHA512_ASM -DSM4_ASM -DVPAES_ASM -DVPSM4_ASM -fPIC -pthread -Wa,--noexecstack -Wall -O3 -DOPENSSL_USE_NODELETE -DOPENSSL_PIC -DOPENSSLDIR="\"/opt/ossl-static/ssl\"" -DENGINESDIR="\"/opt/ossl-static/lib/engines-3\"" -DMODULESDIR="\"/opt/ossl-static/lib/ossl-modules\"" -DOPENSSL_BUILDING_OPENSSL -DNDEBUG  -MMD -MF crypto/dsa/libcrypto-lib-dsa_key.d.tmp -MT crypto/dsa/libcrypto-lib-dsa_key.o -c -o crypto/dsa/libcrypto-lib-dsa_key.o crypto/dsa/dsa_key.c
gcc  -I. -Iinclude -Iproviders/common/include -Iproviders/implementations/include  -DBSAES_ASM -DECP_NISTZ256_ASM -DECP_SM2P256_ASM -DKECCAK1600_ASM -DMD5_ASM -DOPENSSL_BN_ASM_MONT -DOPENSSL_CPUID_OBJ -DOPENSSL_SM3_ASM -DPOLY1305_ASM -DSHA1_ASM -DSHA256_ASM -DSHA512_ASM -DSM4_ASM -DVPAES_ASM -DVPSM4_ASM -fPIC -pthread -Wa,--noexecstack -Wall -O3 -DOPENSSL_USE_NODELETE -DOPENSSL_PIC -DOPENSSLDIR="\"/opt/ossl-static/ssl\"" -DENGINESDIR="\"/opt/ossl-static/lib/engines-3\"" -DMODULESDIR="\"/opt/ossl-static/lib/ossl-modules\"" -DOPENSSL_BUILDING_OPENSSL -DNDEBUG  -MMD -MF crypto/dsa/libcrypto-lib-dsa_lib.d.tmp -MT crypto/dsa/libcrypto-lib-dsa_lib.o -c -o crypto/dsa/libcrypto-lib-dsa_lib.o crypto/dsa/dsa_lib.c
gcc  -I. -Iinclude -Iproviders/common/include -Iproviders/implementations/include  -DBSAES_ASM -DECP_NISTZ256_ASM -DECP_SM2P256_ASM -DKECCAK1600_ASM -DMD5_ASM -DOPENSSL_BN_ASM_MONT -DOPENSSL_CPUID_OBJ -DOPENSSL_SM3_ASM -DPOLY1305_ASM -DSHA1_ASM -DSHA256_ASM -DSHA512_ASM -DSM4_ASM -DVPAES_ASM -DVPSM4_ASM -fPIC -pthread -Wa,--noexecstack -Wall -O3 -DOPENSSL_USE_NODELETE -DOPENSSL_PIC -DOPENSSLDIR="\"/opt/ossl-static/ssl\"" -DENGINESDIR="\"/opt/ossl-static/lib/engines-3\"" -DMODULESDIR="\"/opt/ossl-static/lib/ossl-modules\"" -DOPENSSL_BUILDING_OPENSSL -DNDEBUG  -MMD -MF crypto/dsa/libcrypto-lib-dsa_meth.d.tmp -MT crypto/dsa/libcrypto-lib-dsa_meth.o -c -o crypto/dsa/libcrypto-lib-dsa_meth.o crypto/dsa/dsa_meth.c
gcc  -I. -Iinclude -Iproviders/common/include -Iproviders/implementations/include  -DBSAES_ASM -DECP_NISTZ256_ASM -DECP_SM2P256_ASM -DKECCAK1600_ASM -DMD5_ASM -DOPENSSL_BN_ASM_MONT -DOPENSSL_CPUID_OBJ -DOPENSSL_SM3_ASM -DPOLY1305_ASM -DSHA1_ASM -DSHA256_ASM -DSHA512_ASM -DSM4_ASM -DVPAES_ASM -DVPSM4_ASM -fPIC -pthread -Wa,--noexecstack -Wall -O3 -DOPENSSL_USE_NODELETE -DOPENSSL_PIC -DOPENSSLDIR="\"/opt/ossl-static/ssl\"" -DENGINESDIR="\"/opt/ossl-static/lib/engines-3\"" -DMODULESDIR="\"/opt/ossl-static/lib/ossl-modules\"" -DOPENSSL_BUILDING_OPENSSL -DNDEBUG  -MMD -MF crypto/dsa/libcrypto-lib-dsa_ossl.d.tmp -MT crypto/dsa/libcrypto-lib-dsa_ossl.o -c -o crypto/dsa/libcrypto-lib-dsa_ossl.o crypto/dsa/dsa_ossl.c
gcc  -I. -Iinclude -Iproviders/common/include -Iproviders/implementations/include  -DBSAES_ASM -DECP_NISTZ256_ASM -DECP_SM2P256_ASM -DKECCAK1600_ASM -DMD5_ASM -DOPENSSL_BN_ASM_MONT -DOPENSSL_CPUID_OBJ -DOPENSSL_SM3_ASM -DPOLY1305_ASM -DSHA1_ASM -DSHA256_ASM -DSHA512_ASM -DSM4_ASM -DVPAES_ASM -DVPSM4_ASM -fPIC -pthread -Wa,--noexecstack -Wall -O3 -DOPENSSL_USE_NODELETE -DOPENSSL_PIC -DOPENSSLDIR="\"/opt/ossl-static/ssl\"" -DENGINESDIR="\"/opt/ossl-static/lib/engines-3\"" -DMODULESDIR="\"/opt/ossl-static/lib/ossl-modules\"" -DOPENSSL_BUILDING_OPENSSL -DNDEBUG  -MMD -MF crypto/dsa/libcrypto-lib-dsa_pmeth.d.tmp -MT crypto/dsa/libcrypto-lib-dsa_pmeth.o -c -o crypto/dsa/libcrypto-lib-dsa_pmeth.o crypto/dsa/dsa_pmeth.c
gcc  -I. -Iinclude -Iproviders/common/include -Iproviders/implementations/include  -DBSAES_ASM -DECP_NISTZ256_ASM -DECP_SM2P256_ASM -DKECCAK1600_ASM -DMD5_ASM -DOPENSSL_BN_ASM_MONT -DOPENSSL_CPUID_OBJ -DOPENSSL_SM3_ASM -DPOLY1305_ASM -DSHA1_ASM -DSHA256_ASM -DSHA512_ASM -DSM4_ASM -DVPAES_ASM -DVPSM4_ASM -fPIC -pthread -Wa,--noexecstack -Wall -O3 -DOPENSSL_USE_NODELETE -DOPENSSL_PIC -DOPENSSLDIR="\"/opt/ossl-static/ssl\"" -DENGINESDIR="\"/opt/ossl-static/lib/engines-3\"" -DMODULESDIR="\"/opt/ossl-static/lib/ossl-modules\"" -DOPENSSL_BUILDING_OPENSSL -DNDEBUG  -MMD -MF crypto/dsa/libcrypto-lib-dsa_prn.d.tmp -MT crypto/dsa/libcrypto-lib-dsa_prn.o -c -o crypto/dsa/libcrypto-lib-dsa_prn.o crypto/dsa/dsa_prn.c
gcc  -I. -Iinclude -Iproviders/common/include -Iproviders/implementations/include  -DBSAES_ASM -DECP_NISTZ256_ASM -DECP_SM2P256_ASM -DKECCAK1600_ASM -DMD5_ASM -DOPENSSL_BN_ASM_MONT -DOPENSSL_CPUID_OBJ -DOPENSSL_SM3_ASM -DPOLY1305_ASM -DSHA1_ASM -DSHA256_ASM -DSHA512_ASM -DSM4_ASM -DVPAES_ASM -DVPSM4_ASM -fPIC -pthread -Wa,--noexecstack -Wall -O3 -DOPENSSL_USE_NODELETE -DOPENSSL_PIC -DOPENSSLDIR="\"/opt/ossl-static/ssl\"" -DENGINESDIR="\"/opt/ossl-static/lib/engines-3\"" -DMODULESDIR="\"/opt/ossl-static/lib/ossl-modules\"" -DOPENSSL_BUILDING_OPENSSL -DNDEBUG  -MMD -MF crypto/dsa/libcrypto-lib-dsa_sign.d.tmp -MT crypto/dsa/libcrypto-lib-dsa_sign.o -c -o crypto/dsa/libcrypto-lib-dsa_sign.o crypto/dsa/dsa_sign.c
gcc  -I. -Iinclude -Iproviders/common/include -Iproviders/implementations/include  -DBSAES_ASM -DECP_NISTZ256_ASM -DECP_SM2P256_ASM -DKECCAK1600_ASM -DMD5_ASM -DOPENSSL_BN_ASM_MONT -DOPENSSL_CPUID_OBJ -DOPENSSL_SM3_ASM -DPOLY1305_ASM -DSHA1_ASM -DSHA256_ASM -DSHA512_ASM -DSM4_ASM -DVPAES_ASM -DVPSM4_ASM -fPIC -pthread -Wa,--noexecstack -Wall -O3 -DOPENSSL_USE_NODELETE -DOPENSSL_PIC -DOPENSSLDIR="\"/opt/ossl-static/ssl\"" -DENGINESDIR="\"/opt/ossl-static/lib/engines-3\"" -DMODULESDIR="\"/opt/ossl-static/lib/ossl-modules\"" -DOPENSSL_BUILDING_OPENSSL -DNDEBUG  -MMD -MF crypto/dsa/libcrypto-lib-dsa_vrf.d.tmp -MT crypto/dsa/libcrypto-lib-dsa_vrf.o -c -o crypto/dsa/libcrypto-lib-dsa_vrf.o crypto/dsa/dsa_vrf.c
gcc  -I. -Iinclude -Iproviders/common/include -Iproviders/implementations/include  -DBSAES_ASM -DECP_NISTZ256_ASM -DECP_SM2P256_ASM -DKECCAK1600_ASM -DMD5_ASM -DOPENSSL_BN_ASM_MONT -DOPENSSL_CPUID_OBJ -DOPENSSL_SM3_ASM -DPOLY1305_ASM -DSHA1_ASM -DSHA256_ASM -DSHA512_ASM -DSM4_ASM -DVPAES_ASM -DVPSM4_ASM -fPIC -pthread -Wa,--noexecstack -Wall -O3 -DOPENSSL_USE_NODELETE -DOPENSSL_PIC -DOPENSSLDIR="\"/opt/ossl-static/ssl\"" -DENGINESDIR="\"/opt/ossl-static/lib/engines-3\"" -DMODULESDIR="\"/opt/ossl-static/lib/ossl-modules\"" -DOPENSSL_BUILDING_OPENSSL -DNDEBUG  -MMD -MF crypto/dso/libcrypto-lib-dso_dl.d.tmp -MT crypto/dso/libcrypto-lib-dso_dl.o -c -o crypto/dso/libcrypto-lib-dso_dl.o crypto/dso/dso_dl.c
gcc  -I. -Iinclude -Iproviders/common/include -Iproviders/implementations/include  -DBSAES_ASM -DECP_NISTZ256_ASM -DECP_SM2P256_ASM -DKECCAK1600_ASM -DMD5_ASM -DOPENSSL_BN_ASM_MONT -DOPENSSL_CPUID_OBJ -DOPENSSL_SM3_ASM -DPOLY1305_ASM -DSHA1_ASM -DSHA256_ASM -DSHA512_ASM -DSM4_ASM -DVPAES_ASM -DVPSM4_ASM -fPIC -pthread -Wa,--noexecstack -Wall -O3 -DOPENSSL_USE_NODELETE -DOPENSSL_PIC -DOPENSSLDIR="\"/opt/ossl-static/ssl\"" -DENGINESDIR="\"/opt/ossl-static/lib/engines-3\"" -DMODULESDIR="\"/opt/ossl-static/lib/ossl-modules\"" -DOPENSSL_BUILDING_OPENSSL -DNDEBUG  -MMD -MF crypto/dso/libcrypto-lib-dso_dlfcn.d.tmp -MT crypto/dso/libcrypto-lib-dso_dlfcn.o -c -o crypto/dso/libcrypto-lib-dso_dlfcn.o crypto/dso/dso_dlfcn.c
gcc  -I. -Iinclude -Iproviders/common/include -Iproviders/implementations/include  -DBSAES_ASM -DECP_NISTZ256_ASM -DECP_SM2P256_ASM -DKECCAK1600_ASM -DMD5_ASM -DOPENSSL_BN_ASM_MONT -DOPENSSL_CPUID_OBJ -DOPENSSL_SM3_ASM -DPOLY1305_ASM -DSHA1_ASM -DSHA256_ASM -DSHA512_ASM -DSM4_ASM -DVPAES_ASM -DVPSM4_ASM -fPIC -pthread -Wa,--noexecstack -Wall -O3 -DOPENSSL_USE_NODELETE -DOPENSSL_PIC -DOPENSSLDIR="\"/opt/ossl-static/ssl\"" -DENGINESDIR="\"/opt/ossl-static/lib/engines-3\"" -DMODULESDIR="\"/opt/ossl-static/lib/ossl-modules\"" -DOPENSSL_BUILDING_OPENSSL -DNDEBUG  -MMD -MF crypto/dso/libcrypto-lib-dso_err.d.tmp -MT crypto/dso/libcrypto-lib-dso_err.o -c -o crypto/dso/libcrypto-lib-dso_err.o crypto/dso/dso_err.c
gcc  -I. -Iinclude -Iproviders/common/include -Iproviders/implementations/include  -DBSAES_ASM -DECP_NISTZ256_ASM -DECP_SM2P256_ASM -DKECCAK1600_ASM -DMD5_ASM -DOPENSSL_BN_ASM_MONT -DOPENSSL_CPUID_OBJ -DOPENSSL_SM3_ASM -DPOLY1305_ASM -DSHA1_ASM -DSHA256_ASM -DSHA512_ASM -DSM4_ASM -DVPAES_ASM -DVPSM4_ASM -fPIC -pthread -Wa,--noexecstack -Wall -O3 -DOPENSSL_USE_NODELETE -DOPENSSL_PIC -DOPENSSLDIR="\"/opt/ossl-static/ssl\"" -DENGINESDIR="\"/opt/ossl-static/lib/engines-3\"" -DMODULESDIR="\"/opt/ossl-static/lib/ossl-modules\"" -DOPENSSL_BUILDING_OPENSSL -DNDEBUG  -MMD -MF crypto/dso/libcrypto-lib-dso_lib.d.tmp -MT crypto/dso/libcrypto-lib-dso_lib.o -c -o crypto/dso/libcrypto-lib-dso_lib.o crypto/dso/dso_lib.c
gcc  -I. -Iinclude -Iproviders/common/include -Iproviders/implementations/include  -DBSAES_ASM -DECP_NISTZ256_ASM -DECP_SM2P256_ASM -DKECCAK1600_ASM -DMD5_ASM -DOPENSSL_BN_ASM_MONT -DOPENSSL_CPUID_OBJ -DOPENSSL_SM3_ASM -DPOLY1305_ASM -DSHA1_ASM -DSHA256_ASM -DSHA512_ASM -DSM4_ASM -DVPAES_ASM -DVPSM4_ASM -fPIC -pthread -Wa,--noexecstack -Wall -O3 -DOPENSSL_USE_NODELETE -DOPENSSL_PIC -DOPENSSLDIR="\"/opt/ossl-static/ssl\"" -DENGINESDIR="\"/opt/ossl-static/lib/engines-3\"" -DMODULESDIR="\"/opt/ossl-static/lib/ossl-modules\"" -DOPENSSL_BUILDING_OPENSSL -DNDEBUG  -MMD -MF crypto/dso/libcrypto-lib-dso_openssl.d.tmp -MT crypto/dso/libcrypto-lib-dso_openssl.o -c -o crypto/dso/libcrypto-lib-dso_openssl.o crypto/dso/dso_openssl.c
gcc  -I. -Iinclude -Iproviders/common/include -Iproviders/implementations/include  -DBSAES_ASM -DECP_NISTZ256_ASM -DECP_SM2P256_ASM -DKECCAK1600_ASM -DMD5_ASM -DOPENSSL_BN_ASM_MONT -DOPENSSL_CPUID_OBJ -DOPENSSL_SM3_ASM -DPOLY1305_ASM -DSHA1_ASM -DSHA256_ASM -DSHA512_ASM -DSM4_ASM -DVPAES_ASM -DVPSM4_ASM -fPIC -pthread -Wa,--noexecstack -Wall -O3 -DOPENSSL_USE_NODELETE -DOPENSSL_PIC -DOPENSSLDIR="\"/opt/ossl-static/ssl\"" -DENGINESDIR="\"/opt/ossl-static/lib/engines-3\"" -DMODULESDIR="\"/opt/ossl-static/lib/ossl-modules\"" -DOPENSSL_BUILDING_OPENSSL -DNDEBUG  -MMD -MF crypto/dso/libcrypto-lib-dso_vms.d.tmp -MT crypto/dso/libcrypto-lib-dso_vms.o -c -o crypto/dso/libcrypto-lib-dso_vms.o crypto/dso/dso_vms.c
gcc  -I. -Iinclude -Iproviders/common/include -Iproviders/implementations/include  -DBSAES_ASM -DECP_NISTZ256_ASM -DECP_SM2P256_ASM -DKECCAK1600_ASM -DMD5_ASM -DOPENSSL_BN_ASM_MONT -DOPENSSL_CPUID_OBJ -DOPENSSL_SM3_ASM -DPOLY1305_ASM -DSHA1_ASM -DSHA256_ASM -DSHA512_ASM -DSM4_ASM -DVPAES_ASM -DVPSM4_ASM -fPIC -pthread -Wa,--noexecstack -Wall -O3 -DOPENSSL_USE_NODELETE -DOPENSSL_PIC -DOPENSSLDIR="\"/opt/ossl-static/ssl\"" -DENGINESDIR="\"/opt/ossl-static/lib/engines-3\"" -DMODULESDIR="\"/opt/ossl-static/lib/ossl-modules\"" -DOPENSSL_BUILDING_OPENSSL -DNDEBUG  -MMD -MF crypto/dso/libcrypto-lib-dso_win32.d.tmp -MT crypto/dso/libcrypto-lib-dso_win32.o -c -o crypto/dso/libcrypto-lib-dso_win32.o crypto/dso/dso_win32.c
gcc  -I. -Iinclude -Iproviders/common/include -Iproviders/implementations/include  -DBSAES_ASM -DECP_NISTZ256_ASM -DECP_SM2P256_ASM -DKECCAK1600_ASM -DMD5_ASM -DOPENSSL_BN_ASM_MONT -DOPENSSL_CPUID_OBJ -DOPENSSL_SM3_ASM -DPOLY1305_ASM -DSHA1_ASM -DSHA256_ASM -DSHA512_ASM -DSM4_ASM -DVPAES_ASM -DVPSM4_ASM -fPIC -pthread -Wa,--noexecstack -Wall -O3 -DOPENSSL_USE_NODELETE -DOPENSSL_PIC -DOPENSSLDIR="\"/opt/ossl-static/ssl\"" -DENGINESDIR="\"/opt/ossl-static/lib/engines-3\"" -DMODULESDIR="\"/opt/ossl-static/lib/ossl-modules\"" -DOPENSSL_BUILDING_OPENSSL -DNDEBUG  -MMD -MF crypto/ec/curve448/arch_32/libcrypto-lib-f_impl32.d.tmp -MT crypto/ec/curve448/arch_32/libcrypto-lib-f_impl32.o -c -o crypto/ec/curve448/arch_32/libcrypto-lib-f_impl32.o crypto/ec/curve448/arch_32/f_impl32.c
gcc  -I. -Iinclude -Iproviders/common/include -Iproviders/implementations/include  -DBSAES_ASM -DECP_NISTZ256_ASM -DECP_SM2P256_ASM -DKECCAK1600_ASM -DMD5_ASM -DOPENSSL_BN_ASM_MONT -DOPENSSL_CPUID_OBJ -DOPENSSL_SM3_ASM -DPOLY1305_ASM -DSHA1_ASM -DSHA256_ASM -DSHA512_ASM -DSM4_ASM -DVPAES_ASM -DVPSM4_ASM -fPIC -pthread -Wa,--noexecstack -Wall -O3 -DOPENSSL_USE_NODELETE -DOPENSSL_PIC -DOPENSSLDIR="\"/opt/ossl-static/ssl\"" -DENGINESDIR="\"/opt/ossl-static/lib/engines-3\"" -DMODULESDIR="\"/opt/ossl-static/lib/ossl-modules\"" -DOPENSSL_BUILDING_OPENSSL -DNDEBUG  -MMD -MF crypto/ec/curve448/arch_64/libcrypto-lib-f_impl64.d.tmp -MT crypto/ec/curve448/arch_64/libcrypto-lib-f_impl64.o -c -o crypto/ec/curve448/arch_64/libcrypto-lib-f_impl64.o crypto/ec/curve448/arch_64/f_impl64.c
gcc  -I. -Iinclude -Iproviders/common/include -Iproviders/implementations/include  -DBSAES_ASM -DECP_NISTZ256_ASM -DECP_SM2P256_ASM -DKECCAK1600_ASM -DMD5_ASM -DOPENSSL_BN_ASM_MONT -DOPENSSL_CPUID_OBJ -DOPENSSL_SM3_ASM -DPOLY1305_ASM -DSHA1_ASM -DSHA256_ASM -DSHA512_ASM -DSM4_ASM -DVPAES_ASM -DVPSM4_ASM -fPIC -pthread -Wa,--noexecstack -Wall -O3 -DOPENSSL_USE_NODELETE -DOPENSSL_PIC -DOPENSSLDIR="\"/opt/ossl-static/ssl\"" -DENGINESDIR="\"/opt/ossl-static/lib/engines-3\"" -DMODULESDIR="\"/opt/ossl-static/lib/ossl-modules\"" -DOPENSSL_BUILDING_OPENSSL -DNDEBUG  -MMD -MF crypto/ec/curve448/libcrypto-lib-curve448.d.tmp -MT crypto/ec/curve448/libcrypto-lib-curve448.o -c -o crypto/ec/curve448/libcrypto-lib-curve448.o crypto/ec/curve448/curve448.c
gcc  -I. -Iinclude -Iproviders/common/include -Iproviders/implementations/include  -DBSAES_ASM -DECP_NISTZ256_ASM -DECP_SM2P256_ASM -DKECCAK1600_ASM -DMD5_ASM -DOPENSSL_BN_ASM_MONT -DOPENSSL_CPUID_OBJ -DOPENSSL_SM3_ASM -DPOLY1305_ASM -DSHA1_ASM -DSHA256_ASM -DSHA512_ASM -DSM4_ASM -DVPAES_ASM -DVPSM4_ASM -fPIC -pthread -Wa,--noexecstack -Wall -O3 -DOPENSSL_USE_NODELETE -DOPENSSL_PIC -DOPENSSLDIR="\"/opt/ossl-static/ssl\"" -DENGINESDIR="\"/opt/ossl-static/lib/engines-3\"" -DMODULESDIR="\"/opt/ossl-static/lib/ossl-modules\"" -DOPENSSL_BUILDING_OPENSSL -DNDEBUG  -MMD -MF crypto/ec/curve448/libcrypto-lib-curve448_tables.d.tmp -MT crypto/ec/curve448/libcrypto-lib-curve448_tables.o -c -o crypto/ec/curve448/libcrypto-lib-curve448_tables.o crypto/ec/curve448/curve448_tables.c
gcc  -I. -Iinclude -Iproviders/common/include -Iproviders/implementations/include  -DBSAES_ASM -DECP_NISTZ256_ASM -DECP_SM2P256_ASM -DKECCAK1600_ASM -DMD5_ASM -DOPENSSL_BN_ASM_MONT -DOPENSSL_CPUID_OBJ -DOPENSSL_SM3_ASM -DPOLY1305_ASM -DSHA1_ASM -DSHA256_ASM -DSHA512_ASM -DSM4_ASM -DVPAES_ASM -DVPSM4_ASM -fPIC -pthread -Wa,--noexecstack -Wall -O3 -DOPENSSL_USE_NODELETE -DOPENSSL_PIC -DOPENSSLDIR="\"/opt/ossl-static/ssl\"" -DENGINESDIR="\"/opt/ossl-static/lib/engines-3\"" -DMODULESDIR="\"/opt/ossl-static/lib/ossl-modules\"" -DOPENSSL_BUILDING_OPENSSL -DNDEBUG  -MMD -MF crypto/ec/curve448/libcrypto-lib-eddsa.d.tmp -MT crypto/ec/curve448/libcrypto-lib-eddsa.o -c -o crypto/ec/curve448/libcrypto-lib-eddsa.o crypto/ec/curve448/eddsa.c
gcc  -I. -Iinclude -Iproviders/common/include -Iproviders/implementations/include  -DBSAES_ASM -DECP_NISTZ256_ASM -DECP_SM2P256_ASM -DKECCAK1600_ASM -DMD5_ASM -DOPENSSL_BN_ASM_MONT -DOPENSSL_CPUID_OBJ -DOPENSSL_SM3_ASM -DPOLY1305_ASM -DSHA1_ASM -DSHA256_ASM -DSHA512_ASM -DSM4_ASM -DVPAES_ASM -DVPSM4_ASM -fPIC -pthread -Wa,--noexecstack -Wall -O3 -DOPENSSL_USE_NODELETE -DOPENSSL_PIC -DOPENSSLDIR="\"/opt/ossl-static/ssl\"" -DENGINESDIR="\"/opt/ossl-static/lib/engines-3\"" -DMODULESDIR="\"/opt/ossl-static/lib/ossl-modules\"" -DOPENSSL_BUILDING_OPENSSL -DNDEBUG  -MMD -MF crypto/ec/curve448/libcrypto-lib-f_generic.d.tmp -MT crypto/ec/curve448/libcrypto-lib-f_generic.o -c -o crypto/ec/curve448/libcrypto-lib-f_generic.o crypto/ec/curve448/f_generic.c
gcc  -I. -Iinclude -Iproviders/common/include -Iproviders/implementations/include  -DBSAES_ASM -DECP_NISTZ256_ASM -DECP_SM2P256_ASM -DKECCAK1600_ASM -DMD5_ASM -DOPENSSL_BN_ASM_MONT -DOPENSSL_CPUID_OBJ -DOPENSSL_SM3_ASM -DPOLY1305_ASM -DSHA1_ASM -DSHA256_ASM -DSHA512_ASM -DSM4_ASM -DVPAES_ASM -DVPSM4_ASM -fPIC -pthread -Wa,--noexecstack -Wall -O3 -DOPENSSL_USE_NODELETE -DOPENSSL_PIC -DOPENSSLDIR="\"/opt/ossl-static/ssl\"" -DENGINESDIR="\"/opt/ossl-static/lib/engines-3\"" -DMODULESDIR="\"/opt/ossl-static/lib/ossl-modules\"" -DOPENSSL_BUILDING_OPENSSL -DNDEBUG  -MMD -MF crypto/ec/curve448/libcrypto-lib-scalar.d.tmp -MT crypto/ec/curve448/libcrypto-lib-scalar.o -c -o crypto/ec/curve448/libcrypto-lib-scalar.o crypto/ec/curve448/scalar.c
gcc  -I. -Iinclude -Iproviders/common/include -Iproviders/implementations/include  -DBSAES_ASM -DECP_NISTZ256_ASM -DECP_SM2P256_ASM -DKECCAK1600_ASM -DMD5_ASM -DOPENSSL_BN_ASM_MONT -DOPENSSL_CPUID_OBJ -DOPENSSL_SM3_ASM -DPOLY1305_ASM -DSHA1_ASM -DSHA256_ASM -DSHA512_ASM -DSM4_ASM -DVPAES_ASM -DVPSM4_ASM -fPIC -pthread -Wa,--noexecstack -Wall -O3 -DOPENSSL_USE_NODELETE -DOPENSSL_PIC -DOPENSSLDIR="\"/opt/ossl-static/ssl\"" -DENGINESDIR="\"/opt/ossl-static/lib/engines-3\"" -DMODULESDIR="\"/opt/ossl-static/lib/ossl-modules\"" -DOPENSSL_BUILDING_OPENSSL -DNDEBUG  -MMD -MF crypto/ec/libcrypto-lib-curve25519.d.tmp -MT crypto/ec/libcrypto-lib-curve25519.o -c -o crypto/ec/libcrypto-lib-curve25519.o crypto/ec/curve25519.c
gcc  -I. -Iinclude -Iproviders/common/include -Iproviders/implementations/include  -DBSAES_ASM -DECP_NISTZ256_ASM -DECP_SM2P256_ASM -DKECCAK1600_ASM -DMD5_ASM -DOPENSSL_BN_ASM_MONT -DOPENSSL_CPUID_OBJ -DOPENSSL_SM3_ASM -DPOLY1305_ASM -DSHA1_ASM -DSHA256_ASM -DSHA512_ASM -DSM4_ASM -DVPAES_ASM -DVPSM4_ASM -fPIC -pthread -Wa,--noexecstack -Wall -O3 -DOPENSSL_USE_NODELETE -DOPENSSL_PIC -DOPENSSLDIR="\"/opt/ossl-static/ssl\"" -DENGINESDIR="\"/opt/ossl-static/lib/engines-3\"" -DMODULESDIR="\"/opt/ossl-static/lib/ossl-modules\"" -DOPENSSL_BUILDING_OPENSSL -DNDEBUG  -MMD -MF crypto/ec/libcrypto-lib-ec2_oct.d.tmp -MT crypto/ec/libcrypto-lib-ec2_oct.o -c -o crypto/ec/libcrypto-lib-ec2_oct.o crypto/ec/ec2_oct.c
gcc  -I. -Iinclude -Iproviders/common/include -Iproviders/implementations/include  -DBSAES_ASM -DECP_NISTZ256_ASM -DECP_SM2P256_ASM -DKECCAK1600_ASM -DMD5_ASM -DOPENSSL_BN_ASM_MONT -DOPENSSL_CPUID_OBJ -DOPENSSL_SM3_ASM -DPOLY1305_ASM -DSHA1_ASM -DSHA256_ASM -DSHA512_ASM -DSM4_ASM -DVPAES_ASM -DVPSM4_ASM -fPIC -pthread -Wa,--noexecstack -Wall -O3 -DOPENSSL_USE_NODELETE -DOPENSSL_PIC -DOPENSSLDIR="\"/opt/ossl-static/ssl\"" -DENGINESDIR="\"/opt/ossl-static/lib/engines-3\"" -DMODULESDIR="\"/opt/ossl-static/lib/ossl-modules\"" -DOPENSSL_BUILDING_OPENSSL -DNDEBUG  -MMD -MF crypto/ec/libcrypto-lib-ec2_smpl.d.tmp -MT crypto/ec/libcrypto-lib-ec2_smpl.o -c -o crypto/ec/libcrypto-lib-ec2_smpl.o crypto/ec/ec2_smpl.c
gcc  -I. -Iinclude -Iproviders/common/include -Iproviders/implementations/include  -DBSAES_ASM -DECP_NISTZ256_ASM -DECP_SM2P256_ASM -DKECCAK1600_ASM -DMD5_ASM -DOPENSSL_BN_ASM_MONT -DOPENSSL_CPUID_OBJ -DOPENSSL_SM3_ASM -DPOLY1305_ASM -DSHA1_ASM -DSHA256_ASM -DSHA512_ASM -DSM4_ASM -DVPAES_ASM -DVPSM4_ASM -fPIC -pthread -Wa,--noexecstack -Wall -O3 -DOPENSSL_USE_NODELETE -DOPENSSL_PIC -DOPENSSLDIR="\"/opt/ossl-static/ssl\"" -DENGINESDIR="\"/opt/ossl-static/lib/engines-3\"" -DMODULESDIR="\"/opt/ossl-static/lib/ossl-modules\"" -DOPENSSL_BUILDING_OPENSSL -DNDEBUG  -MMD -MF crypto/ec/libcrypto-lib-ec_ameth.d.tmp -MT crypto/ec/libcrypto-lib-ec_ameth.o -c -o crypto/ec/libcrypto-lib-ec_ameth.o crypto/ec/ec_ameth.c
gcc  -I. -Iinclude -Iproviders/common/include -Iproviders/implementations/include  -DBSAES_ASM -DECP_NISTZ256_ASM -DECP_SM2P256_ASM -DKECCAK1600_ASM -DMD5_ASM -DOPENSSL_BN_ASM_MONT -DOPENSSL_CPUID_OBJ -DOPENSSL_SM3_ASM -DPOLY1305_ASM -DSHA1_ASM -DSHA256_ASM -DSHA512_ASM -DSM4_ASM -DVPAES_ASM -DVPSM4_ASM -fPIC -pthread -Wa,--noexecstack -Wall -O3 -DOPENSSL_USE_NODELETE -DOPENSSL_PIC -DOPENSSLDIR="\"/opt/ossl-static/ssl\"" -DENGINESDIR="\"/opt/ossl-static/lib/engines-3\"" -DMODULESDIR="\"/opt/ossl-static/lib/ossl-modules\"" -DOPENSSL_BUILDING_OPENSSL -DNDEBUG  -MMD -MF crypto/ec/libcrypto-lib-ec_asn1.d.tmp -MT crypto/ec/libcrypto-lib-ec_asn1.o -c -o crypto/ec/libcrypto-lib-ec_asn1.o crypto/ec/ec_asn1.c
gcc  -I. -Iinclude -Iproviders/common/include -Iproviders/implementations/include  -DBSAES_ASM -DECP_NISTZ256_ASM -DECP_SM2P256_ASM -DKECCAK1600_ASM -DMD5_ASM -DOPENSSL_BN_ASM_MONT -DOPENSSL_CPUID_OBJ -DOPENSSL_SM3_ASM -DPOLY1305_ASM -DSHA1_ASM -DSHA256_ASM -DSHA512_ASM -DSM4_ASM -DVPAES_ASM -DVPSM4_ASM -fPIC -pthread -Wa,--noexecstack -Wall -O3 -DOPENSSL_USE_NODELETE -DOPENSSL_PIC -DOPENSSLDIR="\"/opt/ossl-static/ssl\"" -DENGINESDIR="\"/opt/ossl-static/lib/engines-3\"" -DMODULESDIR="\"/opt/ossl-static/lib/ossl-modules\"" -DOPENSSL_BUILDING_OPENSSL -DNDEBUG  -MMD -MF crypto/ec/libcrypto-lib-ec_backend.d.tmp -MT crypto/ec/libcrypto-lib-ec_backend.o -c -o crypto/ec/libcrypto-lib-ec_backend.o crypto/ec/ec_backend.c
gcc  -I. -Iinclude -Iproviders/common/include -Iproviders/implementations/include  -DBSAES_ASM -DECP_NISTZ256_ASM -DECP_SM2P256_ASM -DKECCAK1600_ASM -DMD5_ASM -DOPENSSL_BN_ASM_MONT -DOPENSSL_CPUID_OBJ -DOPENSSL_SM3_ASM -DPOLY1305_ASM -DSHA1_ASM -DSHA256_ASM -DSHA512_ASM -DSM4_ASM -DVPAES_ASM -DVPSM4_ASM -fPIC -pthread -Wa,--noexecstack -Wall -O3 -DOPENSSL_USE_NODELETE -DOPENSSL_PIC -DOPENSSLDIR="\"/opt/ossl-static/ssl\"" -DENGINESDIR="\"/opt/ossl-static/lib/engines-3\"" -DMODULESDIR="\"/opt/ossl-static/lib/ossl-modules\"" -DOPENSSL_BUILDING_OPENSSL -DNDEBUG  -MMD -MF crypto/ec/libcrypto-lib-ec_check.d.tmp -MT crypto/ec/libcrypto-lib-ec_check.o -c -o crypto/ec/libcrypto-lib-ec_check.o crypto/ec/ec_check.c
gcc  -I. -Iinclude -Iproviders/common/include -Iproviders/implementations/include  -DBSAES_ASM -DECP_NISTZ256_ASM -DECP_SM2P256_ASM -DKECCAK1600_ASM -DMD5_ASM -DOPENSSL_BN_ASM_MONT -DOPENSSL_CPUID_OBJ -DOPENSSL_SM3_ASM -DPOLY1305_ASM -DSHA1_ASM -DSHA256_ASM -DSHA512_ASM -DSM4_ASM -DVPAES_ASM -DVPSM4_ASM -fPIC -pthread -Wa,--noexecstack -Wall -O3 -DOPENSSL_USE_NODELETE -DOPENSSL_PIC -DOPENSSLDIR="\"/opt/ossl-static/ssl\"" -DENGINESDIR="\"/opt/ossl-static/lib/engines-3\"" -DMODULESDIR="\"/opt/ossl-static/lib/ossl-modules\"" -DOPENSSL_BUILDING_OPENSSL -DNDEBUG  -MMD -MF crypto/ec/libcrypto-lib-ec_curve.d.tmp -MT crypto/ec/libcrypto-lib-ec_curve.o -c -o crypto/ec/libcrypto-lib-ec_curve.o crypto/ec/ec_curve.c
gcc  -I. -Iinclude -Iproviders/common/include -Iproviders/implementations/include  -DBSAES_ASM -DECP_NISTZ256_ASM -DECP_SM2P256_ASM -DKECCAK1600_ASM -DMD5_ASM -DOPENSSL_BN_ASM_MONT -DOPENSSL_CPUID_OBJ -DOPENSSL_SM3_ASM -DPOLY1305_ASM -DSHA1_ASM -DSHA256_ASM -DSHA512_ASM -DSM4_ASM -DVPAES_ASM -DVPSM4_ASM -fPIC -pthread -Wa,--noexecstack -Wall -O3 -DOPENSSL_USE_NODELETE -DOPENSSL_PIC -DOPENSSLDIR="\"/opt/ossl-static/ssl\"" -DENGINESDIR="\"/opt/ossl-static/lib/engines-3\"" -DMODULESDIR="\"/opt/ossl-static/lib/ossl-modules\"" -DOPENSSL_BUILDING_OPENSSL -DNDEBUG  -MMD -MF crypto/ec/libcrypto-lib-ec_cvt.d.tmp -MT crypto/ec/libcrypto-lib-ec_cvt.o -c -o crypto/ec/libcrypto-lib-ec_cvt.o crypto/ec/ec_cvt.c
gcc  -I. -Iinclude -Iproviders/common/include -Iproviders/implementations/include  -DBSAES_ASM -DECP_NISTZ256_ASM -DECP_SM2P256_ASM -DKECCAK1600_ASM -DMD5_ASM -DOPENSSL_BN_ASM_MONT -DOPENSSL_CPUID_OBJ -DOPENSSL_SM3_ASM -DPOLY1305_ASM -DSHA1_ASM -DSHA256_ASM -DSHA512_ASM -DSM4_ASM -DVPAES_ASM -DVPSM4_ASM -fPIC -pthread -Wa,--noexecstack -Wall -O3 -DOPENSSL_USE_NODELETE -DOPENSSL_PIC -DOPENSSLDIR="\"/opt/ossl-static/ssl\"" -DENGINESDIR="\"/opt/ossl-static/lib/engines-3\"" -DMODULESDIR="\"/opt/ossl-static/lib/ossl-modules\"" -DOPENSSL_BUILDING_OPENSSL -DNDEBUG  -MMD -MF crypto/ec/libcrypto-lib-ec_deprecated.d.tmp -MT crypto/ec/libcrypto-lib-ec_deprecated.o -c -o crypto/ec/libcrypto-lib-ec_deprecated.o crypto/ec/ec_deprecated.c
gcc  -I. -Iinclude -Iproviders/common/include -Iproviders/implementations/include  -DBSAES_ASM -DECP_NISTZ256_ASM -DECP_SM2P256_ASM -DKECCAK1600_ASM -DMD5_ASM -DOPENSSL_BN_ASM_MONT -DOPENSSL_CPUID_OBJ -DOPENSSL_SM3_ASM -DPOLY1305_ASM -DSHA1_ASM -DSHA256_ASM -DSHA512_ASM -DSM4_ASM -DVPAES_ASM -DVPSM4_ASM -fPIC -pthread -Wa,--noexecstack -Wall -O3 -DOPENSSL_USE_NODELETE -DOPENSSL_PIC -DOPENSSLDIR="\"/opt/ossl-static/ssl\"" -DENGINESDIR="\"/opt/ossl-static/lib/engines-3\"" -DMODULESDIR="\"/opt/ossl-static/lib/ossl-modules\"" -DOPENSSL_BUILDING_OPENSSL -DNDEBUG  -MMD -MF crypto/ec/libcrypto-lib-ec_err.d.tmp -MT crypto/ec/libcrypto-lib-ec_err.o -c -o crypto/ec/libcrypto-lib-ec_err.o crypto/ec/ec_err.c
gcc  -I. -Iinclude -Iproviders/common/include -Iproviders/implementations/include  -DBSAES_ASM -DECP_NISTZ256_ASM -DECP_SM2P256_ASM -DKECCAK1600_ASM -DMD5_ASM -DOPENSSL_BN_ASM_MONT -DOPENSSL_CPUID_OBJ -DOPENSSL_SM3_ASM -DPOLY1305_ASM -DSHA1_ASM -DSHA256_ASM -DSHA512_ASM -DSM4_ASM -DVPAES_ASM -DVPSM4_ASM -fPIC -pthread -Wa,--noexecstack -Wall -O3 -DOPENSSL_USE_NODELETE -DOPENSSL_PIC -DOPENSSLDIR="\"/opt/ossl-static/ssl\"" -DENGINESDIR="\"/opt/ossl-static/lib/engines-3\"" -DMODULESDIR="\"/opt/ossl-static/lib/ossl-modules\"" -DOPENSSL_BUILDING_OPENSSL -DNDEBUG  -MMD -MF crypto/ec/libcrypto-lib-ec_key.d.tmp -MT crypto/ec/libcrypto-lib-ec_key.o -c -o crypto/ec/libcrypto-lib-ec_key.o crypto/ec/ec_key.c
gcc  -I. -Iinclude -Iproviders/common/include -Iproviders/implementations/include  -DBSAES_ASM -DECP_NISTZ256_ASM -DECP_SM2P256_ASM -DKECCAK1600_ASM -DMD5_ASM -DOPENSSL_BN_ASM_MONT -DOPENSSL_CPUID_OBJ -DOPENSSL_SM3_ASM -DPOLY1305_ASM -DSHA1_ASM -DSHA256_ASM -DSHA512_ASM -DSM4_ASM -DVPAES_ASM -DVPSM4_ASM -fPIC -pthread -Wa,--noexecstack -Wall -O3 -DOPENSSL_USE_NODELETE -DOPENSSL_PIC -DOPENSSLDIR="\"/opt/ossl-static/ssl\"" -DENGINESDIR="\"/opt/ossl-static/lib/engines-3\"" -DMODULESDIR="\"/opt/ossl-static/lib/ossl-modules\"" -DOPENSSL_BUILDING_OPENSSL -DNDEBUG  -MMD -MF crypto/ec/libcrypto-lib-ec_kmeth.d.tmp -MT crypto/ec/libcrypto-lib-ec_kmeth.o -c -o crypto/ec/libcrypto-lib-ec_kmeth.o crypto/ec/ec_kmeth.c
gcc  -I. -Iinclude -Iproviders/common/include -Iproviders/implementations/include  -DBSAES_ASM -DECP_NISTZ256_ASM -DECP_SM2P256_ASM -DKECCAK1600_ASM -DMD5_ASM -DOPENSSL_BN_ASM_MONT -DOPENSSL_CPUID_OBJ -DOPENSSL_SM3_ASM -DPOLY1305_ASM -DSHA1_ASM -DSHA256_ASM -DSHA512_ASM -DSM4_ASM -DVPAES_ASM -DVPSM4_ASM -fPIC -pthread -Wa,--noexecstack -Wall -O3 -DOPENSSL_USE_NODELETE -DOPENSSL_PIC -DOPENSSLDIR="\"/opt/ossl-static/ssl\"" -DENGINESDIR="\"/opt/ossl-static/lib/engines-3\"" -DMODULESDIR="\"/opt/ossl-static/lib/ossl-modules\"" -DOPENSSL_BUILDING_OPENSSL -DNDEBUG  -MMD -MF crypto/ec/libcrypto-lib-ec_lib.d.tmp -MT crypto/ec/libcrypto-lib-ec_lib.o -c -o crypto/ec/libcrypto-lib-ec_lib.o crypto/ec/ec_lib.c
gcc  -I. -Iinclude -Iproviders/common/include -Iproviders/implementations/include  -DBSAES_ASM -DECP_NISTZ256_ASM -DECP_SM2P256_ASM -DKECCAK1600_ASM -DMD5_ASM -DOPENSSL_BN_ASM_MONT -DOPENSSL_CPUID_OBJ -DOPENSSL_SM3_ASM -DPOLY1305_ASM -DSHA1_ASM -DSHA256_ASM -DSHA512_ASM -DSM4_ASM -DVPAES_ASM -DVPSM4_ASM -fPIC -pthread -Wa,--noexecstack -Wall -O3 -DOPENSSL_USE_NODELETE -DOPENSSL_PIC -DOPENSSLDIR="\"/opt/ossl-static/ssl\"" -DENGINESDIR="\"/opt/ossl-static/lib/engines-3\"" -DMODULESDIR="\"/opt/ossl-static/lib/ossl-modules\"" -DOPENSSL_BUILDING_OPENSSL -DNDEBUG  -MMD -MF crypto/ec/libcrypto-lib-ec_mult.d.tmp -MT crypto/ec/libcrypto-lib-ec_mult.o -c -o crypto/ec/libcrypto-lib-ec_mult.o crypto/ec/ec_mult.c
gcc  -I. -Iinclude -Iproviders/common/include -Iproviders/implementations/include  -DBSAES_ASM -DECP_NISTZ256_ASM -DECP_SM2P256_ASM -DKECCAK1600_ASM -DMD5_ASM -DOPENSSL_BN_ASM_MONT -DOPENSSL_CPUID_OBJ -DOPENSSL_SM3_ASM -DPOLY1305_ASM -DSHA1_ASM -DSHA256_ASM -DSHA512_ASM -DSM4_ASM -DVPAES_ASM -DVPSM4_ASM -fPIC -pthread -Wa,--noexecstack -Wall -O3 -DOPENSSL_USE_NODELETE -DOPENSSL_PIC -DOPENSSLDIR="\"/opt/ossl-static/ssl\"" -DENGINESDIR="\"/opt/ossl-static/lib/engines-3\"" -DMODULESDIR="\"/opt/ossl-static/lib/ossl-modules\"" -DOPENSSL_BUILDING_OPENSSL -DNDEBUG  -MMD -MF crypto/ec/libcrypto-lib-ec_oct.d.tmp -MT crypto/ec/libcrypto-lib-ec_oct.o -c -o crypto/ec/libcrypto-lib-ec_oct.o crypto/ec/ec_oct.c
gcc  -I. -Iinclude -Iproviders/common/include -Iproviders/implementations/include  -DBSAES_ASM -DECP_NISTZ256_ASM -DECP_SM2P256_ASM -DKECCAK1600_ASM -DMD5_ASM -DOPENSSL_BN_ASM_MONT -DOPENSSL_CPUID_OBJ -DOPENSSL_SM3_ASM -DPOLY1305_ASM -DSHA1_ASM -DSHA256_ASM -DSHA512_ASM -DSM4_ASM -DVPAES_ASM -DVPSM4_ASM -fPIC -pthread -Wa,--noexecstack -Wall -O3 -DOPENSSL_USE_NODELETE -DOPENSSL_PIC -DOPENSSLDIR="\"/opt/ossl-static/ssl\"" -DENGINESDIR="\"/opt/ossl-static/lib/engines-3\"" -DMODULESDIR="\"/opt/ossl-static/lib/ossl-modules\"" -DOPENSSL_BUILDING_OPENSSL -DNDEBUG  -MMD -MF crypto/ec/libcrypto-lib-ec_pmeth.d.tmp -MT crypto/ec/libcrypto-lib-ec_pmeth.o -c -o crypto/ec/libcrypto-lib-ec_pmeth.o crypto/ec/ec_pmeth.c
gcc  -I. -Iinclude -Iproviders/common/include -Iproviders/implementations/include  -DBSAES_ASM -DECP_NISTZ256_ASM -DECP_SM2P256_ASM -DKECCAK1600_ASM -DMD5_ASM -DOPENSSL_BN_ASM_MONT -DOPENSSL_CPUID_OBJ -DOPENSSL_SM3_ASM -DPOLY1305_ASM -DSHA1_ASM -DSHA256_ASM -DSHA512_ASM -DSM4_ASM -DVPAES_ASM -DVPSM4_ASM -fPIC -pthread -Wa,--noexecstack -Wall -O3 -DOPENSSL_USE_NODELETE -DOPENSSL_PIC -DOPENSSLDIR="\"/opt/ossl-static/ssl\"" -DENGINESDIR="\"/opt/ossl-static/lib/engines-3\"" -DMODULESDIR="\"/opt/ossl-static/lib/ossl-modules\"" -DOPENSSL_BUILDING_OPENSSL -DNDEBUG  -MMD -MF crypto/ec/libcrypto-lib-ec_print.d.tmp -MT crypto/ec/libcrypto-lib-ec_print.o -c -o crypto/ec/libcrypto-lib-ec_print.o crypto/ec/ec_print.c
gcc  -I. -Iinclude -Iproviders/common/include -Iproviders/implementations/include  -DBSAES_ASM -DECP_NISTZ256_ASM -DECP_SM2P256_ASM -DKECCAK1600_ASM -DMD5_ASM -DOPENSSL_BN_ASM_MONT -DOPENSSL_CPUID_OBJ -DOPENSSL_SM3_ASM -DPOLY1305_ASM -DSHA1_ASM -DSHA256_ASM -DSHA512_ASM -DSM4_ASM -DVPAES_ASM -DVPSM4_ASM -fPIC -pthread -Wa,--noexecstack -Wall -O3 -DOPENSSL_USE_NODELETE -DOPENSSL_PIC -DOPENSSLDIR="\"/opt/ossl-static/ssl\"" -DENGINESDIR="\"/opt/ossl-static/lib/engines-3\"" -DMODULESDIR="\"/opt/ossl-static/lib/ossl-modules\"" -DOPENSSL_BUILDING_OPENSSL -DNDEBUG  -MMD -MF crypto/ec/libcrypto-lib-ecdh_kdf.d.tmp -MT crypto/ec/libcrypto-lib-ecdh_kdf.o -c -o crypto/ec/libcrypto-lib-ecdh_kdf.o crypto/ec/ecdh_kdf.c
gcc  -I. -Iinclude -Iproviders/common/include -Iproviders/implementations/include  -DBSAES_ASM -DECP_NISTZ256_ASM -DECP_SM2P256_ASM -DKECCAK1600_ASM -DMD5_ASM -DOPENSSL_BN_ASM_MONT -DOPENSSL_CPUID_OBJ -DOPENSSL_SM3_ASM -DPOLY1305_ASM -DSHA1_ASM -DSHA256_ASM -DSHA512_ASM -DSM4_ASM -DVPAES_ASM -DVPSM4_ASM -fPIC -pthread -Wa,--noexecstack -Wall -O3 -DOPENSSL_USE_NODELETE -DOPENSSL_PIC -DOPENSSLDIR="\"/opt/ossl-static/ssl\"" -DENGINESDIR="\"/opt/ossl-static/lib/engines-3\"" -DMODULESDIR="\"/opt/ossl-static/lib/ossl-modules\"" -DOPENSSL_BUILDING_OPENSSL -DNDEBUG  -MMD -MF crypto/ec/libcrypto-lib-ecdh_ossl.d.tmp -MT crypto/ec/libcrypto-lib-ecdh_ossl.o -c -o crypto/ec/libcrypto-lib-ecdh_ossl.o crypto/ec/ecdh_ossl.c
gcc  -I. -Iinclude -Iproviders/common/include -Iproviders/implementations/include  -DBSAES_ASM -DECP_NISTZ256_ASM -DECP_SM2P256_ASM -DKECCAK1600_ASM -DMD5_ASM -DOPENSSL_BN_ASM_MONT -DOPENSSL_CPUID_OBJ -DOPENSSL_SM3_ASM -DPOLY1305_ASM -DSHA1_ASM -DSHA256_ASM -DSHA512_ASM -DSM4_ASM -DVPAES_ASM -DVPSM4_ASM -fPIC -pthread -Wa,--noexecstack -Wall -O3 -DOPENSSL_USE_NODELETE -DOPENSSL_PIC -DOPENSSLDIR="\"/opt/ossl-static/ssl\"" -DENGINESDIR="\"/opt/ossl-static/lib/engines-3\"" -DMODULESDIR="\"/opt/ossl-static/lib/ossl-modules\"" -DOPENSSL_BUILDING_OPENSSL -DNDEBUG  -MMD -MF crypto/ec/libcrypto-lib-ecdsa_ossl.d.tmp -MT crypto/ec/libcrypto-lib-ecdsa_ossl.o -c -o crypto/ec/libcrypto-lib-ecdsa_ossl.o crypto/ec/ecdsa_ossl.c
gcc  -I. -Iinclude -Iproviders/common/include -Iproviders/implementations/include  -DBSAES_ASM -DECP_NISTZ256_ASM -DECP_SM2P256_ASM -DKECCAK1600_ASM -DMD5_ASM -DOPENSSL_BN_ASM_MONT -DOPENSSL_CPUID_OBJ -DOPENSSL_SM3_ASM -DPOLY1305_ASM -DSHA1_ASM -DSHA256_ASM -DSHA512_ASM -DSM4_ASM -DVPAES_ASM -DVPSM4_ASM -fPIC -pthread -Wa,--noexecstack -Wall -O3 -DOPENSSL_USE_NODELETE -DOPENSSL_PIC -DOPENSSLDIR="\"/opt/ossl-static/ssl\"" -DENGINESDIR="\"/opt/ossl-static/lib/engines-3\"" -DMODULESDIR="\"/opt/ossl-static/lib/ossl-modules\"" -DOPENSSL_BUILDING_OPENSSL -DNDEBUG  -MMD -MF crypto/ec/libcrypto-lib-ecdsa_sign.d.tmp -MT crypto/ec/libcrypto-lib-ecdsa_sign.o -c -o crypto/ec/libcrypto-lib-ecdsa_sign.o crypto/ec/ecdsa_sign.c
gcc  -I. -Iinclude -Iproviders/common/include -Iproviders/implementations/include  -DBSAES_ASM -DECP_NISTZ256_ASM -DECP_SM2P256_ASM -DKECCAK1600_ASM -DMD5_ASM -DOPENSSL_BN_ASM_MONT -DOPENSSL_CPUID_OBJ -DOPENSSL_SM3_ASM -DPOLY1305_ASM -DSHA1_ASM -DSHA256_ASM -DSHA512_ASM -DSM4_ASM -DVPAES_ASM -DVPSM4_ASM -fPIC -pthread -Wa,--noexecstack -Wall -O3 -DOPENSSL_USE_NODELETE -DOPENSSL_PIC -DOPENSSLDIR="\"/opt/ossl-static/ssl\"" -DENGINESDIR="\"/opt/ossl-static/lib/engines-3\"" -DMODULESDIR="\"/opt/ossl-static/lib/ossl-modules\"" -DOPENSSL_BUILDING_OPENSSL -DNDEBUG  -MMD -MF crypto/ec/libcrypto-lib-ecdsa_vrf.d.tmp -MT crypto/ec/libcrypto-lib-ecdsa_vrf.o -c -o crypto/ec/libcrypto-lib-ecdsa_vrf.o crypto/ec/ecdsa_vrf.c
gcc  -I. -Iinclude -Iproviders/common/include -Iproviders/implementations/include  -DBSAES_ASM -DECP_NISTZ256_ASM -DECP_SM2P256_ASM -DKECCAK1600_ASM -DMD5_ASM -DOPENSSL_BN_ASM_MONT -DOPENSSL_CPUID_OBJ -DOPENSSL_SM3_ASM -DPOLY1305_ASM -DSHA1_ASM -DSHA256_ASM -DSHA512_ASM -DSM4_ASM -DVPAES_ASM -DVPSM4_ASM -fPIC -pthread -Wa,--noexecstack -Wall -O3 -DOPENSSL_USE_NODELETE -DOPENSSL_PIC -DOPENSSLDIR="\"/opt/ossl-static/ssl\"" -DENGINESDIR="\"/opt/ossl-static/lib/engines-3\"" -DMODULESDIR="\"/opt/ossl-static/lib/ossl-modules\"" -DOPENSSL_BUILDING_OPENSSL -DNDEBUG  -MMD -MF crypto/ec/libcrypto-lib-eck_prn.d.tmp -MT crypto/ec/libcrypto-lib-eck_prn.o -c -o crypto/ec/libcrypto-lib-eck_prn.o crypto/ec/eck_prn.c
gcc  -I. -Iinclude -Iproviders/common/include -Iproviders/implementations/include  -DBSAES_ASM -DECP_NISTZ256_ASM -DECP_SM2P256_ASM -DKECCAK1600_ASM -DMD5_ASM -DOPENSSL_BN_ASM_MONT -DOPENSSL_CPUID_OBJ -DOPENSSL_SM3_ASM -DPOLY1305_ASM -DSHA1_ASM -DSHA256_ASM -DSHA512_ASM -DSM4_ASM -DVPAES_ASM -DVPSM4_ASM -fPIC -pthread -Wa,--noexecstack -Wall -O3 -DOPENSSL_USE_NODELETE -DOPENSSL_PIC -DOPENSSLDIR="\"/opt/ossl-static/ssl\"" -DENGINESDIR="\"/opt/ossl-static/lib/engines-3\"" -DMODULESDIR="\"/opt/ossl-static/lib/ossl-modules\"" -DOPENSSL_BUILDING_OPENSSL -DNDEBUG  -MMD -MF crypto/ec/libcrypto-lib-ecp_mont.d.tmp -MT crypto/ec/libcrypto-lib-ecp_mont.o -c -o crypto/ec/libcrypto-lib-ecp_mont.o crypto/ec/ecp_mont.c
gcc  -I. -Iinclude -Iproviders/common/include -Iproviders/implementations/include  -DBSAES_ASM -DECP_NISTZ256_ASM -DECP_SM2P256_ASM -DKECCAK1600_ASM -DMD5_ASM -DOPENSSL_BN_ASM_MONT -DOPENSSL_CPUID_OBJ -DOPENSSL_SM3_ASM -DPOLY1305_ASM -DSHA1_ASM -DSHA256_ASM -DSHA512_ASM -DSM4_ASM -DVPAES_ASM -DVPSM4_ASM -fPIC -pthread -Wa,--noexecstack -Wall -O3 -DOPENSSL_USE_NODELETE -DOPENSSL_PIC -DOPENSSLDIR="\"/opt/ossl-static/ssl\"" -DENGINESDIR="\"/opt/ossl-static/lib/engines-3\"" -DMODULESDIR="\"/opt/ossl-static/lib/ossl-modules\"" -DOPENSSL_BUILDING_OPENSSL -DNDEBUG  -MMD -MF crypto/ec/libcrypto-lib-ecp_nist.d.tmp -MT crypto/ec/libcrypto-lib-ecp_nist.o -c -o crypto/ec/libcrypto-lib-ecp_nist.o crypto/ec/ecp_nist.c
CC="gcc" perl crypto/ec/asm/ecp_nistz256-armv8.pl "linux64" -Icrypto -I. -Iinclude -Iproviders/common/include -Iproviders/implementations/include -fPIC -pthread -Wa,--noexecstack -Wall -O3 -DOPENSSL_USE_NODELETE -DOPENSSL_PIC -DOPENSSLDIR="\"/opt/ossl-static/ssl\"" -DENGINESDIR="\"/opt/ossl-static/lib/engines-3\"" -DMODULESDIR="\"/opt/ossl-static/lib/ossl-modules\"" -DOPENSSL_BUILDING_OPENSSL -DNDEBUG  -DBSAES_ASM -DECP_NISTZ256_ASM -DECP_SM2P256_ASM -DKECCAK1600_ASM -DMD5_ASM -DOPENSSL_BN_ASM_MONT -DOPENSSL_CPUID_OBJ -DOPENSSL_SM3_ASM -DPOLY1305_ASM -DSHA1_ASM -DSHA256_ASM -DSHA512_ASM -DSM4_ASM -DVPAES_ASM -DVPSM4_ASM  crypto/ec/ecp_nistz256-armv8.S
gcc  -I. -Iinclude -Iproviders/common/include -Iproviders/implementations/include  -DBSAES_ASM -DECP_NISTZ256_ASM -DECP_SM2P256_ASM -DKECCAK1600_ASM -DMD5_ASM -DOPENSSL_BN_ASM_MONT -DOPENSSL_CPUID_OBJ -DOPENSSL_SM3_ASM -DPOLY1305_ASM -DSHA1_ASM -DSHA256_ASM -DSHA512_ASM -DSM4_ASM -DVPAES_ASM -DVPSM4_ASM -fPIC -pthread -Wa,--noexecstack -Wall -O3 -DOPENSSL_USE_NODELETE -DOPENSSL_PIC -DOPENSSLDIR="\"/opt/ossl-static/ssl\"" -DENGINESDIR="\"/opt/ossl-static/lib/engines-3\"" -DMODULESDIR="\"/opt/ossl-static/lib/ossl-modules\"" -DOPENSSL_BUILDING_OPENSSL -DNDEBUG  -MMD -MF crypto/ec/libcrypto-lib-ecp_nistz256.d.tmp -MT crypto/ec/libcrypto-lib-ecp_nistz256.o -c -o crypto/ec/libcrypto-lib-ecp_nistz256.o crypto/ec/ecp_nistz256.c
gcc  -I. -Iinclude -Iproviders/common/include -Iproviders/implementations/include  -DBSAES_ASM -DECP_NISTZ256_ASM -DECP_SM2P256_ASM -DKECCAK1600_ASM -DMD5_ASM -DOPENSSL_BN_ASM_MONT -DOPENSSL_CPUID_OBJ -DOPENSSL_SM3_ASM -DPOLY1305_ASM -DSHA1_ASM -DSHA256_ASM -DSHA512_ASM -DSM4_ASM -DVPAES_ASM -DVPSM4_ASM -fPIC -pthread -Wa,--noexecstack -Wall -O3 -DOPENSSL_USE_NODELETE -DOPENSSL_PIC -DOPENSSLDIR="\"/opt/ossl-static/ssl\"" -DENGINESDIR="\"/opt/ossl-static/lib/engines-3\"" -DMODULESDIR="\"/opt/ossl-static/lib/ossl-modules\"" -DOPENSSL_BUILDING_OPENSSL -DNDEBUG  -MMD -MF crypto/ec/libcrypto-lib-ecp_oct.d.tmp -MT crypto/ec/libcrypto-lib-ecp_oct.o -c -o crypto/ec/libcrypto-lib-ecp_oct.o crypto/ec/ecp_oct.c
CC="gcc" perl crypto/ec/asm/ecp_sm2p256-armv8.pl "linux64" -Icrypto -I. -Iinclude -Iproviders/common/include -Iproviders/implementations/include -fPIC -pthread -Wa,--noexecstack -Wall -O3 -DOPENSSL_USE_NODELETE -DOPENSSL_PIC -DOPENSSLDIR="\"/opt/ossl-static/ssl\"" -DENGINESDIR="\"/opt/ossl-static/lib/engines-3\"" -DMODULESDIR="\"/opt/ossl-static/lib/ossl-modules\"" -DOPENSSL_BUILDING_OPENSSL -DNDEBUG  -DBSAES_ASM -DECP_NISTZ256_ASM -DECP_SM2P256_ASM -DKECCAK1600_ASM -DMD5_ASM -DOPENSSL_BN_ASM_MONT -DOPENSSL_CPUID_OBJ -DOPENSSL_SM3_ASM -DPOLY1305_ASM -DSHA1_ASM -DSHA256_ASM -DSHA512_ASM -DSM4_ASM -DVPAES_ASM -DVPSM4_ASM  crypto/ec/ecp_sm2p256-armv8.S
gcc  -I. -Iinclude -Iproviders/common/include -Iproviders/implementations/include  -DBSAES_ASM -DECP_NISTZ256_ASM -DECP_SM2P256_ASM -DKECCAK1600_ASM -DMD5_ASM -DOPENSSL_BN_ASM_MONT -DOPENSSL_CPUID_OBJ -DOPENSSL_SM3_ASM -DPOLY1305_ASM -DSHA1_ASM -DSHA256_ASM -DSHA512_ASM -DSM4_ASM -DVPAES_ASM -DVPSM4_ASM -fPIC -pthread -Wa,--noexecstack -Wall -O3 -DOPENSSL_USE_NODELETE -DOPENSSL_PIC -DOPENSSLDIR="\"/opt/ossl-static/ssl\"" -DENGINESDIR="\"/opt/ossl-static/lib/engines-3\"" -DMODULESDIR="\"/opt/ossl-static/lib/ossl-modules\"" -DOPENSSL_BUILDING_OPENSSL -DNDEBUG  -MMD -MF crypto/ec/libcrypto-lib-ecp_sm2p256.d.tmp -MT crypto/ec/libcrypto-lib-ecp_sm2p256.o -c -o crypto/ec/libcrypto-lib-ecp_sm2p256.o crypto/ec/ecp_sm2p256.c
gcc  -I. -Iinclude -Iproviders/common/include -Iproviders/implementations/include  -DBSAES_ASM -DECP_NISTZ256_ASM -DECP_SM2P256_ASM -DKECCAK1600_ASM -DMD5_ASM -DOPENSSL_BN_ASM_MONT -DOPENSSL_CPUID_OBJ -DOPENSSL_SM3_ASM -DPOLY1305_ASM -DSHA1_ASM -DSHA256_ASM -DSHA512_ASM -DSM4_ASM -DVPAES_ASM -DVPSM4_ASM -fPIC -pthread -Wa,--noexecstack -Wall -O3 -DOPENSSL_USE_NODELETE -DOPENSSL_PIC -DOPENSSLDIR="\"/opt/ossl-static/ssl\"" -DENGINESDIR="\"/opt/ossl-static/lib/engines-3\"" -DMODULESDIR="\"/opt/ossl-static/lib/ossl-modules\"" -DOPENSSL_BUILDING_OPENSSL -DNDEBUG  -MMD -MF crypto/ec/libcrypto-lib-ecp_sm2p256_table.d.tmp -MT crypto/ec/libcrypto-lib-ecp_sm2p256_table.o -c -o crypto/ec/libcrypto-lib-ecp_sm2p256_table.o crypto/ec/ecp_sm2p256_table.c
gcc  -I. -Iinclude -Iproviders/common/include -Iproviders/implementations/include  -DBSAES_ASM -DECP_NISTZ256_ASM -DECP_SM2P256_ASM -DKECCAK1600_ASM -DMD5_ASM -DOPENSSL_BN_ASM_MONT -DOPENSSL_CPUID_OBJ -DOPENSSL_SM3_ASM -DPOLY1305_ASM -DSHA1_ASM -DSHA256_ASM -DSHA512_ASM -DSM4_ASM -DVPAES_ASM -DVPSM4_ASM -fPIC -pthread -Wa,--noexecstack -Wall -O3 -DOPENSSL_USE_NODELETE -DOPENSSL_PIC -DOPENSSLDIR="\"/opt/ossl-static/ssl\"" -DENGINESDIR="\"/opt/ossl-static/lib/engines-3\"" -DMODULESDIR="\"/opt/ossl-static/lib/ossl-modules\"" -DOPENSSL_BUILDING_OPENSSL -DNDEBUG  -MMD -MF crypto/ec/libcrypto-lib-ecp_smpl.d.tmp -MT crypto/ec/libcrypto-lib-ecp_smpl.o -c -o crypto/ec/libcrypto-lib-ecp_smpl.o crypto/ec/ecp_smpl.c
gcc  -I. -Iinclude -Iproviders/common/include -Iproviders/implementations/include  -DBSAES_ASM -DECP_NISTZ256_ASM -DECP_SM2P256_ASM -DKECCAK1600_ASM -DMD5_ASM -DOPENSSL_BN_ASM_MONT -DOPENSSL_CPUID_OBJ -DOPENSSL_SM3_ASM -DPOLY1305_ASM -DSHA1_ASM -DSHA256_ASM -DSHA512_ASM -DSM4_ASM -DVPAES_ASM -DVPSM4_ASM -fPIC -pthread -Wa,--noexecstack -Wall -O3 -DOPENSSL_USE_NODELETE -DOPENSSL_PIC -DOPENSSLDIR="\"/opt/ossl-static/ssl\"" -DENGINESDIR="\"/opt/ossl-static/lib/engines-3\"" -DMODULESDIR="\"/opt/ossl-static/lib/ossl-modules\"" -DOPENSSL_BUILDING_OPENSSL -DNDEBUG  -MMD -MF crypto/ec/libcrypto-lib-ecx_backend.d.tmp -MT crypto/ec/libcrypto-lib-ecx_backend.o -c -o crypto/ec/libcrypto-lib-ecx_backend.o crypto/ec/ecx_backend.c
gcc  -Icrypto -I. -Iinclude -Iproviders/common/include -Iproviders/implementations/include  -DBSAES_ASM -DECP_NISTZ256_ASM -DECP_SM2P256_ASM -DKECCAK1600_ASM -DMD5_ASM -DOPENSSL_BN_ASM_MONT -DOPENSSL_CPUID_OBJ -DOPENSSL_SM3_ASM -DPOLY1305_ASM -DSHA1_ASM -DSHA256_ASM -DSHA512_ASM -DSM4_ASM -DVPAES_ASM -DVPSM4_ASM -fPIC -pthread -Wa,--noexecstack -Wall -O3 -DOPENSSL_USE_NODELETE -DOPENSSL_PIC -DOPENSSLDIR="\"/opt/ossl-static/ssl\"" -DENGINESDIR="\"/opt/ossl-static/lib/engines-3\"" -DMODULESDIR="\"/opt/ossl-static/lib/ossl-modules\"" -DOPENSSL_BUILDING_OPENSSL -DNDEBUG  -MMD -MF crypto/ec/libcrypto-lib-ecx_key.d.tmp -MT crypto/ec/libcrypto-lib-ecx_key.o -c -o crypto/ec/libcrypto-lib-ecx_key.o crypto/ec/ecx_key.c
gcc  -Icrypto -I. -Iinclude -Iproviders/common/include -Iproviders/implementations/include  -DBSAES_ASM -DECP_NISTZ256_ASM -DECP_SM2P256_ASM -DKECCAK1600_ASM -DMD5_ASM -DOPENSSL_BN_ASM_MONT -DOPENSSL_CPUID_OBJ -DOPENSSL_SM3_ASM -DPOLY1305_ASM -DSHA1_ASM -DSHA256_ASM -DSHA512_ASM -DSM4_ASM -DVPAES_ASM -DVPSM4_ASM -fPIC -pthread -Wa,--noexecstack -Wall -O3 -DOPENSSL_USE_NODELETE -DOPENSSL_PIC -DOPENSSLDIR="\"/opt/ossl-static/ssl\"" -DENGINESDIR="\"/opt/ossl-static/lib/engines-3\"" -DMODULESDIR="\"/opt/ossl-static/lib/ossl-modules\"" -DOPENSSL_BUILDING_OPENSSL -DNDEBUG  -MMD -MF crypto/ec/libcrypto-lib-ecx_meth.d.tmp -MT crypto/ec/libcrypto-lib-ecx_meth.o -c -o crypto/ec/libcrypto-lib-ecx_meth.o crypto/ec/ecx_meth.c
gcc  -I. -Iinclude -Iproviders/common/include -Iproviders/implementations/include  -DBSAES_ASM -DECP_NISTZ256_ASM -DECP_SM2P256_ASM -DKECCAK1600_ASM -DMD5_ASM -DOPENSSL_BN_ASM_MONT -DOPENSSL_CPUID_OBJ -DOPENSSL_SM3_ASM -DPOLY1305_ASM -DSHA1_ASM -DSHA256_ASM -DSHA512_ASM -DSM4_ASM -DVPAES_ASM -DVPSM4_ASM -fPIC -pthread -Wa,--noexecstack -Wall -O3 -DOPENSSL_USE_NODELETE -DOPENSSL_PIC -DOPENSSLDIR="\"/opt/ossl-static/ssl\"" -DENGINESDIR="\"/opt/ossl-static/lib/engines-3\"" -DMODULESDIR="\"/opt/ossl-static/lib/ossl-modules\"" -DOPENSSL_BUILDING_OPENSSL -DNDEBUG  -MMD -MF crypto/encode_decode/libcrypto-lib-decoder_err.d.tmp -MT crypto/encode_decode/libcrypto-lib-decoder_err.o -c -o crypto/encode_decode/libcrypto-lib-decoder_err.o crypto/encode_decode/decoder_err.c
gcc  -I. -Iinclude -Iproviders/common/include -Iproviders/implementations/include  -DBSAES_ASM -DECP_NISTZ256_ASM -DECP_SM2P256_ASM -DKECCAK1600_ASM -DMD5_ASM -DOPENSSL_BN_ASM_MONT -DOPENSSL_CPUID_OBJ -DOPENSSL_SM3_ASM -DPOLY1305_ASM -DSHA1_ASM -DSHA256_ASM -DSHA512_ASM -DSM4_ASM -DVPAES_ASM -DVPSM4_ASM -fPIC -pthread -Wa,--noexecstack -Wall -O3 -DOPENSSL_USE_NODELETE -DOPENSSL_PIC -DOPENSSLDIR="\"/opt/ossl-static/ssl\"" -DENGINESDIR="\"/opt/ossl-static/lib/engines-3\"" -DMODULESDIR="\"/opt/ossl-static/lib/ossl-modules\"" -DOPENSSL_BUILDING_OPENSSL -DNDEBUG  -MMD -MF crypto/encode_decode/libcrypto-lib-decoder_lib.d.tmp -MT crypto/encode_decode/libcrypto-lib-decoder_lib.o -c -o crypto/encode_decode/libcrypto-lib-decoder_lib.o crypto/encode_decode/decoder_lib.c
gcc  -I. -Iinclude -Iproviders/common/include -Iproviders/implementations/include  -DBSAES_ASM -DECP_NISTZ256_ASM -DECP_SM2P256_ASM -DKECCAK1600_ASM -DMD5_ASM -DOPENSSL_BN_ASM_MONT -DOPENSSL_CPUID_OBJ -DOPENSSL_SM3_ASM -DPOLY1305_ASM -DSHA1_ASM -DSHA256_ASM -DSHA512_ASM -DSM4_ASM -DVPAES_ASM -DVPSM4_ASM -fPIC -pthread -Wa,--noexecstack -Wall -O3 -DOPENSSL_USE_NODELETE -DOPENSSL_PIC -DOPENSSLDIR="\"/opt/ossl-static/ssl\"" -DENGINESDIR="\"/opt/ossl-static/lib/engines-3\"" -DMODULESDIR="\"/opt/ossl-static/lib/ossl-modules\"" -DOPENSSL_BUILDING_OPENSSL -DNDEBUG  -MMD -MF crypto/encode_decode/libcrypto-lib-decoder_meth.d.tmp -MT crypto/encode_decode/libcrypto-lib-decoder_meth.o -c -o crypto/encode_decode/libcrypto-lib-decoder_meth.o crypto/encode_decode/decoder_meth.c
gcc  -I. -Iinclude -Iproviders/common/include -Iproviders/implementations/include  -DBSAES_ASM -DECP_NISTZ256_ASM -DECP_SM2P256_ASM -DKECCAK1600_ASM -DMD5_ASM -DOPENSSL_BN_ASM_MONT -DOPENSSL_CPUID_OBJ -DOPENSSL_SM3_ASM -DPOLY1305_ASM -DSHA1_ASM -DSHA256_ASM -DSHA512_ASM -DSM4_ASM -DVPAES_ASM -DVPSM4_ASM -fPIC -pthread -Wa,--noexecstack -Wall -O3 -DOPENSSL_USE_NODELETE -DOPENSSL_PIC -DOPENSSLDIR="\"/opt/ossl-static/ssl\"" -DENGINESDIR="\"/opt/ossl-static/lib/engines-3\"" -DMODULESDIR="\"/opt/ossl-static/lib/ossl-modules\"" -DOPENSSL_BUILDING_OPENSSL -DNDEBUG  -MMD -MF crypto/encode_decode/libcrypto-lib-decoder_pkey.d.tmp -MT crypto/encode_decode/libcrypto-lib-decoder_pkey.o -c -o crypto/encode_decode/libcrypto-lib-decoder_pkey.o crypto/encode_decode/decoder_pkey.c
gcc  -I. -Iinclude -Iproviders/common/include -Iproviders/implementations/include  -DBSAES_ASM -DECP_NISTZ256_ASM -DECP_SM2P256_ASM -DKECCAK1600_ASM -DMD5_ASM -DOPENSSL_BN_ASM_MONT -DOPENSSL_CPUID_OBJ -DOPENSSL_SM3_ASM -DPOLY1305_ASM -DSHA1_ASM -DSHA256_ASM -DSHA512_ASM -DSM4_ASM -DVPAES_ASM -DVPSM4_ASM -fPIC -pthread -Wa,--noexecstack -Wall -O3 -DOPENSSL_USE_NODELETE -DOPENSSL_PIC -DOPENSSLDIR="\"/opt/ossl-static/ssl\"" -DENGINESDIR="\"/opt/ossl-static/lib/engines-3\"" -DMODULESDIR="\"/opt/ossl-static/lib/ossl-modules\"" -DOPENSSL_BUILDING_OPENSSL -DNDEBUG  -MMD -MF crypto/encode_decode/libcrypto-lib-encoder_err.d.tmp -MT crypto/encode_decode/libcrypto-lib-encoder_err.o -c -o crypto/encode_decode/libcrypto-lib-encoder_err.o crypto/encode_decode/encoder_err.c
gcc  -I. -Iinclude -Iproviders/common/include -Iproviders/implementations/include  -DBSAES_ASM -DECP_NISTZ256_ASM -DECP_SM2P256_ASM -DKECCAK1600_ASM -DMD5_ASM -DOPENSSL_BN_ASM_MONT -DOPENSSL_CPUID_OBJ -DOPENSSL_SM3_ASM -DPOLY1305_ASM -DSHA1_ASM -DSHA256_ASM -DSHA512_ASM -DSM4_ASM -DVPAES_ASM -DVPSM4_ASM -fPIC -pthread -Wa,--noexecstack -Wall -O3 -DOPENSSL_USE_NODELETE -DOPENSSL_PIC -DOPENSSLDIR="\"/opt/ossl-static/ssl\"" -DENGINESDIR="\"/opt/ossl-static/lib/engines-3\"" -DMODULESDIR="\"/opt/ossl-static/lib/ossl-modules\"" -DOPENSSL_BUILDING_OPENSSL -DNDEBUG  -MMD -MF crypto/encode_decode/libcrypto-lib-encoder_lib.d.tmp -MT crypto/encode_decode/libcrypto-lib-encoder_lib.o -c -o crypto/encode_decode/libcrypto-lib-encoder_lib.o crypto/encode_decode/encoder_lib.c
gcc  -I. -Iinclude -Iproviders/common/include -Iproviders/implementations/include  -DBSAES_ASM -DECP_NISTZ256_ASM -DECP_SM2P256_ASM -DKECCAK1600_ASM -DMD5_ASM -DOPENSSL_BN_ASM_MONT -DOPENSSL_CPUID_OBJ -DOPENSSL_SM3_ASM -DPOLY1305_ASM -DSHA1_ASM -DSHA256_ASM -DSHA512_ASM -DSM4_ASM -DVPAES_ASM -DVPSM4_ASM -fPIC -pthread -Wa,--noexecstack -Wall -O3 -DOPENSSL_USE_NODELETE -DOPENSSL_PIC -DOPENSSLDIR="\"/opt/ossl-static/ssl\"" -DENGINESDIR="\"/opt/ossl-static/lib/engines-3\"" -DMODULESDIR="\"/opt/ossl-static/lib/ossl-modules\"" -DOPENSSL_BUILDING_OPENSSL -DNDEBUG  -MMD -MF crypto/encode_decode/libcrypto-lib-encoder_meth.d.tmp -MT crypto/encode_decode/libcrypto-lib-encoder_meth.o -c -o crypto/encode_decode/libcrypto-lib-encoder_meth.o crypto/encode_decode/encoder_meth.c
gcc  -I. -Iinclude -Iproviders/common/include -Iproviders/implementations/include  -DBSAES_ASM -DECP_NISTZ256_ASM -DECP_SM2P256_ASM -DKECCAK1600_ASM -DMD5_ASM -DOPENSSL_BN_ASM_MONT -DOPENSSL_CPUID_OBJ -DOPENSSL_SM3_ASM -DPOLY1305_ASM -DSHA1_ASM -DSHA256_ASM -DSHA512_ASM -DSM4_ASM -DVPAES_ASM -DVPSM4_ASM -fPIC -pthread -Wa,--noexecstack -Wall -O3 -DOPENSSL_USE_NODELETE -DOPENSSL_PIC -DOPENSSLDIR="\"/opt/ossl-static/ssl\"" -DENGINESDIR="\"/opt/ossl-static/lib/engines-3\"" -DMODULESDIR="\"/opt/ossl-static/lib/ossl-modules\"" -DOPENSSL_BUILDING_OPENSSL -DNDEBUG  -MMD -MF crypto/encode_decode/libcrypto-lib-encoder_pkey.d.tmp -MT crypto/encode_decode/libcrypto-lib-encoder_pkey.o -c -o crypto/encode_decode/libcrypto-lib-encoder_pkey.o crypto/encode_decode/encoder_pkey.c
gcc  -I. -Iinclude -Iproviders/common/include -Iproviders/implementations/include  -DBSAES_ASM -DECP_NISTZ256_ASM -DECP_SM2P256_ASM -DKECCAK1600_ASM -DMD5_ASM -DOPENSSL_BN_ASM_MONT -DOPENSSL_CPUID_OBJ -DOPENSSL_SM3_ASM -DPOLY1305_ASM -DSHA1_ASM -DSHA256_ASM -DSHA512_ASM -DSM4_ASM -DVPAES_ASM -DVPSM4_ASM -fPIC -pthread -Wa,--noexecstack -Wall -O3 -DOPENSSL_USE_NODELETE -DOPENSSL_PIC -DOPENSSLDIR="\"/opt/ossl-static/ssl\"" -DENGINESDIR="\"/opt/ossl-static/lib/engines-3\"" -DMODULESDIR="\"/opt/ossl-static/lib/ossl-modules\"" -DOPENSSL_BUILDING_OPENSSL -DNDEBUG  -MMD -MF crypto/engine/libcrypto-lib-eng_all.d.tmp -MT crypto/engine/libcrypto-lib-eng_all.o -c -o crypto/engine/libcrypto-lib-eng_all.o crypto/engine/eng_all.c
gcc  -I. -Iinclude -Iproviders/common/include -Iproviders/implementations/include  -DBSAES_ASM -DECP_NISTZ256_ASM -DECP_SM2P256_ASM -DKECCAK1600_ASM -DMD5_ASM -DOPENSSL_BN_ASM_MONT -DOPENSSL_CPUID_OBJ -DOPENSSL_SM3_ASM -DPOLY1305_ASM -DSHA1_ASM -DSHA256_ASM -DSHA512_ASM -DSM4_ASM -DVPAES_ASM -DVPSM4_ASM -fPIC -pthread -Wa,--noexecstack -Wall -O3 -DOPENSSL_USE_NODELETE -DOPENSSL_PIC -DOPENSSLDIR="\"/opt/ossl-static/ssl\"" -DENGINESDIR="\"/opt/ossl-static/lib/engines-3\"" -DMODULESDIR="\"/opt/ossl-static/lib/ossl-modules\"" -DOPENSSL_BUILDING_OPENSSL -DNDEBUG  -MMD -MF crypto/engine/libcrypto-lib-eng_cnf.d.tmp -MT crypto/engine/libcrypto-lib-eng_cnf.o -c -o crypto/engine/libcrypto-lib-eng_cnf.o crypto/engine/eng_cnf.c
gcc  -I. -Iinclude -Iproviders/common/include -Iproviders/implementations/include  -DBSAES_ASM -DECP_NISTZ256_ASM -DECP_SM2P256_ASM -DKECCAK1600_ASM -DMD5_ASM -DOPENSSL_BN_ASM_MONT -DOPENSSL_CPUID_OBJ -DOPENSSL_SM3_ASM -DPOLY1305_ASM -DSHA1_ASM -DSHA256_ASM -DSHA512_ASM -DSM4_ASM -DVPAES_ASM -DVPSM4_ASM -fPIC -pthread -Wa,--noexecstack -Wall -O3 -DOPENSSL_USE_NODELETE -DOPENSSL_PIC -DOPENSSLDIR="\"/opt/ossl-static/ssl\"" -DENGINESDIR="\"/opt/ossl-static/lib/engines-3\"" -DMODULESDIR="\"/opt/ossl-static/lib/ossl-modules\"" -DOPENSSL_BUILDING_OPENSSL -DNDEBUG  -MMD -MF crypto/engine/libcrypto-lib-eng_ctrl.d.tmp -MT crypto/engine/libcrypto-lib-eng_ctrl.o -c -o crypto/engine/libcrypto-lib-eng_ctrl.o crypto/engine/eng_ctrl.c
gcc  -I. -Iinclude -Iproviders/common/include -Iproviders/implementations/include  -DBSAES_ASM -DECP_NISTZ256_ASM -DECP_SM2P256_ASM -DKECCAK1600_ASM -DMD5_ASM -DOPENSSL_BN_ASM_MONT -DOPENSSL_CPUID_OBJ -DOPENSSL_SM3_ASM -DPOLY1305_ASM -DSHA1_ASM -DSHA256_ASM -DSHA512_ASM -DSM4_ASM -DVPAES_ASM -DVPSM4_ASM -fPIC -pthread -Wa,--noexecstack -Wall -O3 -DOPENSSL_USE_NODELETE -DOPENSSL_PIC -DOPENSSLDIR="\"/opt/ossl-static/ssl\"" -DENGINESDIR="\"/opt/ossl-static/lib/engines-3\"" -DMODULESDIR="\"/opt/ossl-static/lib/ossl-modules\"" -DOPENSSL_BUILDING_OPENSSL -DNDEBUG  -MMD -MF crypto/engine/libcrypto-lib-eng_dyn.d.tmp -MT crypto/engine/libcrypto-lib-eng_dyn.o -c -o crypto/engine/libcrypto-lib-eng_dyn.o crypto/engine/eng_dyn.c
gcc  -I. -Iinclude -Iproviders/common/include -Iproviders/implementations/include  -DBSAES_ASM -DECP_NISTZ256_ASM -DECP_SM2P256_ASM -DKECCAK1600_ASM -DMD5_ASM -DOPENSSL_BN_ASM_MONT -DOPENSSL_CPUID_OBJ -DOPENSSL_SM3_ASM -DPOLY1305_ASM -DSHA1_ASM -DSHA256_ASM -DSHA512_ASM -DSM4_ASM -DVPAES_ASM -DVPSM4_ASM -fPIC -pthread -Wa,--noexecstack -Wall -O3 -DOPENSSL_USE_NODELETE -DOPENSSL_PIC -DOPENSSLDIR="\"/opt/ossl-static/ssl\"" -DENGINESDIR="\"/opt/ossl-static/lib/engines-3\"" -DMODULESDIR="\"/opt/ossl-static/lib/ossl-modules\"" -DOPENSSL_BUILDING_OPENSSL -DNDEBUG  -MMD -MF crypto/engine/libcrypto-lib-eng_err.d.tmp -MT crypto/engine/libcrypto-lib-eng_err.o -c -o crypto/engine/libcrypto-lib-eng_err.o crypto/engine/eng_err.c
gcc  -I. -Iinclude -Iproviders/common/include -Iproviders/implementations/include  -DBSAES_ASM -DECP_NISTZ256_ASM -DECP_SM2P256_ASM -DKECCAK1600_ASM -DMD5_ASM -DOPENSSL_BN_ASM_MONT -DOPENSSL_CPUID_OBJ -DOPENSSL_SM3_ASM -DPOLY1305_ASM -DSHA1_ASM -DSHA256_ASM -DSHA512_ASM -DSM4_ASM -DVPAES_ASM -DVPSM4_ASM -fPIC -pthread -Wa,--noexecstack -Wall -O3 -DOPENSSL_USE_NODELETE -DOPENSSL_PIC -DOPENSSLDIR="\"/opt/ossl-static/ssl\"" -DENGINESDIR="\"/opt/ossl-static/lib/engines-3\"" -DMODULESDIR="\"/opt/ossl-static/lib/ossl-modules\"" -DOPENSSL_BUILDING_OPENSSL -DNDEBUG  -MMD -MF crypto/engine/libcrypto-lib-eng_fat.d.tmp -MT crypto/engine/libcrypto-lib-eng_fat.o -c -o crypto/engine/libcrypto-lib-eng_fat.o crypto/engine/eng_fat.c
gcc  -I. -Iinclude -Iproviders/common/include -Iproviders/implementations/include  -DBSAES_ASM -DECP_NISTZ256_ASM -DECP_SM2P256_ASM -DKECCAK1600_ASM -DMD5_ASM -DOPENSSL_BN_ASM_MONT -DOPENSSL_CPUID_OBJ -DOPENSSL_SM3_ASM -DPOLY1305_ASM -DSHA1_ASM -DSHA256_ASM -DSHA512_ASM -DSM4_ASM -DVPAES_ASM -DVPSM4_ASM -fPIC -pthread -Wa,--noexecstack -Wall -O3 -DOPENSSL_USE_NODELETE -DOPENSSL_PIC -DOPENSSLDIR="\"/opt/ossl-static/ssl\"" -DENGINESDIR="\"/opt/ossl-static/lib/engines-3\"" -DMODULESDIR="\"/opt/ossl-static/lib/ossl-modules\"" -DOPENSSL_BUILDING_OPENSSL -DNDEBUG  -MMD -MF crypto/engine/libcrypto-lib-eng_init.d.tmp -MT crypto/engine/libcrypto-lib-eng_init.o -c -o crypto/engine/libcrypto-lib-eng_init.o crypto/engine/eng_init.c
gcc  -I. -Iinclude -Iproviders/common/include -Iproviders/implementations/include  -DBSAES_ASM -DECP_NISTZ256_ASM -DECP_SM2P256_ASM -DKECCAK1600_ASM -DMD5_ASM -DOPENSSL_BN_ASM_MONT -DOPENSSL_CPUID_OBJ -DOPENSSL_SM3_ASM -DPOLY1305_ASM -DSHA1_ASM -DSHA256_ASM -DSHA512_ASM -DSM4_ASM -DVPAES_ASM -DVPSM4_ASM -fPIC -pthread -Wa,--noexecstack -Wall -O3 -DOPENSSL_USE_NODELETE -DOPENSSL_PIC -DOPENSSLDIR="\"/opt/ossl-static/ssl\"" -DENGINESDIR="\"/opt/ossl-static/lib/engines-3\"" -DMODULESDIR="\"/opt/ossl-static/lib/ossl-modules\"" -DOPENSSL_BUILDING_OPENSSL -DNDEBUG  -MMD -MF crypto/engine/libcrypto-lib-eng_lib.d.tmp -MT crypto/engine/libcrypto-lib-eng_lib.o -c -o crypto/engine/libcrypto-lib-eng_lib.o crypto/engine/eng_lib.c
gcc  -I. -Iinclude -Iproviders/common/include -Iproviders/implementations/include  -DBSAES_ASM -DECP_NISTZ256_ASM -DECP_SM2P256_ASM -DKECCAK1600_ASM -DMD5_ASM -DOPENSSL_BN_ASM_MONT -DOPENSSL_CPUID_OBJ -DOPENSSL_SM3_ASM -DPOLY1305_ASM -DSHA1_ASM -DSHA256_ASM -DSHA512_ASM -DSM4_ASM -DVPAES_ASM -DVPSM4_ASM -fPIC -pthread -Wa,--noexecstack -Wall -O3 -DOPENSSL_USE_NODELETE -DOPENSSL_PIC -DOPENSSLDIR="\"/opt/ossl-static/ssl\"" -DENGINESDIR="\"/opt/ossl-static/lib/engines-3\"" -DMODULESDIR="\"/opt/ossl-static/lib/ossl-modules\"" -DOPENSSL_BUILDING_OPENSSL -DNDEBUG  -MMD -MF crypto/engine/libcrypto-lib-eng_list.d.tmp -MT crypto/engine/libcrypto-lib-eng_list.o -c -o crypto/engine/libcrypto-lib-eng_list.o crypto/engine/eng_list.c
gcc  -I. -Iinclude -Iproviders/common/include -Iproviders/implementations/include  -DBSAES_ASM -DECP_NISTZ256_ASM -DECP_SM2P256_ASM -DKECCAK1600_ASM -DMD5_ASM -DOPENSSL_BN_ASM_MONT -DOPENSSL_CPUID_OBJ -DOPENSSL_SM3_ASM -DPOLY1305_ASM -DSHA1_ASM -DSHA256_ASM -DSHA512_ASM -DSM4_ASM -DVPAES_ASM -DVPSM4_ASM -fPIC -pthread -Wa,--noexecstack -Wall -O3 -DOPENSSL_USE_NODELETE -DOPENSSL_PIC -DOPENSSLDIR="\"/opt/ossl-static/ssl\"" -DENGINESDIR="\"/opt/ossl-static/lib/engines-3\"" -DMODULESDIR="\"/opt/ossl-static/lib/ossl-modules\"" -DOPENSSL_BUILDING_OPENSSL -DNDEBUG  -MMD -MF crypto/engine/libcrypto-lib-eng_openssl.d.tmp -MT crypto/engine/libcrypto-lib-eng_openssl.o -c -o crypto/engine/libcrypto-lib-eng_openssl.o crypto/engine/eng_openssl.c
gcc  -I. -Iinclude -Iproviders/common/include -Iproviders/implementations/include  -DBSAES_ASM -DECP_NISTZ256_ASM -DECP_SM2P256_ASM -DKECCAK1600_ASM -DMD5_ASM -DOPENSSL_BN_ASM_MONT -DOPENSSL_CPUID_OBJ -DOPENSSL_SM3_ASM -DPOLY1305_ASM -DSHA1_ASM -DSHA256_ASM -DSHA512_ASM -DSM4_ASM -DVPAES_ASM -DVPSM4_ASM -fPIC -pthread -Wa,--noexecstack -Wall -O3 -DOPENSSL_USE_NODELETE -DOPENSSL_PIC -DOPENSSLDIR="\"/opt/ossl-static/ssl\"" -DENGINESDIR="\"/opt/ossl-static/lib/engines-3\"" -DMODULESDIR="\"/opt/ossl-static/lib/ossl-modules\"" -DOPENSSL_BUILDING_OPENSSL -DNDEBUG  -MMD -MF crypto/engine/libcrypto-lib-eng_pkey.d.tmp -MT crypto/engine/libcrypto-lib-eng_pkey.o -c -o crypto/engine/libcrypto-lib-eng_pkey.o crypto/engine/eng_pkey.c
gcc  -I. -Iinclude -Iproviders/common/include -Iproviders/implementations/include  -DBSAES_ASM -DECP_NISTZ256_ASM -DECP_SM2P256_ASM -DKECCAK1600_ASM -DMD5_ASM -DOPENSSL_BN_ASM_MONT -DOPENSSL_CPUID_OBJ -DOPENSSL_SM3_ASM -DPOLY1305_ASM -DSHA1_ASM -DSHA256_ASM -DSHA512_ASM -DSM4_ASM -DVPAES_ASM -DVPSM4_ASM -fPIC -pthread -Wa,--noexecstack -Wall -O3 -DOPENSSL_USE_NODELETE -DOPENSSL_PIC -DOPENSSLDIR="\"/opt/ossl-static/ssl\"" -DENGINESDIR="\"/opt/ossl-static/lib/engines-3\"" -DMODULESDIR="\"/opt/ossl-static/lib/ossl-modules\"" -DOPENSSL_BUILDING_OPENSSL -DNDEBUG  -MMD -MF crypto/engine/libcrypto-lib-eng_rdrand.d.tmp -MT crypto/engine/libcrypto-lib-eng_rdrand.o -c -o crypto/engine/libcrypto-lib-eng_rdrand.o crypto/engine/eng_rdrand.c
gcc  -I. -Iinclude -Iproviders/common/include -Iproviders/implementations/include  -DBSAES_ASM -DECP_NISTZ256_ASM -DECP_SM2P256_ASM -DKECCAK1600_ASM -DMD5_ASM -DOPENSSL_BN_ASM_MONT -DOPENSSL_CPUID_OBJ -DOPENSSL_SM3_ASM -DPOLY1305_ASM -DSHA1_ASM -DSHA256_ASM -DSHA512_ASM -DSM4_ASM -DVPAES_ASM -DVPSM4_ASM -fPIC -pthread -Wa,--noexecstack -Wall -O3 -DOPENSSL_USE_NODELETE -DOPENSSL_PIC -DOPENSSLDIR="\"/opt/ossl-static/ssl\"" -DENGINESDIR="\"/opt/ossl-static/lib/engines-3\"" -DMODULESDIR="\"/opt/ossl-static/lib/ossl-modules\"" -DOPENSSL_BUILDING_OPENSSL -DNDEBUG  -MMD -MF crypto/engine/libcrypto-lib-eng_table.d.tmp -MT crypto/engine/libcrypto-lib-eng_table.o -c -o crypto/engine/libcrypto-lib-eng_table.o crypto/engine/eng_table.c
gcc  -I. -Iinclude -Iproviders/common/include -Iproviders/implementations/include  -DBSAES_ASM -DECP_NISTZ256_ASM -DECP_SM2P256_ASM -DKECCAK1600_ASM -DMD5_ASM -DOPENSSL_BN_ASM_MONT -DOPENSSL_CPUID_OBJ -DOPENSSL_SM3_ASM -DPOLY1305_ASM -DSHA1_ASM -DSHA256_ASM -DSHA512_ASM -DSM4_ASM -DVPAES_ASM -DVPSM4_ASM -fPIC -pthread -Wa,--noexecstack -Wall -O3 -DOPENSSL_USE_NODELETE -DOPENSSL_PIC -DOPENSSLDIR="\"/opt/ossl-static/ssl\"" -DENGINESDIR="\"/opt/ossl-static/lib/engines-3\"" -DMODULESDIR="\"/opt/ossl-static/lib/ossl-modules\"" -DOPENSSL_BUILDING_OPENSSL -DNDEBUG  -MMD -MF crypto/engine/libcrypto-lib-tb_asnmth.d.tmp -MT crypto/engine/libcrypto-lib-tb_asnmth.o -c -o crypto/engine/libcrypto-lib-tb_asnmth.o crypto/engine/tb_asnmth.c
gcc  -I. -Iinclude -Iproviders/common/include -Iproviders/implementations/include  -DBSAES_ASM -DECP_NISTZ256_ASM -DECP_SM2P256_ASM -DKECCAK1600_ASM -DMD5_ASM -DOPENSSL_BN_ASM_MONT -DOPENSSL_CPUID_OBJ -DOPENSSL_SM3_ASM -DPOLY1305_ASM -DSHA1_ASM -DSHA256_ASM -DSHA512_ASM -DSM4_ASM -DVPAES_ASM -DVPSM4_ASM -fPIC -pthread -Wa,--noexecstack -Wall -O3 -DOPENSSL_USE_NODELETE -DOPENSSL_PIC -DOPENSSLDIR="\"/opt/ossl-static/ssl\"" -DENGINESDIR="\"/opt/ossl-static/lib/engines-3\"" -DMODULESDIR="\"/opt/ossl-static/lib/ossl-modules\"" -DOPENSSL_BUILDING_OPENSSL -DNDEBUG  -MMD -MF crypto/engine/libcrypto-lib-tb_cipher.d.tmp -MT crypto/engine/libcrypto-lib-tb_cipher.o -c -o crypto/engine/libcrypto-lib-tb_cipher.o crypto/engine/tb_cipher.c
gcc  -I. -Iinclude -Iproviders/common/include -Iproviders/implementations/include  -DBSAES_ASM -DECP_NISTZ256_ASM -DECP_SM2P256_ASM -DKECCAK1600_ASM -DMD5_ASM -DOPENSSL_BN_ASM_MONT -DOPENSSL_CPUID_OBJ -DOPENSSL_SM3_ASM -DPOLY1305_ASM -DSHA1_ASM -DSHA256_ASM -DSHA512_ASM -DSM4_ASM -DVPAES_ASM -DVPSM4_ASM -fPIC -pthread -Wa,--noexecstack -Wall -O3 -DOPENSSL_USE_NODELETE -DOPENSSL_PIC -DOPENSSLDIR="\"/opt/ossl-static/ssl\"" -DENGINESDIR="\"/opt/ossl-static/lib/engines-3\"" -DMODULESDIR="\"/opt/ossl-static/lib/ossl-modules\"" -DOPENSSL_BUILDING_OPENSSL -DNDEBUG  -MMD -MF crypto/engine/libcrypto-lib-tb_dh.d.tmp -MT crypto/engine/libcrypto-lib-tb_dh.o -c -o crypto/engine/libcrypto-lib-tb_dh.o crypto/engine/tb_dh.c
gcc  -I. -Iinclude -Iproviders/common/include -Iproviders/implementations/include  -DBSAES_ASM -DECP_NISTZ256_ASM -DECP_SM2P256_ASM -DKECCAK1600_ASM -DMD5_ASM -DOPENSSL_BN_ASM_MONT -DOPENSSL_CPUID_OBJ -DOPENSSL_SM3_ASM -DPOLY1305_ASM -DSHA1_ASM -DSHA256_ASM -DSHA512_ASM -DSM4_ASM -DVPAES_ASM -DVPSM4_ASM -fPIC -pthread -Wa,--noexecstack -Wall -O3 -DOPENSSL_USE_NODELETE -DOPENSSL_PIC -DOPENSSLDIR="\"/opt/ossl-static/ssl\"" -DENGINESDIR="\"/opt/ossl-static/lib/engines-3\"" -DMODULESDIR="\"/opt/ossl-static/lib/ossl-modules\"" -DOPENSSL_BUILDING_OPENSSL -DNDEBUG  -MMD -MF crypto/engine/libcrypto-lib-tb_digest.d.tmp -MT crypto/engine/libcrypto-lib-tb_digest.o -c -o crypto/engine/libcrypto-lib-tb_digest.o crypto/engine/tb_digest.c
gcc  -I. -Iinclude -Iproviders/common/include -Iproviders/implementations/include  -DBSAES_ASM -DECP_NISTZ256_ASM -DECP_SM2P256_ASM -DKECCAK1600_ASM -DMD5_ASM -DOPENSSL_BN_ASM_MONT -DOPENSSL_CPUID_OBJ -DOPENSSL_SM3_ASM -DPOLY1305_ASM -DSHA1_ASM -DSHA256_ASM -DSHA512_ASM -DSM4_ASM -DVPAES_ASM -DVPSM4_ASM -fPIC -pthread -Wa,--noexecstack -Wall -O3 -DOPENSSL_USE_NODELETE -DOPENSSL_PIC -DOPENSSLDIR="\"/opt/ossl-static/ssl\"" -DENGINESDIR="\"/opt/ossl-static/lib/engines-3\"" -DMODULESDIR="\"/opt/ossl-static/lib/ossl-modules\"" -DOPENSSL_BUILDING_OPENSSL -DNDEBUG  -MMD -MF crypto/engine/libcrypto-lib-tb_dsa.d.tmp -MT crypto/engine/libcrypto-lib-tb_dsa.o -c -o crypto/engine/libcrypto-lib-tb_dsa.o crypto/engine/tb_dsa.c
gcc  -I. -Iinclude -Iproviders/common/include -Iproviders/implementations/include  -DBSAES_ASM -DECP_NISTZ256_ASM -DECP_SM2P256_ASM -DKECCAK1600_ASM -DMD5_ASM -DOPENSSL_BN_ASM_MONT -DOPENSSL_CPUID_OBJ -DOPENSSL_SM3_ASM -DPOLY1305_ASM -DSHA1_ASM -DSHA256_ASM -DSHA512_ASM -DSM4_ASM -DVPAES_ASM -DVPSM4_ASM -fPIC -pthread -Wa,--noexecstack -Wall -O3 -DOPENSSL_USE_NODELETE -DOPENSSL_PIC -DOPENSSLDIR="\"/opt/ossl-static/ssl\"" -DENGINESDIR="\"/opt/ossl-static/lib/engines-3\"" -DMODULESDIR="\"/opt/ossl-static/lib/ossl-modules\"" -DOPENSSL_BUILDING_OPENSSL -DNDEBUG  -MMD -MF crypto/engine/libcrypto-lib-tb_eckey.d.tmp -MT crypto/engine/libcrypto-lib-tb_eckey.o -c -o crypto/engine/libcrypto-lib-tb_eckey.o crypto/engine/tb_eckey.c
gcc  -I. -Iinclude -Iproviders/common/include -Iproviders/implementations/include  -DBSAES_ASM -DECP_NISTZ256_ASM -DECP_SM2P256_ASM -DKECCAK1600_ASM -DMD5_ASM -DOPENSSL_BN_ASM_MONT -DOPENSSL_CPUID_OBJ -DOPENSSL_SM3_ASM -DPOLY1305_ASM -DSHA1_ASM -DSHA256_ASM -DSHA512_ASM -DSM4_ASM -DVPAES_ASM -DVPSM4_ASM -fPIC -pthread -Wa,--noexecstack -Wall -O3 -DOPENSSL_USE_NODELETE -DOPENSSL_PIC -DOPENSSLDIR="\"/opt/ossl-static/ssl\"" -DENGINESDIR="\"/opt/ossl-static/lib/engines-3\"" -DMODULESDIR="\"/opt/ossl-static/lib/ossl-modules\"" -DOPENSSL_BUILDING_OPENSSL -DNDEBUG  -MMD -MF crypto/engine/libcrypto-lib-tb_pkmeth.d.tmp -MT crypto/engine/libcrypto-lib-tb_pkmeth.o -c -o crypto/engine/libcrypto-lib-tb_pkmeth.o crypto/engine/tb_pkmeth.c
gcc  -I. -Iinclude -Iproviders/common/include -Iproviders/implementations/include  -DBSAES_ASM -DECP_NISTZ256_ASM -DECP_SM2P256_ASM -DKECCAK1600_ASM -DMD5_ASM -DOPENSSL_BN_ASM_MONT -DOPENSSL_CPUID_OBJ -DOPENSSL_SM3_ASM -DPOLY1305_ASM -DSHA1_ASM -DSHA256_ASM -DSHA512_ASM -DSM4_ASM -DVPAES_ASM -DVPSM4_ASM -fPIC -pthread -Wa,--noexecstack -Wall -O3 -DOPENSSL_USE_NODELETE -DOPENSSL_PIC -DOPENSSLDIR="\"/opt/ossl-static/ssl\"" -DENGINESDIR="\"/opt/ossl-static/lib/engines-3\"" -DMODULESDIR="\"/opt/ossl-static/lib/ossl-modules\"" -DOPENSSL_BUILDING_OPENSSL -DNDEBUG  -MMD -MF crypto/engine/libcrypto-lib-tb_rand.d.tmp -MT crypto/engine/libcrypto-lib-tb_rand.o -c -o crypto/engine/libcrypto-lib-tb_rand.o crypto/engine/tb_rand.c
gcc  -I. -Iinclude -Iproviders/common/include -Iproviders/implementations/include  -DBSAES_ASM -DECP_NISTZ256_ASM -DECP_SM2P256_ASM -DKECCAK1600_ASM -DMD5_ASM -DOPENSSL_BN_ASM_MONT -DOPENSSL_CPUID_OBJ -DOPENSSL_SM3_ASM -DPOLY1305_ASM -DSHA1_ASM -DSHA256_ASM -DSHA512_ASM -DSM4_ASM -DVPAES_ASM -DVPSM4_ASM -fPIC -pthread -Wa,--noexecstack -Wall -O3 -DOPENSSL_USE_NODELETE -DOPENSSL_PIC -DOPENSSLDIR="\"/opt/ossl-static/ssl\"" -DENGINESDIR="\"/opt/ossl-static/lib/engines-3\"" -DMODULESDIR="\"/opt/ossl-static/lib/ossl-modules\"" -DOPENSSL_BUILDING_OPENSSL -DNDEBUG  -MMD -MF crypto/engine/libcrypto-lib-tb_rsa.d.tmp -MT crypto/engine/libcrypto-lib-tb_rsa.o -c -o crypto/engine/libcrypto-lib-tb_rsa.o crypto/engine/tb_rsa.c
gcc  -I. -Iinclude -Iproviders/common/include -Iproviders/implementations/include  -DBSAES_ASM -DECP_NISTZ256_ASM -DECP_SM2P256_ASM -DKECCAK1600_ASM -DMD5_ASM -DOPENSSL_BN_ASM_MONT -DOPENSSL_CPUID_OBJ -DOPENSSL_SM3_ASM -DPOLY1305_ASM -DSHA1_ASM -DSHA256_ASM -DSHA512_ASM -DSM4_ASM -DVPAES_ASM -DVPSM4_ASM -fPIC -pthread -Wa,--noexecstack -Wall -O3 -DOPENSSL_USE_NODELETE -DOPENSSL_PIC -DOPENSSLDIR="\"/opt/ossl-static/ssl\"" -DENGINESDIR="\"/opt/ossl-static/lib/engines-3\"" -DMODULESDIR="\"/opt/ossl-static/lib/ossl-modules\"" -DOPENSSL_BUILDING_OPENSSL -DNDEBUG  -MMD -MF crypto/err/libcrypto-lib-err.d.tmp -MT crypto/err/libcrypto-lib-err.o -c -o crypto/err/libcrypto-lib-err.o crypto/err/err.c
gcc  -I. -Iinclude -Iproviders/common/include -Iproviders/implementations/include  -DBSAES_ASM -DECP_NISTZ256_ASM -DECP_SM2P256_ASM -DKECCAK1600_ASM -DMD5_ASM -DOPENSSL_BN_ASM_MONT -DOPENSSL_CPUID_OBJ -DOPENSSL_SM3_ASM -DPOLY1305_ASM -DSHA1_ASM -DSHA256_ASM -DSHA512_ASM -DSM4_ASM -DVPAES_ASM -DVPSM4_ASM -fPIC -pthread -Wa,--noexecstack -Wall -O3 -DOPENSSL_USE_NODELETE -DOPENSSL_PIC -DOPENSSLDIR="\"/opt/ossl-static/ssl\"" -DENGINESDIR="\"/opt/ossl-static/lib/engines-3\"" -DMODULESDIR="\"/opt/ossl-static/lib/ossl-modules\"" -DOPENSSL_BUILDING_OPENSSL -DNDEBUG  -MMD -MF crypto/err/libcrypto-lib-err_all.d.tmp -MT crypto/err/libcrypto-lib-err_all.o -c -o crypto/err/libcrypto-lib-err_all.o crypto/err/err_all.c
gcc  -I. -Iinclude -Iproviders/common/include -Iproviders/implementations/include  -DBSAES_ASM -DECP_NISTZ256_ASM -DECP_SM2P256_ASM -DKECCAK1600_ASM -DMD5_ASM -DOPENSSL_BN_ASM_MONT -DOPENSSL_CPUID_OBJ -DOPENSSL_SM3_ASM -DPOLY1305_ASM -DSHA1_ASM -DSHA256_ASM -DSHA512_ASM -DSM4_ASM -DVPAES_ASM -DVPSM4_ASM -fPIC -pthread -Wa,--noexecstack -Wall -O3 -DOPENSSL_USE_NODELETE -DOPENSSL_PIC -DOPENSSLDIR="\"/opt/ossl-static/ssl\"" -DENGINESDIR="\"/opt/ossl-static/lib/engines-3\"" -DMODULESDIR="\"/opt/ossl-static/lib/ossl-modules\"" -DOPENSSL_BUILDING_OPENSSL -DNDEBUG  -MMD -MF crypto/err/libcrypto-lib-err_all_legacy.d.tmp -MT crypto/err/libcrypto-lib-err_all_legacy.o -c -o crypto/err/libcrypto-lib-err_all_legacy.o crypto/err/err_all_legacy.c
gcc  -I. -Iinclude -Iproviders/common/include -Iproviders/implementations/include  -DBSAES_ASM -DECP_NISTZ256_ASM -DECP_SM2P256_ASM -DKECCAK1600_ASM -DMD5_ASM -DOPENSSL_BN_ASM_MONT -DOPENSSL_CPUID_OBJ -DOPENSSL_SM3_ASM -DPOLY1305_ASM -DSHA1_ASM -DSHA256_ASM -DSHA512_ASM -DSM4_ASM -DVPAES_ASM -DVPSM4_ASM -fPIC -pthread -Wa,--noexecstack -Wall -O3 -DOPENSSL_USE_NODELETE -DOPENSSL_PIC -DOPENSSLDIR="\"/opt/ossl-static/ssl\"" -DENGINESDIR="\"/opt/ossl-static/lib/engines-3\"" -DMODULESDIR="\"/opt/ossl-static/lib/ossl-modules\"" -DOPENSSL_BUILDING_OPENSSL -DNDEBUG  -MMD -MF crypto/err/libcrypto-lib-err_blocks.d.tmp -MT crypto/err/libcrypto-lib-err_blocks.o -c -o crypto/err/libcrypto-lib-err_blocks.o crypto/err/err_blocks.c
gcc  -I. -Iinclude -Iproviders/common/include -Iproviders/implementations/include  -DBSAES_ASM -DECP_NISTZ256_ASM -DECP_SM2P256_ASM -DKECCAK1600_ASM -DMD5_ASM -DOPENSSL_BN_ASM_MONT -DOPENSSL_CPUID_OBJ -DOPENSSL_SM3_ASM -DPOLY1305_ASM -DSHA1_ASM -DSHA256_ASM -DSHA512_ASM -DSM4_ASM -DVPAES_ASM -DVPSM4_ASM -fPIC -pthread -Wa,--noexecstack -Wall -O3 -DOPENSSL_USE_NODELETE -DOPENSSL_PIC -DOPENSSLDIR="\"/opt/ossl-static/ssl\"" -DENGINESDIR="\"/opt/ossl-static/lib/engines-3\"" -DMODULESDIR="\"/opt/ossl-static/lib/ossl-modules\"" -DOPENSSL_BUILDING_OPENSSL -DNDEBUG  -MMD -MF crypto/err/libcrypto-lib-err_mark.d.tmp -MT crypto/err/libcrypto-lib-err_mark.o -c -o crypto/err/libcrypto-lib-err_mark.o crypto/err/err_mark.c
gcc  -I. -Iinclude -Iproviders/common/include -Iproviders/implementations/include  -DBSAES_ASM -DECP_NISTZ256_ASM -DECP_SM2P256_ASM -DKECCAK1600_ASM -DMD5_ASM -DOPENSSL_BN_ASM_MONT -DOPENSSL_CPUID_OBJ -DOPENSSL_SM3_ASM -DPOLY1305_ASM -DSHA1_ASM -DSHA256_ASM -DSHA512_ASM -DSM4_ASM -DVPAES_ASM -DVPSM4_ASM -fPIC -pthread -Wa,--noexecstack -Wall -O3 -DOPENSSL_USE_NODELETE -DOPENSSL_PIC -DOPENSSLDIR="\"/opt/ossl-static/ssl\"" -DENGINESDIR="\"/opt/ossl-static/lib/engines-3\"" -DMODULESDIR="\"/opt/ossl-static/lib/ossl-modules\"" -DOPENSSL_BUILDING_OPENSSL -DNDEBUG  -MMD -MF crypto/err/libcrypto-lib-err_prn.d.tmp -MT crypto/err/libcrypto-lib-err_prn.o -c -o crypto/err/libcrypto-lib-err_prn.o crypto/err/err_prn.c
gcc  -I. -Iinclude -Iproviders/common/include -Iproviders/implementations/include  -DBSAES_ASM -DECP_NISTZ256_ASM -DECP_SM2P256_ASM -DKECCAK1600_ASM -DMD5_ASM -DOPENSSL_BN_ASM_MONT -DOPENSSL_CPUID_OBJ -DOPENSSL_SM3_ASM -DPOLY1305_ASM -DSHA1_ASM -DSHA256_ASM -DSHA512_ASM -DSM4_ASM -DVPAES_ASM -DVPSM4_ASM -fPIC -pthread -Wa,--noexecstack -Wall -O3 -DOPENSSL_USE_NODELETE -DOPENSSL_PIC -DOPENSSLDIR="\"/opt/ossl-static/ssl\"" -DENGINESDIR="\"/opt/ossl-static/lib/engines-3\"" -DMODULESDIR="\"/opt/ossl-static/lib/ossl-modules\"" -DOPENSSL_BUILDING_OPENSSL -DNDEBUG  -MMD -MF crypto/err/libcrypto-lib-err_save.d.tmp -MT crypto/err/libcrypto-lib-err_save.o -c -o crypto/err/libcrypto-lib-err_save.o crypto/err/err_save.c
gcc  -I. -Iinclude -Iproviders/common/include -Iproviders/implementations/include  -DBSAES_ASM -DECP_NISTZ256_ASM -DECP_SM2P256_ASM -DKECCAK1600_ASM -DMD5_ASM -DOPENSSL_BN_ASM_MONT -DOPENSSL_CPUID_OBJ -DOPENSSL_SM3_ASM -DPOLY1305_ASM -DSHA1_ASM -DSHA256_ASM -DSHA512_ASM -DSM4_ASM -DVPAES_ASM -DVPSM4_ASM -fPIC -pthread -Wa,--noexecstack -Wall -O3 -DOPENSSL_USE_NODELETE -DOPENSSL_PIC -DOPENSSLDIR="\"/opt/ossl-static/ssl\"" -DENGINESDIR="\"/opt/ossl-static/lib/engines-3\"" -DMODULESDIR="\"/opt/ossl-static/lib/ossl-modules\"" -DOPENSSL_BUILDING_OPENSSL -DNDEBUG  -MMD -MF crypto/ess/libcrypto-lib-ess_asn1.d.tmp -MT crypto/ess/libcrypto-lib-ess_asn1.o -c -o crypto/ess/libcrypto-lib-ess_asn1.o crypto/ess/ess_asn1.c
gcc  -I. -Iinclude -Iproviders/common/include -Iproviders/implementations/include  -DBSAES_ASM -DECP_NISTZ256_ASM -DECP_SM2P256_ASM -DKECCAK1600_ASM -DMD5_ASM -DOPENSSL_BN_ASM_MONT -DOPENSSL_CPUID_OBJ -DOPENSSL_SM3_ASM -DPOLY1305_ASM -DSHA1_ASM -DSHA256_ASM -DSHA512_ASM -DSM4_ASM -DVPAES_ASM -DVPSM4_ASM -fPIC -pthread -Wa,--noexecstack -Wall -O3 -DOPENSSL_USE_NODELETE -DOPENSSL_PIC -DOPENSSLDIR="\"/opt/ossl-static/ssl\"" -DENGINESDIR="\"/opt/ossl-static/lib/engines-3\"" -DMODULESDIR="\"/opt/ossl-static/lib/ossl-modules\"" -DOPENSSL_BUILDING_OPENSSL -DNDEBUG  -MMD -MF crypto/ess/libcrypto-lib-ess_err.d.tmp -MT crypto/ess/libcrypto-lib-ess_err.o -c -o crypto/ess/libcrypto-lib-ess_err.o crypto/ess/ess_err.c
gcc  -I. -Iinclude -Iproviders/common/include -Iproviders/implementations/include  -DBSAES_ASM -DECP_NISTZ256_ASM -DECP_SM2P256_ASM -DKECCAK1600_ASM -DMD5_ASM -DOPENSSL_BN_ASM_MONT -DOPENSSL_CPUID_OBJ -DOPENSSL_SM3_ASM -DPOLY1305_ASM -DSHA1_ASM -DSHA256_ASM -DSHA512_ASM -DSM4_ASM -DVPAES_ASM -DVPSM4_ASM -fPIC -pthread -Wa,--noexecstack -Wall -O3 -DOPENSSL_USE_NODELETE -DOPENSSL_PIC -DOPENSSLDIR="\"/opt/ossl-static/ssl\"" -DENGINESDIR="\"/opt/ossl-static/lib/engines-3\"" -DMODULESDIR="\"/opt/ossl-static/lib/ossl-modules\"" -DOPENSSL_BUILDING_OPENSSL -DNDEBUG  -MMD -MF crypto/ess/libcrypto-lib-ess_lib.d.tmp -MT crypto/ess/libcrypto-lib-ess_lib.o -c -o crypto/ess/libcrypto-lib-ess_lib.o crypto/ess/ess_lib.c
gcc  -I. -Iinclude -Iproviders/common/include -Iproviders/implementations/include  -DBSAES_ASM -DECP_NISTZ256_ASM -DECP_SM2P256_ASM -DKECCAK1600_ASM -DMD5_ASM -DOPENSSL_BN_ASM_MONT -DOPENSSL_CPUID_OBJ -DOPENSSL_SM3_ASM -DPOLY1305_ASM -DSHA1_ASM -DSHA256_ASM -DSHA512_ASM -DSM4_ASM -DVPAES_ASM -DVPSM4_ASM -fPIC -pthread -Wa,--noexecstack -Wall -O3 -DOPENSSL_USE_NODELETE -DOPENSSL_PIC -DOPENSSLDIR="\"/opt/ossl-static/ssl\"" -DENGINESDIR="\"/opt/ossl-static/lib/engines-3\"" -DMODULESDIR="\"/opt/ossl-static/lib/ossl-modules\"" -DOPENSSL_BUILDING_OPENSSL -DNDEBUG  -MMD -MF crypto/evp/libcrypto-lib-asymcipher.d.tmp -MT crypto/evp/libcrypto-lib-asymcipher.o -c -o crypto/evp/libcrypto-lib-asymcipher.o crypto/evp/asymcipher.c
gcc  -I. -Iinclude -Iproviders/common/include -Iproviders/implementations/include  -DBSAES_ASM -DECP_NISTZ256_ASM -DECP_SM2P256_ASM -DKECCAK1600_ASM -DMD5_ASM -DOPENSSL_BN_ASM_MONT -DOPENSSL_CPUID_OBJ -DOPENSSL_SM3_ASM -DPOLY1305_ASM -DSHA1_ASM -DSHA256_ASM -DSHA512_ASM -DSM4_ASM -DVPAES_ASM -DVPSM4_ASM -fPIC -pthread -Wa,--noexecstack -Wall -O3 -DOPENSSL_USE_NODELETE -DOPENSSL_PIC -DOPENSSLDIR="\"/opt/ossl-static/ssl\"" -DENGINESDIR="\"/opt/ossl-static/lib/engines-3\"" -DMODULESDIR="\"/opt/ossl-static/lib/ossl-modules\"" -DOPENSSL_BUILDING_OPENSSL -DNDEBUG  -MMD -MF crypto/evp/libcrypto-lib-bio_b64.d.tmp -MT crypto/evp/libcrypto-lib-bio_b64.o -c -o crypto/evp/libcrypto-lib-bio_b64.o crypto/evp/bio_b64.c
gcc  -I. -Iinclude -Iproviders/common/include -Iproviders/implementations/include  -DBSAES_ASM -DECP_NISTZ256_ASM -DECP_SM2P256_ASM -DKECCAK1600_ASM -DMD5_ASM -DOPENSSL_BN_ASM_MONT -DOPENSSL_CPUID_OBJ -DOPENSSL_SM3_ASM -DPOLY1305_ASM -DSHA1_ASM -DSHA256_ASM -DSHA512_ASM -DSM4_ASM -DVPAES_ASM -DVPSM4_ASM -fPIC -pthread -Wa,--noexecstack -Wall -O3 -DOPENSSL_USE_NODELETE -DOPENSSL_PIC -DOPENSSLDIR="\"/opt/ossl-static/ssl\"" -DENGINESDIR="\"/opt/ossl-static/lib/engines-3\"" -DMODULESDIR="\"/opt/ossl-static/lib/ossl-modules\"" -DOPENSSL_BUILDING_OPENSSL -DNDEBUG  -MMD -MF crypto/evp/libcrypto-lib-bio_enc.d.tmp -MT crypto/evp/libcrypto-lib-bio_enc.o -c -o crypto/evp/libcrypto-lib-bio_enc.o crypto/evp/bio_enc.c
gcc  -I. -Iinclude -Iproviders/common/include -Iproviders/implementations/include  -DBSAES_ASM -DECP_NISTZ256_ASM -DECP_SM2P256_ASM -DKECCAK1600_ASM -DMD5_ASM -DOPENSSL_BN_ASM_MONT -DOPENSSL_CPUID_OBJ -DOPENSSL_SM3_ASM -DPOLY1305_ASM -DSHA1_ASM -DSHA256_ASM -DSHA512_ASM -DSM4_ASM -DVPAES_ASM -DVPSM4_ASM -fPIC -pthread -Wa,--noexecstack -Wall -O3 -DOPENSSL_USE_NODELETE -DOPENSSL_PIC -DOPENSSLDIR="\"/opt/ossl-static/ssl\"" -DENGINESDIR="\"/opt/ossl-static/lib/engines-3\"" -DMODULESDIR="\"/opt/ossl-static/lib/ossl-modules\"" -DOPENSSL_BUILDING_OPENSSL -DNDEBUG  -MMD -MF crypto/evp/libcrypto-lib-bio_md.d.tmp -MT crypto/evp/libcrypto-lib-bio_md.o -c -o crypto/evp/libcrypto-lib-bio_md.o crypto/evp/bio_md.c
gcc  -I. -Iinclude -Iproviders/common/include -Iproviders/implementations/include  -DBSAES_ASM -DECP_NISTZ256_ASM -DECP_SM2P256_ASM -DKECCAK1600_ASM -DMD5_ASM -DOPENSSL_BN_ASM_MONT -DOPENSSL_CPUID_OBJ -DOPENSSL_SM3_ASM -DPOLY1305_ASM -DSHA1_ASM -DSHA256_ASM -DSHA512_ASM -DSM4_ASM -DVPAES_ASM -DVPSM4_ASM -fPIC -pthread -Wa,--noexecstack -Wall -O3 -DOPENSSL_USE_NODELETE -DOPENSSL_PIC -DOPENSSLDIR="\"/opt/ossl-static/ssl\"" -DENGINESDIR="\"/opt/ossl-static/lib/engines-3\"" -DMODULESDIR="\"/opt/ossl-static/lib/ossl-modules\"" -DOPENSSL_BUILDING_OPENSSL -DNDEBUG  -MMD -MF crypto/evp/libcrypto-lib-bio_ok.d.tmp -MT crypto/evp/libcrypto-lib-bio_ok.o -c -o crypto/evp/libcrypto-lib-bio_ok.o crypto/evp/bio_ok.c
gcc  -I. -Iinclude -Iproviders/common/include -Iproviders/implementations/include  -DBSAES_ASM -DECP_NISTZ256_ASM -DECP_SM2P256_ASM -DKECCAK1600_ASM -DMD5_ASM -DOPENSSL_BN_ASM_MONT -DOPENSSL_CPUID_OBJ -DOPENSSL_SM3_ASM -DPOLY1305_ASM -DSHA1_ASM -DSHA256_ASM -DSHA512_ASM -DSM4_ASM -DVPAES_ASM -DVPSM4_ASM -fPIC -pthread -Wa,--noexecstack -Wall -O3 -DOPENSSL_USE_NODELETE -DOPENSSL_PIC -DOPENSSLDIR="\"/opt/ossl-static/ssl\"" -DENGINESDIR="\"/opt/ossl-static/lib/engines-3\"" -DMODULESDIR="\"/opt/ossl-static/lib/ossl-modules\"" -DOPENSSL_BUILDING_OPENSSL -DNDEBUG  -MMD -MF crypto/evp/libcrypto-lib-c_allc.d.tmp -MT crypto/evp/libcrypto-lib-c_allc.o -c -o crypto/evp/libcrypto-lib-c_allc.o crypto/evp/c_allc.c
gcc  -I. -Iinclude -Iproviders/common/include -Iproviders/implementations/include  -DBSAES_ASM -DECP_NISTZ256_ASM -DECP_SM2P256_ASM -DKECCAK1600_ASM -DMD5_ASM -DOPENSSL_BN_ASM_MONT -DOPENSSL_CPUID_OBJ -DOPENSSL_SM3_ASM -DPOLY1305_ASM -DSHA1_ASM -DSHA256_ASM -DSHA512_ASM -DSM4_ASM -DVPAES_ASM -DVPSM4_ASM -fPIC -pthread -Wa,--noexecstack -Wall -O3 -DOPENSSL_USE_NODELETE -DOPENSSL_PIC -DOPENSSLDIR="\"/opt/ossl-static/ssl\"" -DENGINESDIR="\"/opt/ossl-static/lib/engines-3\"" -DMODULESDIR="\"/opt/ossl-static/lib/ossl-modules\"" -DOPENSSL_BUILDING_OPENSSL -DNDEBUG  -MMD -MF crypto/evp/libcrypto-lib-c_alld.d.tmp -MT crypto/evp/libcrypto-lib-c_alld.o -c -o crypto/evp/libcrypto-lib-c_alld.o crypto/evp/c_alld.c
gcc  -I. -Iinclude -Iproviders/common/include -Iproviders/implementations/include  -DBSAES_ASM -DECP_NISTZ256_ASM -DECP_SM2P256_ASM -DKECCAK1600_ASM -DMD5_ASM -DOPENSSL_BN_ASM_MONT -DOPENSSL_CPUID_OBJ -DOPENSSL_SM3_ASM -DPOLY1305_ASM -DSHA1_ASM -DSHA256_ASM -DSHA512_ASM -DSM4_ASM -DVPAES_ASM -DVPSM4_ASM -fPIC -pthread -Wa,--noexecstack -Wall -O3 -DOPENSSL_USE_NODELETE -DOPENSSL_PIC -DOPENSSLDIR="\"/opt/ossl-static/ssl\"" -DENGINESDIR="\"/opt/ossl-static/lib/engines-3\"" -DMODULESDIR="\"/opt/ossl-static/lib/ossl-modules\"" -DOPENSSL_BUILDING_OPENSSL -DNDEBUG  -MMD -MF crypto/evp/libcrypto-lib-cmeth_lib.d.tmp -MT crypto/evp/libcrypto-lib-cmeth_lib.o -c -o crypto/evp/libcrypto-lib-cmeth_lib.o crypto/evp/cmeth_lib.c
gcc  -I. -Iinclude -Iproviders/common/include -Iproviders/implementations/include  -DBSAES_ASM -DECP_NISTZ256_ASM -DECP_SM2P256_ASM -DKECCAK1600_ASM -DMD5_ASM -DOPENSSL_BN_ASM_MONT -DOPENSSL_CPUID_OBJ -DOPENSSL_SM3_ASM -DPOLY1305_ASM -DSHA1_ASM -DSHA256_ASM -DSHA512_ASM -DSM4_ASM -DVPAES_ASM -DVPSM4_ASM -fPIC -pthread -Wa,--noexecstack -Wall -O3 -DOPENSSL_USE_NODELETE -DOPENSSL_PIC -DOPENSSLDIR="\"/opt/ossl-static/ssl\"" -DENGINESDIR="\"/opt/ossl-static/lib/engines-3\"" -DMODULESDIR="\"/opt/ossl-static/lib/ossl-modules\"" -DOPENSSL_BUILDING_OPENSSL -DNDEBUG  -MMD -MF crypto/evp/libcrypto-lib-ctrl_params_translate.d.tmp -MT crypto/evp/libcrypto-lib-ctrl_params_translate.o -c -o crypto/evp/libcrypto-lib-ctrl_params_translate.o crypto/evp/ctrl_params_translate.c
gcc  -I. -Iinclude -Iproviders/common/include -Iproviders/implementations/include  -DBSAES_ASM -DECP_NISTZ256_ASM -DECP_SM2P256_ASM -DKECCAK1600_ASM -DMD5_ASM -DOPENSSL_BN_ASM_MONT -DOPENSSL_CPUID_OBJ -DOPENSSL_SM3_ASM -DPOLY1305_ASM -DSHA1_ASM -DSHA256_ASM -DSHA512_ASM -DSM4_ASM -DVPAES_ASM -DVPSM4_ASM -fPIC -pthread -Wa,--noexecstack -Wall -O3 -DOPENSSL_USE_NODELETE -DOPENSSL_PIC -DOPENSSLDIR="\"/opt/ossl-static/ssl\"" -DENGINESDIR="\"/opt/ossl-static/lib/engines-3\"" -DMODULESDIR="\"/opt/ossl-static/lib/ossl-modules\"" -DOPENSSL_BUILDING_OPENSSL -DNDEBUG  -MMD -MF crypto/evp/libcrypto-lib-dh_ctrl.d.tmp -MT crypto/evp/libcrypto-lib-dh_ctrl.o -c -o crypto/evp/libcrypto-lib-dh_ctrl.o crypto/evp/dh_ctrl.c
gcc  -I. -Iinclude -Iproviders/common/include -Iproviders/implementations/include  -DBSAES_ASM -DECP_NISTZ256_ASM -DECP_SM2P256_ASM -DKECCAK1600_ASM -DMD5_ASM -DOPENSSL_BN_ASM_MONT -DOPENSSL_CPUID_OBJ -DOPENSSL_SM3_ASM -DPOLY1305_ASM -DSHA1_ASM -DSHA256_ASM -DSHA512_ASM -DSM4_ASM -DVPAES_ASM -DVPSM4_ASM -fPIC -pthread -Wa,--noexecstack -Wall -O3 -DOPENSSL_USE_NODELETE -DOPENSSL_PIC -DOPENSSLDIR="\"/opt/ossl-static/ssl\"" -DENGINESDIR="\"/opt/ossl-static/lib/engines-3\"" -DMODULESDIR="\"/opt/ossl-static/lib/ossl-modules\"" -DOPENSSL_BUILDING_OPENSSL -DNDEBUG  -MMD -MF crypto/evp/libcrypto-lib-dh_support.d.tmp -MT crypto/evp/libcrypto-lib-dh_support.o -c -o crypto/evp/libcrypto-lib-dh_support.o crypto/evp/dh_support.c
gcc  -I. -Iinclude -Iproviders/common/include -Iproviders/implementations/include  -DBSAES_ASM -DECP_NISTZ256_ASM -DECP_SM2P256_ASM -DKECCAK1600_ASM -DMD5_ASM -DOPENSSL_BN_ASM_MONT -DOPENSSL_CPUID_OBJ -DOPENSSL_SM3_ASM -DPOLY1305_ASM -DSHA1_ASM -DSHA256_ASM -DSHA512_ASM -DSM4_ASM -DVPAES_ASM -DVPSM4_ASM -fPIC -pthread -Wa,--noexecstack -Wall -O3 -DOPENSSL_USE_NODELETE -DOPENSSL_PIC -DOPENSSLDIR="\"/opt/ossl-static/ssl\"" -DENGINESDIR="\"/opt/ossl-static/lib/engines-3\"" -DMODULESDIR="\"/opt/ossl-static/lib/ossl-modules\"" -DOPENSSL_BUILDING_OPENSSL -DNDEBUG  -MMD -MF crypto/evp/libcrypto-lib-digest.d.tmp -MT crypto/evp/libcrypto-lib-digest.o -c -o crypto/evp/libcrypto-lib-digest.o crypto/evp/digest.c
gcc  -I. -Iinclude -Iproviders/common/include -Iproviders/implementations/include  -DBSAES_ASM -DECP_NISTZ256_ASM -DECP_SM2P256_ASM -DKECCAK1600_ASM -DMD5_ASM -DOPENSSL_BN_ASM_MONT -DOPENSSL_CPUID_OBJ -DOPENSSL_SM3_ASM -DPOLY1305_ASM -DSHA1_ASM -DSHA256_ASM -DSHA512_ASM -DSM4_ASM -DVPAES_ASM -DVPSM4_ASM -fPIC -pthread -Wa,--noexecstack -Wall -O3 -DOPENSSL_USE_NODELETE -DOPENSSL_PIC -DOPENSSLDIR="\"/opt/ossl-static/ssl\"" -DENGINESDIR="\"/opt/ossl-static/lib/engines-3\"" -DMODULESDIR="\"/opt/ossl-static/lib/ossl-modules\"" -DOPENSSL_BUILDING_OPENSSL -DNDEBUG  -MMD -MF crypto/evp/libcrypto-lib-dsa_ctrl.d.tmp -MT crypto/evp/libcrypto-lib-dsa_ctrl.o -c -o crypto/evp/libcrypto-lib-dsa_ctrl.o crypto/evp/dsa_ctrl.c
gcc  -Icrypto -Icrypto/modes -I. -Iinclude -Iproviders/common/include -Iproviders/implementations/include  -DBSAES_ASM -DECP_NISTZ256_ASM -DECP_SM2P256_ASM -DKECCAK1600_ASM -DMD5_ASM -DOPENSSL_BN_ASM_MONT -DOPENSSL_CPUID_OBJ -DOPENSSL_SM3_ASM -DPOLY1305_ASM -DSHA1_ASM -DSHA256_ASM -DSHA512_ASM -DSM4_ASM -DVPAES_ASM -DVPSM4_ASM -fPIC -pthread -Wa,--noexecstack -Wall -O3 -DOPENSSL_USE_NODELETE -DOPENSSL_PIC -DOPENSSLDIR="\"/opt/ossl-static/ssl\"" -DENGINESDIR="\"/opt/ossl-static/lib/engines-3\"" -DMODULESDIR="\"/opt/ossl-static/lib/ossl-modules\"" -DOPENSSL_BUILDING_OPENSSL -DNDEBUG  -MMD -MF crypto/evp/libcrypto-lib-e_aes.d.tmp -MT crypto/evp/libcrypto-lib-e_aes.o -c -o crypto/evp/libcrypto-lib-e_aes.o crypto/evp/e_aes.c
gcc  -Icrypto/modes -I. -Iinclude -Iproviders/common/include -Iproviders/implementations/include  -DBSAES_ASM -DECP_NISTZ256_ASM -DECP_SM2P256_ASM -DKECCAK1600_ASM -DMD5_ASM -DOPENSSL_BN_ASM_MONT -DOPENSSL_CPUID_OBJ -DOPENSSL_SM3_ASM -DPOLY1305_ASM -DSHA1_ASM -DSHA256_ASM -DSHA512_ASM -DSM4_ASM -DVPAES_ASM -DVPSM4_ASM -fPIC -pthread -Wa,--noexecstack -Wall -O3 -DOPENSSL_USE_NODELETE -DOPENSSL_PIC -DOPENSSLDIR="\"/opt/ossl-static/ssl\"" -DENGINESDIR="\"/opt/ossl-static/lib/engines-3\"" -DMODULESDIR="\"/opt/ossl-static/lib/ossl-modules\"" -DOPENSSL_BUILDING_OPENSSL -DNDEBUG  -MMD -MF crypto/evp/libcrypto-lib-e_aes_cbc_hmac_sha1.d.tmp -MT crypto/evp/libcrypto-lib-e_aes_cbc_hmac_sha1.o -c -o crypto/evp/libcrypto-lib-e_aes_cbc_hmac_sha1.o crypto/evp/e_aes_cbc_hmac_sha1.c
gcc  -Icrypto/modes -I. -Iinclude -Iproviders/common/include -Iproviders/implementations/include  -DBSAES_ASM -DECP_NISTZ256_ASM -DECP_SM2P256_ASM -DKECCAK1600_ASM -DMD5_ASM -DOPENSSL_BN_ASM_MONT -DOPENSSL_CPUID_OBJ -DOPENSSL_SM3_ASM -DPOLY1305_ASM -DSHA1_ASM -DSHA256_ASM -DSHA512_ASM -DSM4_ASM -DVPAES_ASM -DVPSM4_ASM -fPIC -pthread -Wa,--noexecstack -Wall -O3 -DOPENSSL_USE_NODELETE -DOPENSSL_PIC -DOPENSSLDIR="\"/opt/ossl-static/ssl\"" -DENGINESDIR="\"/opt/ossl-static/lib/engines-3\"" -DMODULESDIR="\"/opt/ossl-static/lib/ossl-modules\"" -DOPENSSL_BUILDING_OPENSSL -DNDEBUG  -MMD -MF crypto/evp/libcrypto-lib-e_aes_cbc_hmac_sha256.d.tmp -MT crypto/evp/libcrypto-lib-e_aes_cbc_hmac_sha256.o -c -o crypto/evp/libcrypto-lib-e_aes_cbc_hmac_sha256.o crypto/evp/e_aes_cbc_hmac_sha256.c
gcc  -Icrypto -Icrypto/modes -I. -Iinclude -Iproviders/common/include -Iproviders/implementations/include  -DBSAES_ASM -DECP_NISTZ256_ASM -DECP_SM2P256_ASM -DKECCAK1600_ASM -DMD5_ASM -DOPENSSL_BN_ASM_MONT -DOPENSSL_CPUID_OBJ -DOPENSSL_SM3_ASM -DPOLY1305_ASM -DSHA1_ASM -DSHA256_ASM -DSHA512_ASM -DSM4_ASM -DVPAES_ASM -DVPSM4_ASM -fPIC -pthread -Wa,--noexecstack -Wall -O3 -DOPENSSL_USE_NODELETE -DOPENSSL_PIC -DOPENSSLDIR="\"/opt/ossl-static/ssl\"" -DENGINESDIR="\"/opt/ossl-static/lib/engines-3\"" -DMODULESDIR="\"/opt/ossl-static/lib/ossl-modules\"" -DOPENSSL_BUILDING_OPENSSL -DNDEBUG  -MMD -MF crypto/evp/libcrypto-lib-e_aria.d.tmp -MT crypto/evp/libcrypto-lib-e_aria.o -c -o crypto/evp/libcrypto-lib-e_aria.o crypto/evp/e_aria.c
gcc  -I. -Iinclude -Iproviders/common/include -Iproviders/implementations/include  -DBSAES_ASM -DECP_NISTZ256_ASM -DECP_SM2P256_ASM -DKECCAK1600_ASM -DMD5_ASM -DOPENSSL_BN_ASM_MONT -DOPENSSL_CPUID_OBJ -DOPENSSL_SM3_ASM -DPOLY1305_ASM -DSHA1_ASM -DSHA256_ASM -DSHA512_ASM -DSM4_ASM -DVPAES_ASM -DVPSM4_ASM -fPIC -pthread -Wa,--noexecstack -Wall -O3 -DOPENSSL_USE_NODELETE -DOPENSSL_PIC -DOPENSSLDIR="\"/opt/ossl-static/ssl\"" -DENGINESDIR="\"/opt/ossl-static/lib/engines-3\"" -DMODULESDIR="\"/opt/ossl-static/lib/ossl-modules\"" -DOPENSSL_BUILDING_OPENSSL -DNDEBUG  -MMD -MF crypto/evp/libcrypto-lib-e_bf.d.tmp -MT crypto/evp/libcrypto-lib-e_bf.o -c -o crypto/evp/libcrypto-lib-e_bf.o crypto/evp/e_bf.c
gcc  -Icrypto -Icrypto/modes -I. -Iinclude -Iproviders/common/include -Iproviders/implementations/include  -DBSAES_ASM -DECP_NISTZ256_ASM -DECP_SM2P256_ASM -DKECCAK1600_ASM -DMD5_ASM -DOPENSSL_BN_ASM_MONT -DOPENSSL_CPUID_OBJ -DOPENSSL_SM3_ASM -DPOLY1305_ASM -DSHA1_ASM -DSHA256_ASM -DSHA512_ASM -DSM4_ASM -DVPAES_ASM -DVPSM4_ASM -fPIC -pthread -Wa,--noexecstack -Wall -O3 -DOPENSSL_USE_NODELETE -DOPENSSL_PIC -DOPENSSLDIR="\"/opt/ossl-static/ssl\"" -DENGINESDIR="\"/opt/ossl-static/lib/engines-3\"" -DMODULESDIR="\"/opt/ossl-static/lib/ossl-modules\"" -DOPENSSL_BUILDING_OPENSSL -DNDEBUG  -MMD -MF crypto/evp/libcrypto-lib-e_camellia.d.tmp -MT crypto/evp/libcrypto-lib-e_camellia.o -c -o crypto/evp/libcrypto-lib-e_camellia.o crypto/evp/e_camellia.c
gcc  -I. -Iinclude -Iproviders/common/include -Iproviders/implementations/include  -DBSAES_ASM -DECP_NISTZ256_ASM -DECP_SM2P256_ASM -DKECCAK1600_ASM -DMD5_ASM -DOPENSSL_BN_ASM_MONT -DOPENSSL_CPUID_OBJ -DOPENSSL_SM3_ASM -DPOLY1305_ASM -DSHA1_ASM -DSHA256_ASM -DSHA512_ASM -DSM4_ASM -DVPAES_ASM -DVPSM4_ASM -fPIC -pthread -Wa,--noexecstack -Wall -O3 -DOPENSSL_USE_NODELETE -DOPENSSL_PIC -DOPENSSLDIR="\"/opt/ossl-static/ssl\"" -DENGINESDIR="\"/opt/ossl-static/lib/engines-3\"" -DMODULESDIR="\"/opt/ossl-static/lib/ossl-modules\"" -DOPENSSL_BUILDING_OPENSSL -DNDEBUG  -MMD -MF crypto/evp/libcrypto-lib-e_cast.d.tmp -MT crypto/evp/libcrypto-lib-e_cast.o -c -o crypto/evp/libcrypto-lib-e_cast.o crypto/evp/e_cast.c
gcc  -I. -Iinclude -Iproviders/common/include -Iproviders/implementations/include  -DBSAES_ASM -DECP_NISTZ256_ASM -DECP_SM2P256_ASM -DKECCAK1600_ASM -DMD5_ASM -DOPENSSL_BN_ASM_MONT -DOPENSSL_CPUID_OBJ -DOPENSSL_SM3_ASM -DPOLY1305_ASM -DSHA1_ASM -DSHA256_ASM -DSHA512_ASM -DSM4_ASM -DVPAES_ASM -DVPSM4_ASM -fPIC -pthread -Wa,--noexecstack -Wall -O3 -DOPENSSL_USE_NODELETE -DOPENSSL_PIC -DOPENSSLDIR="\"/opt/ossl-static/ssl\"" -DENGINESDIR="\"/opt/ossl-static/lib/engines-3\"" -DMODULESDIR="\"/opt/ossl-static/lib/ossl-modules\"" -DOPENSSL_BUILDING_OPENSSL -DNDEBUG  -MMD -MF crypto/evp/libcrypto-lib-e_chacha20_poly1305.d.tmp -MT crypto/evp/libcrypto-lib-e_chacha20_poly1305.o -c -o crypto/evp/libcrypto-lib-e_chacha20_poly1305.o crypto/evp/e_chacha20_poly1305.c
gcc  -Icrypto -I. -Iinclude -Iproviders/common/include -Iproviders/implementations/include  -DBSAES_ASM -DECP_NISTZ256_ASM -DECP_SM2P256_ASM -DKECCAK1600_ASM -DMD5_ASM -DOPENSSL_BN_ASM_MONT -DOPENSSL_CPUID_OBJ -DOPENSSL_SM3_ASM -DPOLY1305_ASM -DSHA1_ASM -DSHA256_ASM -DSHA512_ASM -DSM4_ASM -DVPAES_ASM -DVPSM4_ASM -fPIC -pthread -Wa,--noexecstack -Wall -O3 -DOPENSSL_USE_NODELETE -DOPENSSL_PIC -DOPENSSLDIR="\"/opt/ossl-static/ssl\"" -DENGINESDIR="\"/opt/ossl-static/lib/engines-3\"" -DMODULESDIR="\"/opt/ossl-static/lib/ossl-modules\"" -DOPENSSL_BUILDING_OPENSSL -DNDEBUG  -MMD -MF crypto/evp/libcrypto-lib-e_des.d.tmp -MT crypto/evp/libcrypto-lib-e_des.o -c -o crypto/evp/libcrypto-lib-e_des.o crypto/evp/e_des.c
gcc  -Icrypto -I. -Iinclude -Iproviders/common/include -Iproviders/implementations/include  -DBSAES_ASM -DECP_NISTZ256_ASM -DECP_SM2P256_ASM -DKECCAK1600_ASM -DMD5_ASM -DOPENSSL_BN_ASM_MONT -DOPENSSL_CPUID_OBJ -DOPENSSL_SM3_ASM -DPOLY1305_ASM -DSHA1_ASM -DSHA256_ASM -DSHA512_ASM -DSM4_ASM -DVPAES_ASM -DVPSM4_ASM -fPIC -pthread -Wa,--noexecstack -Wall -O3 -DOPENSSL_USE_NODELETE -DOPENSSL_PIC -DOPENSSLDIR="\"/opt/ossl-static/ssl\"" -DENGINESDIR="\"/opt/ossl-static/lib/engines-3\"" -DMODULESDIR="\"/opt/ossl-static/lib/ossl-modules\"" -DOPENSSL_BUILDING_OPENSSL -DNDEBUG  -MMD -MF crypto/evp/libcrypto-lib-e_des3.d.tmp -MT crypto/evp/libcrypto-lib-e_des3.o -c -o crypto/evp/libcrypto-lib-e_des3.o crypto/evp/e_des3.c
gcc  -I. -Iinclude -Iproviders/common/include -Iproviders/implementations/include  -DBSAES_ASM -DECP_NISTZ256_ASM -DECP_SM2P256_ASM -DKECCAK1600_ASM -DMD5_ASM -DOPENSSL_BN_ASM_MONT -DOPENSSL_CPUID_OBJ -DOPENSSL_SM3_ASM -DPOLY1305_ASM -DSHA1_ASM -DSHA256_ASM -DSHA512_ASM -DSM4_ASM -DVPAES_ASM -DVPSM4_ASM -fPIC -pthread -Wa,--noexecstack -Wall -O3 -DOPENSSL_USE_NODELETE -DOPENSSL_PIC -DOPENSSLDIR="\"/opt/ossl-static/ssl\"" -DENGINESDIR="\"/opt/ossl-static/lib/engines-3\"" -DMODULESDIR="\"/opt/ossl-static/lib/ossl-modules\"" -DOPENSSL_BUILDING_OPENSSL -DNDEBUG  -MMD -MF crypto/evp/libcrypto-lib-e_idea.d.tmp -MT crypto/evp/libcrypto-lib-e_idea.o -c -o crypto/evp/libcrypto-lib-e_idea.o crypto/evp/e_idea.c
gcc  -I. -Iinclude -Iproviders/common/include -Iproviders/implementations/include  -DBSAES_ASM -DECP_NISTZ256_ASM -DECP_SM2P256_ASM -DKECCAK1600_ASM -DMD5_ASM -DOPENSSL_BN_ASM_MONT -DOPENSSL_CPUID_OBJ -DOPENSSL_SM3_ASM -DPOLY1305_ASM -DSHA1_ASM -DSHA256_ASM -DSHA512_ASM -DSM4_ASM -DVPAES_ASM -DVPSM4_ASM -fPIC -pthread -Wa,--noexecstack -Wall -O3 -DOPENSSL_USE_NODELETE -DOPENSSL_PIC -DOPENSSLDIR="\"/opt/ossl-static/ssl\"" -DENGINESDIR="\"/opt/ossl-static/lib/engines-3\"" -DMODULESDIR="\"/opt/ossl-static/lib/ossl-modules\"" -DOPENSSL_BUILDING_OPENSSL -DNDEBUG  -MMD -MF crypto/evp/libcrypto-lib-e_null.d.tmp -MT crypto/evp/libcrypto-lib-e_null.o -c -o crypto/evp/libcrypto-lib-e_null.o crypto/evp/e_null.c
gcc  -I. -Iinclude -Iproviders/common/include -Iproviders/implementations/include  -DBSAES_ASM -DECP_NISTZ256_ASM -DECP_SM2P256_ASM -DKECCAK1600_ASM -DMD5_ASM -DOPENSSL_BN_ASM_MONT -DOPENSSL_CPUID_OBJ -DOPENSSL_SM3_ASM -DPOLY1305_ASM -DSHA1_ASM -DSHA256_ASM -DSHA512_ASM -DSM4_ASM -DVPAES_ASM -DVPSM4_ASM -fPIC -pthread -Wa,--noexecstack -Wall -O3 -DOPENSSL_USE_NODELETE -DOPENSSL_PIC -DOPENSSLDIR="\"/opt/ossl-static/ssl\"" -DENGINESDIR="\"/opt/ossl-static/lib/engines-3\"" -DMODULESDIR="\"/opt/ossl-static/lib/ossl-modules\"" -DOPENSSL_BUILDING_OPENSSL -DNDEBUG  -MMD -MF crypto/evp/libcrypto-lib-e_old.d.tmp -MT crypto/evp/libcrypto-lib-e_old.o -c -o crypto/evp/libcrypto-lib-e_old.o crypto/evp/e_old.c
gcc  -I. -Iinclude -Iproviders/common/include -Iproviders/implementations/include  -DBSAES_ASM -DECP_NISTZ256_ASM -DECP_SM2P256_ASM -DKECCAK1600_ASM -DMD5_ASM -DOPENSSL_BN_ASM_MONT -DOPENSSL_CPUID_OBJ -DOPENSSL_SM3_ASM -DPOLY1305_ASM -DSHA1_ASM -DSHA256_ASM -DSHA512_ASM -DSM4_ASM -DVPAES_ASM -DVPSM4_ASM -fPIC -pthread -Wa,--noexecstack -Wall -O3 -DOPENSSL_USE_NODELETE -DOPENSSL_PIC -DOPENSSLDIR="\"/opt/ossl-static/ssl\"" -DENGINESDIR="\"/opt/ossl-static/lib/engines-3\"" -DMODULESDIR="\"/opt/ossl-static/lib/ossl-modules\"" -DOPENSSL_BUILDING_OPENSSL -DNDEBUG  -MMD -MF crypto/evp/libcrypto-lib-e_rc2.d.tmp -MT crypto/evp/libcrypto-lib-e_rc2.o -c -o crypto/evp/libcrypto-lib-e_rc2.o crypto/evp/e_rc2.c
gcc  -I. -Iinclude -Iproviders/common/include -Iproviders/implementations/include  -DBSAES_ASM -DECP_NISTZ256_ASM -DECP_SM2P256_ASM -DKECCAK1600_ASM -DMD5_ASM -DOPENSSL_BN_ASM_MONT -DOPENSSL_CPUID_OBJ -DOPENSSL_SM3_ASM -DPOLY1305_ASM -DSHA1_ASM -DSHA256_ASM -DSHA512_ASM -DSM4_ASM -DVPAES_ASM -DVPSM4_ASM -fPIC -pthread -Wa,--noexecstack -Wall -O3 -DOPENSSL_USE_NODELETE -DOPENSSL_PIC -DOPENSSLDIR="\"/opt/ossl-static/ssl\"" -DENGINESDIR="\"/opt/ossl-static/lib/engines-3\"" -DMODULESDIR="\"/opt/ossl-static/lib/ossl-modules\"" -DOPENSSL_BUILDING_OPENSSL -DNDEBUG  -MMD -MF crypto/evp/libcrypto-lib-e_rc4.d.tmp -MT crypto/evp/libcrypto-lib-e_rc4.o -c -o crypto/evp/libcrypto-lib-e_rc4.o crypto/evp/e_rc4.c
gcc  -I. -Iinclude -Iproviders/common/include -Iproviders/implementations/include  -DBSAES_ASM -DECP_NISTZ256_ASM -DECP_SM2P256_ASM -DKECCAK1600_ASM -DMD5_ASM -DOPENSSL_BN_ASM_MONT -DOPENSSL_CPUID_OBJ -DOPENSSL_SM3_ASM -DPOLY1305_ASM -DSHA1_ASM -DSHA256_ASM -DSHA512_ASM -DSM4_ASM -DVPAES_ASM -DVPSM4_ASM -fPIC -pthread -Wa,--noexecstack -Wall -O3 -DOPENSSL_USE_NODELETE -DOPENSSL_PIC -DOPENSSLDIR="\"/opt/ossl-static/ssl\"" -DENGINESDIR="\"/opt/ossl-static/lib/engines-3\"" -DMODULESDIR="\"/opt/ossl-static/lib/ossl-modules\"" -DOPENSSL_BUILDING_OPENSSL -DNDEBUG  -MMD -MF crypto/evp/libcrypto-lib-e_rc4_hmac_md5.d.tmp -MT crypto/evp/libcrypto-lib-e_rc4_hmac_md5.o -c -o crypto/evp/libcrypto-lib-e_rc4_hmac_md5.o crypto/evp/e_rc4_hmac_md5.c
gcc  -I. -Iinclude -Iproviders/common/include -Iproviders/implementations/include  -DBSAES_ASM -DECP_NISTZ256_ASM -DECP_SM2P256_ASM -DKECCAK1600_ASM -DMD5_ASM -DOPENSSL_BN_ASM_MONT -DOPENSSL_CPUID_OBJ -DOPENSSL_SM3_ASM -DPOLY1305_ASM -DSHA1_ASM -DSHA256_ASM -DSHA512_ASM -DSM4_ASM -DVPAES_ASM -DVPSM4_ASM -fPIC -pthread -Wa,--noexecstack -Wall -O3 -DOPENSSL_USE_NODELETE -DOPENSSL_PIC -DOPENSSLDIR="\"/opt/ossl-static/ssl\"" -DENGINESDIR="\"/opt/ossl-static/lib/engines-3\"" -DMODULESDIR="\"/opt/ossl-static/lib/ossl-modules\"" -DOPENSSL_BUILDING_OPENSSL -DNDEBUG  -MMD -MF crypto/evp/libcrypto-lib-e_rc5.d.tmp -MT crypto/evp/libcrypto-lib-e_rc5.o -c -o crypto/evp/libcrypto-lib-e_rc5.o crypto/evp/e_rc5.c
gcc  -I. -Iinclude -Iproviders/common/include -Iproviders/implementations/include  -DBSAES_ASM -DECP_NISTZ256_ASM -DECP_SM2P256_ASM -DKECCAK1600_ASM -DMD5_ASM -DOPENSSL_BN_ASM_MONT -DOPENSSL_CPUID_OBJ -DOPENSSL_SM3_ASM -DPOLY1305_ASM -DSHA1_ASM -DSHA256_ASM -DSHA512_ASM -DSM4_ASM -DVPAES_ASM -DVPSM4_ASM -fPIC -pthread -Wa,--noexecstack -Wall -O3 -DOPENSSL_USE_NODELETE -DOPENSSL_PIC -DOPENSSLDIR="\"/opt/ossl-static/ssl\"" -DENGINESDIR="\"/opt/ossl-static/lib/engines-3\"" -DMODULESDIR="\"/opt/ossl-static/lib/ossl-modules\"" -DOPENSSL_BUILDING_OPENSSL -DNDEBUG  -MMD -MF crypto/evp/libcrypto-lib-e_seed.d.tmp -MT crypto/evp/libcrypto-lib-e_seed.o -c -o crypto/evp/libcrypto-lib-e_seed.o crypto/evp/e_seed.c
gcc  -Icrypto -Icrypto/modes -I. -Iinclude -Iproviders/common/include -Iproviders/implementations/include  -DBSAES_ASM -DECP_NISTZ256_ASM -DECP_SM2P256_ASM -DKECCAK1600_ASM -DMD5_ASM -DOPENSSL_BN_ASM_MONT -DOPENSSL_CPUID_OBJ -DOPENSSL_SM3_ASM -DPOLY1305_ASM -DSHA1_ASM -DSHA256_ASM -DSHA512_ASM -DSM4_ASM -DVPAES_ASM -DVPSM4_ASM -fPIC -pthread -Wa,--noexecstack -Wall -O3 -DOPENSSL_USE_NODELETE -DOPENSSL_PIC -DOPENSSLDIR="\"/opt/ossl-static/ssl\"" -DENGINESDIR="\"/opt/ossl-static/lib/engines-3\"" -DMODULESDIR="\"/opt/ossl-static/lib/ossl-modules\"" -DOPENSSL_BUILDING_OPENSSL -DNDEBUG  -MMD -MF crypto/evp/libcrypto-lib-e_sm4.d.tmp -MT crypto/evp/libcrypto-lib-e_sm4.o -c -o crypto/evp/libcrypto-lib-e_sm4.o crypto/evp/e_sm4.c
gcc  -I. -Iinclude -Iproviders/common/include -Iproviders/implementations/include  -DBSAES_ASM -DECP_NISTZ256_ASM -DECP_SM2P256_ASM -DKECCAK1600_ASM -DMD5_ASM -DOPENSSL_BN_ASM_MONT -DOPENSSL_CPUID_OBJ -DOPENSSL_SM3_ASM -DPOLY1305_ASM -DSHA1_ASM -DSHA256_ASM -DSHA512_ASM -DSM4_ASM -DVPAES_ASM -DVPSM4_ASM -fPIC -pthread -Wa,--noexecstack -Wall -O3 -DOPENSSL_USE_NODELETE -DOPENSSL_PIC -DOPENSSLDIR="\"/opt/ossl-static/ssl\"" -DENGINESDIR="\"/opt/ossl-static/lib/engines-3\"" -DMODULESDIR="\"/opt/ossl-static/lib/ossl-modules\"" -DOPENSSL_BUILDING_OPENSSL -DNDEBUG  -MMD -MF crypto/evp/libcrypto-lib-e_xcbc_d.d.tmp -MT crypto/evp/libcrypto-lib-e_xcbc_d.o -c -o crypto/evp/libcrypto-lib-e_xcbc_d.o crypto/evp/e_xcbc_d.c
gcc  -I. -Iinclude -Iproviders/common/include -Iproviders/implementations/include  -DBSAES_ASM -DECP_NISTZ256_ASM -DECP_SM2P256_ASM -DKECCAK1600_ASM -DMD5_ASM -DOPENSSL_BN_ASM_MONT -DOPENSSL_CPUID_OBJ -DOPENSSL_SM3_ASM -DPOLY1305_ASM -DSHA1_ASM -DSHA256_ASM -DSHA512_ASM -DSM4_ASM -DVPAES_ASM -DVPSM4_ASM -fPIC -pthread -Wa,--noexecstack -Wall -O3 -DOPENSSL_USE_NODELETE -DOPENSSL_PIC -DOPENSSLDIR="\"/opt/ossl-static/ssl\"" -DENGINESDIR="\"/opt/ossl-static/lib/engines-3\"" -DMODULESDIR="\"/opt/ossl-static/lib/ossl-modules\"" -DOPENSSL_BUILDING_OPENSSL -DNDEBUG  -MMD -MF crypto/evp/libcrypto-lib-ec_ctrl.d.tmp -MT crypto/evp/libcrypto-lib-ec_ctrl.o -c -o crypto/evp/libcrypto-lib-ec_ctrl.o crypto/evp/ec_ctrl.c
gcc  -I. -Iinclude -Iproviders/common/include -Iproviders/implementations/include  -DBSAES_ASM -DECP_NISTZ256_ASM -DECP_SM2P256_ASM -DKECCAK1600_ASM -DMD5_ASM -DOPENSSL_BN_ASM_MONT -DOPENSSL_CPUID_OBJ -DOPENSSL_SM3_ASM -DPOLY1305_ASM -DSHA1_ASM -DSHA256_ASM -DSHA512_ASM -DSM4_ASM -DVPAES_ASM -DVPSM4_ASM -fPIC -pthread -Wa,--noexecstack -Wall -O3 -DOPENSSL_USE_NODELETE -DOPENSSL_PIC -DOPENSSLDIR="\"/opt/ossl-static/ssl\"" -DENGINESDIR="\"/opt/ossl-static/lib/engines-3\"" -DMODULESDIR="\"/opt/ossl-static/lib/ossl-modules\"" -DOPENSSL_BUILDING_OPENSSL -DNDEBUG  -MMD -MF crypto/evp/libcrypto-lib-ec_support.d.tmp -MT crypto/evp/libcrypto-lib-ec_support.o -c -o crypto/evp/libcrypto-lib-ec_support.o crypto/evp/ec_support.c
gcc  -I. -Iinclude -Iproviders/common/include -Iproviders/implementations/include  -DBSAES_ASM -DECP_NISTZ256_ASM -DECP_SM2P256_ASM -DKECCAK1600_ASM -DMD5_ASM -DOPENSSL_BN_ASM_MONT -DOPENSSL_CPUID_OBJ -DOPENSSL_SM3_ASM -DPOLY1305_ASM -DSHA1_ASM -DSHA256_ASM -DSHA512_ASM -DSM4_ASM -DVPAES_ASM -DVPSM4_ASM -fPIC -pthread -Wa,--noexecstack -Wall -O3 -DOPENSSL_USE_NODELETE -DOPENSSL_PIC -DOPENSSLDIR="\"/opt/ossl-static/ssl\"" -DENGINESDIR="\"/opt/ossl-static/lib/engines-3\"" -DMODULESDIR="\"/opt/ossl-static/lib/ossl-modules\"" -DOPENSSL_BUILDING_OPENSSL -DNDEBUG  -MMD -MF crypto/evp/libcrypto-lib-encode.d.tmp -MT crypto/evp/libcrypto-lib-encode.o -c -o crypto/evp/libcrypto-lib-encode.o crypto/evp/encode.c
gcc  -I. -Iinclude -Iproviders/common/include -Iproviders/implementations/include  -DBSAES_ASM -DECP_NISTZ256_ASM -DECP_SM2P256_ASM -DKECCAK1600_ASM -DMD5_ASM -DOPENSSL_BN_ASM_MONT -DOPENSSL_CPUID_OBJ -DOPENSSL_SM3_ASM -DPOLY1305_ASM -DSHA1_ASM -DSHA256_ASM -DSHA512_ASM -DSM4_ASM -DVPAES_ASM -DVPSM4_ASM -fPIC -pthread -Wa,--noexecstack -Wall -O3 -DOPENSSL_USE_NODELETE -DOPENSSL_PIC -DOPENSSLDIR="\"/opt/ossl-static/ssl\"" -DENGINESDIR="\"/opt/ossl-static/lib/engines-3\"" -DMODULESDIR="\"/opt/ossl-static/lib/ossl-modules\"" -DOPENSSL_BUILDING_OPENSSL -DNDEBUG  -MMD -MF crypto/evp/libcrypto-lib-evp_cnf.d.tmp -MT crypto/evp/libcrypto-lib-evp_cnf.o -c -o crypto/evp/libcrypto-lib-evp_cnf.o crypto/evp/evp_cnf.c
gcc  -I. -Iinclude -Iproviders/common/include -Iproviders/implementations/include  -DBSAES_ASM -DECP_NISTZ256_ASM -DECP_SM2P256_ASM -DKECCAK1600_ASM -DMD5_ASM -DOPENSSL_BN_ASM_MONT -DOPENSSL_CPUID_OBJ -DOPENSSL_SM3_ASM -DPOLY1305_ASM -DSHA1_ASM -DSHA256_ASM -DSHA512_ASM -DSM4_ASM -DVPAES_ASM -DVPSM4_ASM -fPIC -pthread -Wa,--noexecstack -Wall -O3 -DOPENSSL_USE_NODELETE -DOPENSSL_PIC -DOPENSSLDIR="\"/opt/ossl-static/ssl\"" -DENGINESDIR="\"/opt/ossl-static/lib/engines-3\"" -DMODULESDIR="\"/opt/ossl-static/lib/ossl-modules\"" -DOPENSSL_BUILDING_OPENSSL -DNDEBUG  -MMD -MF crypto/evp/libcrypto-lib-evp_enc.d.tmp -MT crypto/evp/libcrypto-lib-evp_enc.o -c -o crypto/evp/libcrypto-lib-evp_enc.o crypto/evp/evp_enc.c
gcc  -I. -Iinclude -Iproviders/common/include -Iproviders/implementations/include  -DBSAES_ASM -DECP_NISTZ256_ASM -DECP_SM2P256_ASM -DKECCAK1600_ASM -DMD5_ASM -DOPENSSL_BN_ASM_MONT -DOPENSSL_CPUID_OBJ -DOPENSSL_SM3_ASM -DPOLY1305_ASM -DSHA1_ASM -DSHA256_ASM -DSHA512_ASM -DSM4_ASM -DVPAES_ASM -DVPSM4_ASM -fPIC -pthread -Wa,--noexecstack -Wall -O3 -DOPENSSL_USE_NODELETE -DOPENSSL_PIC -DOPENSSLDIR="\"/opt/ossl-static/ssl\"" -DENGINESDIR="\"/opt/ossl-static/lib/engines-3\"" -DMODULESDIR="\"/opt/ossl-static/lib/ossl-modules\"" -DOPENSSL_BUILDING_OPENSSL -DNDEBUG  -MMD -MF crypto/evp/libcrypto-lib-evp_err.d.tmp -MT crypto/evp/libcrypto-lib-evp_err.o -c -o crypto/evp/libcrypto-lib-evp_err.o crypto/evp/evp_err.c
gcc  -I. -Iinclude -Iproviders/common/include -Iproviders/implementations/include  -DBSAES_ASM -DECP_NISTZ256_ASM -DECP_SM2P256_ASM -DKECCAK1600_ASM -DMD5_ASM -DOPENSSL_BN_ASM_MONT -DOPENSSL_CPUID_OBJ -DOPENSSL_SM3_ASM -DPOLY1305_ASM -DSHA1_ASM -DSHA256_ASM -DSHA512_ASM -DSM4_ASM -DVPAES_ASM -DVPSM4_ASM -fPIC -pthread -Wa,--noexecstack -Wall -O3 -DOPENSSL_USE_NODELETE -DOPENSSL_PIC -DOPENSSLDIR="\"/opt/ossl-static/ssl\"" -DENGINESDIR="\"/opt/ossl-static/lib/engines-3\"" -DMODULESDIR="\"/opt/ossl-static/lib/ossl-modules\"" -DOPENSSL_BUILDING_OPENSSL -DNDEBUG  -MMD -MF crypto/evp/libcrypto-lib-evp_fetch.d.tmp -MT crypto/evp/libcrypto-lib-evp_fetch.o -c -o crypto/evp/libcrypto-lib-evp_fetch.o crypto/evp/evp_fetch.c
gcc  -I. -Iinclude -Iproviders/common/include -Iproviders/implementations/include  -DBSAES_ASM -DECP_NISTZ256_ASM -DECP_SM2P256_ASM -DKECCAK1600_ASM -DMD5_ASM -DOPENSSL_BN_ASM_MONT -DOPENSSL_CPUID_OBJ -DOPENSSL_SM3_ASM -DPOLY1305_ASM -DSHA1_ASM -DSHA256_ASM -DSHA512_ASM -DSM4_ASM -DVPAES_ASM -DVPSM4_ASM -fPIC -pthread -Wa,--noexecstack -Wall -O3 -DOPENSSL_USE_NODELETE -DOPENSSL_PIC -DOPENSSLDIR="\"/opt/ossl-static/ssl\"" -DENGINESDIR="\"/opt/ossl-static/lib/engines-3\"" -DMODULESDIR="\"/opt/ossl-static/lib/ossl-modules\"" -DOPENSSL_BUILDING_OPENSSL -DNDEBUG  -MMD -MF crypto/evp/libcrypto-lib-evp_key.d.tmp -MT crypto/evp/libcrypto-lib-evp_key.o -c -o crypto/evp/libcrypto-lib-evp_key.o crypto/evp/evp_key.c
gcc  -I. -Iinclude -Iproviders/common/include -Iproviders/implementations/include  -DBSAES_ASM -DECP_NISTZ256_ASM -DECP_SM2P256_ASM -DKECCAK1600_ASM -DMD5_ASM -DOPENSSL_BN_ASM_MONT -DOPENSSL_CPUID_OBJ -DOPENSSL_SM3_ASM -DPOLY1305_ASM -DSHA1_ASM -DSHA256_ASM -DSHA512_ASM -DSM4_ASM -DVPAES_ASM -DVPSM4_ASM -fPIC -pthread -Wa,--noexecstack -Wall -O3 -DOPENSSL_USE_NODELETE -DOPENSSL_PIC -DOPENSSLDIR="\"/opt/ossl-static/ssl\"" -DENGINESDIR="\"/opt/ossl-static/lib/engines-3\"" -DMODULESDIR="\"/opt/ossl-static/lib/ossl-modules\"" -DOPENSSL_BUILDING_OPENSSL -DNDEBUG  -MMD -MF crypto/evp/libcrypto-lib-evp_lib.d.tmp -MT crypto/evp/libcrypto-lib-evp_lib.o -c -o crypto/evp/libcrypto-lib-evp_lib.o crypto/evp/evp_lib.c
gcc  -I. -Iinclude -Iproviders/common/include -Iproviders/implementations/include  -DBSAES_ASM -DECP_NISTZ256_ASM -DECP_SM2P256_ASM -DKECCAK1600_ASM -DMD5_ASM -DOPENSSL_BN_ASM_MONT -DOPENSSL_CPUID_OBJ -DOPENSSL_SM3_ASM -DPOLY1305_ASM -DSHA1_ASM -DSHA256_ASM -DSHA512_ASM -DSM4_ASM -DVPAES_ASM -DVPSM4_ASM -fPIC -pthread -Wa,--noexecstack -Wall -O3 -DOPENSSL_USE_NODELETE -DOPENSSL_PIC -DOPENSSLDIR="\"/opt/ossl-static/ssl\"" -DENGINESDIR="\"/opt/ossl-static/lib/engines-3\"" -DMODULESDIR="\"/opt/ossl-static/lib/ossl-modules\"" -DOPENSSL_BUILDING_OPENSSL -DNDEBUG  -MMD -MF crypto/evp/libcrypto-lib-evp_pbe.d.tmp -MT crypto/evp/libcrypto-lib-evp_pbe.o -c -o crypto/evp/libcrypto-lib-evp_pbe.o crypto/evp/evp_pbe.c
gcc  -I. -Iinclude -Iproviders/common/include -Iproviders/implementations/include  -DBSAES_ASM -DECP_NISTZ256_ASM -DECP_SM2P256_ASM -DKECCAK1600_ASM -DMD5_ASM -DOPENSSL_BN_ASM_MONT -DOPENSSL_CPUID_OBJ -DOPENSSL_SM3_ASM -DPOLY1305_ASM -DSHA1_ASM -DSHA256_ASM -DSHA512_ASM -DSM4_ASM -DVPAES_ASM -DVPSM4_ASM -fPIC -pthread -Wa,--noexecstack -Wall -O3 -DOPENSSL_USE_NODELETE -DOPENSSL_PIC -DOPENSSLDIR="\"/opt/ossl-static/ssl\"" -DENGINESDIR="\"/opt/ossl-static/lib/engines-3\"" -DMODULESDIR="\"/opt/ossl-static/lib/ossl-modules\"" -DOPENSSL_BUILDING_OPENSSL -DNDEBUG  -MMD -MF crypto/evp/libcrypto-lib-evp_pkey.d.tmp -MT crypto/evp/libcrypto-lib-evp_pkey.o -c -o crypto/evp/libcrypto-lib-evp_pkey.o crypto/evp/evp_pkey.c
gcc  -I. -Iinclude -Iproviders/common/include -Iproviders/implementations/include  -DBSAES_ASM -DECP_NISTZ256_ASM -DECP_SM2P256_ASM -DKECCAK1600_ASM -DMD5_ASM -DOPENSSL_BN_ASM_MONT -DOPENSSL_CPUID_OBJ -DOPENSSL_SM3_ASM -DPOLY1305_ASM -DSHA1_ASM -DSHA256_ASM -DSHA512_ASM -DSM4_ASM -DVPAES_ASM -DVPSM4_ASM -fPIC -pthread -Wa,--noexecstack -Wall -O3 -DOPENSSL_USE_NODELETE -DOPENSSL_PIC -DOPENSSLDIR="\"/opt/ossl-static/ssl\"" -DENGINESDIR="\"/opt/ossl-static/lib/engines-3\"" -DMODULESDIR="\"/opt/ossl-static/lib/ossl-modules\"" -DOPENSSL_BUILDING_OPENSSL -DNDEBUG  -MMD -MF crypto/evp/libcrypto-lib-evp_rand.d.tmp -MT crypto/evp/libcrypto-lib-evp_rand.o -c -o crypto/evp/libcrypto-lib-evp_rand.o crypto/evp/evp_rand.c
gcc  -I. -Iinclude -Iproviders/common/include -Iproviders/implementations/include  -DBSAES_ASM -DECP_NISTZ256_ASM -DECP_SM2P256_ASM -DKECCAK1600_ASM -DMD5_ASM -DOPENSSL_BN_ASM_MONT -DOPENSSL_CPUID_OBJ -DOPENSSL_SM3_ASM -DPOLY1305_ASM -DSHA1_ASM -DSHA256_ASM -DSHA512_ASM -DSM4_ASM -DVPAES_ASM -DVPSM4_ASM -fPIC -pthread -Wa,--noexecstack -Wall -O3 -DOPENSSL_USE_NODELETE -DOPENSSL_PIC -DOPENSSLDIR="\"/opt/ossl-static/ssl\"" -DENGINESDIR="\"/opt/ossl-static/lib/engines-3\"" -DMODULESDIR="\"/opt/ossl-static/lib/ossl-modules\"" -DOPENSSL_BUILDING_OPENSSL -DNDEBUG  -MMD -MF crypto/evp/libcrypto-lib-evp_utils.d.tmp -MT crypto/evp/libcrypto-lib-evp_utils.o -c -o crypto/evp/libcrypto-lib-evp_utils.o crypto/evp/evp_utils.c
gcc  -I. -Iinclude -Iproviders/common/include -Iproviders/implementations/include  -DBSAES_ASM -DECP_NISTZ256_ASM -DECP_SM2P256_ASM -DKECCAK1600_ASM -DMD5_ASM -DOPENSSL_BN_ASM_MONT -DOPENSSL_CPUID_OBJ -DOPENSSL_SM3_ASM -DPOLY1305_ASM -DSHA1_ASM -DSHA256_ASM -DSHA512_ASM -DSM4_ASM -DVPAES_ASM -DVPSM4_ASM -fPIC -pthread -Wa,--noexecstack -Wall -O3 -DOPENSSL_USE_NODELETE -DOPENSSL_PIC -DOPENSSLDIR="\"/opt/ossl-static/ssl\"" -DENGINESDIR="\"/opt/ossl-static/lib/engines-3\"" -DMODULESDIR="\"/opt/ossl-static/lib/ossl-modules\"" -DOPENSSL_BUILDING_OPENSSL -DNDEBUG  -MMD -MF crypto/evp/libcrypto-lib-exchange.d.tmp -MT crypto/evp/libcrypto-lib-exchange.o -c -o crypto/evp/libcrypto-lib-exchange.o crypto/evp/exchange.c
gcc  -I. -Iinclude -Iproviders/common/include -Iproviders/implementations/include  -DBSAES_ASM -DECP_NISTZ256_ASM -DECP_SM2P256_ASM -DKECCAK1600_ASM -DMD5_ASM -DOPENSSL_BN_ASM_MONT -DOPENSSL_CPUID_OBJ -DOPENSSL_SM3_ASM -DPOLY1305_ASM -DSHA1_ASM -DSHA256_ASM -DSHA512_ASM -DSM4_ASM -DVPAES_ASM -DVPSM4_ASM -fPIC -pthread -Wa,--noexecstack -Wall -O3 -DOPENSSL_USE_NODELETE -DOPENSSL_PIC -DOPENSSLDIR="\"/opt/ossl-static/ssl\"" -DENGINESDIR="\"/opt/ossl-static/lib/engines-3\"" -DMODULESDIR="\"/opt/ossl-static/lib/ossl-modules\"" -DOPENSSL_BUILDING_OPENSSL -DNDEBUG  -MMD -MF crypto/evp/libcrypto-lib-kdf_lib.d.tmp -MT crypto/evp/libcrypto-lib-kdf_lib.o -c -o crypto/evp/libcrypto-lib-kdf_lib.o crypto/evp/kdf_lib.c
gcc  -I. -Iinclude -Iproviders/common/include -Iproviders/implementations/include  -DBSAES_ASM -DECP_NISTZ256_ASM -DECP_SM2P256_ASM -DKECCAK1600_ASM -DMD5_ASM -DOPENSSL_BN_ASM_MONT -DOPENSSL_CPUID_OBJ -DOPENSSL_SM3_ASM -DPOLY1305_ASM -DSHA1_ASM -DSHA256_ASM -DSHA512_ASM -DSM4_ASM -DVPAES_ASM -DVPSM4_ASM -fPIC -pthread -Wa,--noexecstack -Wall -O3 -DOPENSSL_USE_NODELETE -DOPENSSL_PIC -DOPENSSLDIR="\"/opt/ossl-static/ssl\"" -DENGINESDIR="\"/opt/ossl-static/lib/engines-3\"" -DMODULESDIR="\"/opt/ossl-static/lib/ossl-modules\"" -DOPENSSL_BUILDING_OPENSSL -DNDEBUG  -MMD -MF crypto/evp/libcrypto-lib-kdf_meth.d.tmp -MT crypto/evp/libcrypto-lib-kdf_meth.o -c -o crypto/evp/libcrypto-lib-kdf_meth.o crypto/evp/kdf_meth.c
gcc  -I. -Iinclude -Iproviders/common/include -Iproviders/implementations/include  -DBSAES_ASM -DECP_NISTZ256_ASM -DECP_SM2P256_ASM -DKECCAK1600_ASM -DMD5_ASM -DOPENSSL_BN_ASM_MONT -DOPENSSL_CPUID_OBJ -DOPENSSL_SM3_ASM -DPOLY1305_ASM -DSHA1_ASM -DSHA256_ASM -DSHA512_ASM -DSM4_ASM -DVPAES_ASM -DVPSM4_ASM -fPIC -pthread -Wa,--noexecstack -Wall -O3 -DOPENSSL_USE_NODELETE -DOPENSSL_PIC -DOPENSSLDIR="\"/opt/ossl-static/ssl\"" -DENGINESDIR="\"/opt/ossl-static/lib/engines-3\"" -DMODULESDIR="\"/opt/ossl-static/lib/ossl-modules\"" -DOPENSSL_BUILDING_OPENSSL -DNDEBUG  -MMD -MF crypto/evp/libcrypto-lib-kem.d.tmp -MT crypto/evp/libcrypto-lib-kem.o -c -o crypto/evp/libcrypto-lib-kem.o crypto/evp/kem.c
gcc  -I. -Iinclude -Iproviders/common/include -Iproviders/implementations/include  -DBSAES_ASM -DECP_NISTZ256_ASM -DECP_SM2P256_ASM -DKECCAK1600_ASM -DMD5_ASM -DOPENSSL_BN_ASM_MONT -DOPENSSL_CPUID_OBJ -DOPENSSL_SM3_ASM -DPOLY1305_ASM -DSHA1_ASM -DSHA256_ASM -DSHA512_ASM -DSM4_ASM -DVPAES_ASM -DVPSM4_ASM -fPIC -pthread -Wa,--noexecstack -Wall -O3 -DOPENSSL_USE_NODELETE -DOPENSSL_PIC -DOPENSSLDIR="\"/opt/ossl-static/ssl\"" -DENGINESDIR="\"/opt/ossl-static/lib/engines-3\"" -DMODULESDIR="\"/opt/ossl-static/lib/ossl-modules\"" -DOPENSSL_BUILDING_OPENSSL -DNDEBUG  -MMD -MF crypto/evp/libcrypto-lib-keymgmt_lib.d.tmp -MT crypto/evp/libcrypto-lib-keymgmt_lib.o -c -o crypto/evp/libcrypto-lib-keymgmt_lib.o crypto/evp/keymgmt_lib.c
gcc  -I. -Iinclude -Iproviders/common/include -Iproviders/implementations/include  -DBSAES_ASM -DECP_NISTZ256_ASM -DECP_SM2P256_ASM -DKECCAK1600_ASM -DMD5_ASM -DOPENSSL_BN_ASM_MONT -DOPENSSL_CPUID_OBJ -DOPENSSL_SM3_ASM -DPOLY1305_ASM -DSHA1_ASM -DSHA256_ASM -DSHA512_ASM -DSM4_ASM -DVPAES_ASM -DVPSM4_ASM -fPIC -pthread -Wa,--noexecstack -Wall -O3 -DOPENSSL_USE_NODELETE -DOPENSSL_PIC -DOPENSSLDIR="\"/opt/ossl-static/ssl\"" -DENGINESDIR="\"/opt/ossl-static/lib/engines-3\"" -DMODULESDIR="\"/opt/ossl-static/lib/ossl-modules\"" -DOPENSSL_BUILDING_OPENSSL -DNDEBUG  -MMD -MF crypto/evp/libcrypto-lib-keymgmt_meth.d.tmp -MT crypto/evp/libcrypto-lib-keymgmt_meth.o -c -o crypto/evp/libcrypto-lib-keymgmt_meth.o crypto/evp/keymgmt_meth.c
gcc  -I. -Iinclude -Iproviders/common/include -Iproviders/implementations/include  -DBSAES_ASM -DECP_NISTZ256_ASM -DECP_SM2P256_ASM -DKECCAK1600_ASM -DMD5_ASM -DOPENSSL_BN_ASM_MONT -DOPENSSL_CPUID_OBJ -DOPENSSL_SM3_ASM -DPOLY1305_ASM -DSHA1_ASM -DSHA256_ASM -DSHA512_ASM -DSM4_ASM -DVPAES_ASM -DVPSM4_ASM -fPIC -pthread -Wa,--noexecstack -Wall -O3 -DOPENSSL_USE_NODELETE -DOPENSSL_PIC -DOPENSSLDIR="\"/opt/ossl-static/ssl\"" -DENGINESDIR="\"/opt/ossl-static/lib/engines-3\"" -DMODULESDIR="\"/opt/ossl-static/lib/ossl-modules\"" -DOPENSSL_BUILDING_OPENSSL -DNDEBUG  -MMD -MF crypto/evp/libcrypto-lib-legacy_blake2.d.tmp -MT crypto/evp/libcrypto-lib-legacy_blake2.o -c -o crypto/evp/libcrypto-lib-legacy_blake2.o crypto/evp/legacy_blake2.c
gcc  -I. -Iinclude -Iproviders/common/include -Iproviders/implementations/include  -DBSAES_ASM -DECP_NISTZ256_ASM -DECP_SM2P256_ASM -DKECCAK1600_ASM -DMD5_ASM -DOPENSSL_BN_ASM_MONT -DOPENSSL_CPUID_OBJ -DOPENSSL_SM3_ASM -DPOLY1305_ASM -DSHA1_ASM -DSHA256_ASM -DSHA512_ASM -DSM4_ASM -DVPAES_ASM -DVPSM4_ASM -fPIC -pthread -Wa,--noexecstack -Wall -O3 -DOPENSSL_USE_NODELETE -DOPENSSL_PIC -DOPENSSLDIR="\"/opt/ossl-static/ssl\"" -DENGINESDIR="\"/opt/ossl-static/lib/engines-3\"" -DMODULESDIR="\"/opt/ossl-static/lib/ossl-modules\"" -DOPENSSL_BUILDING_OPENSSL -DNDEBUG  -MMD -MF crypto/evp/libcrypto-lib-legacy_md4.d.tmp -MT crypto/evp/libcrypto-lib-legacy_md4.o -c -o crypto/evp/libcrypto-lib-legacy_md4.o crypto/evp/legacy_md4.c
gcc  -I. -Iinclude -Iproviders/common/include -Iproviders/implementations/include  -DBSAES_ASM -DECP_NISTZ256_ASM -DECP_SM2P256_ASM -DKECCAK1600_ASM -DMD5_ASM -DOPENSSL_BN_ASM_MONT -DOPENSSL_CPUID_OBJ -DOPENSSL_SM3_ASM -DPOLY1305_ASM -DSHA1_ASM -DSHA256_ASM -DSHA512_ASM -DSM4_ASM -DVPAES_ASM -DVPSM4_ASM -fPIC -pthread -Wa,--noexecstack -Wall -O3 -DOPENSSL_USE_NODELETE -DOPENSSL_PIC -DOPENSSLDIR="\"/opt/ossl-static/ssl\"" -DENGINESDIR="\"/opt/ossl-static/lib/engines-3\"" -DMODULESDIR="\"/opt/ossl-static/lib/ossl-modules\"" -DOPENSSL_BUILDING_OPENSSL -DNDEBUG  -MMD -MF crypto/evp/libcrypto-lib-legacy_md5.d.tmp -MT crypto/evp/libcrypto-lib-legacy_md5.o -c -o crypto/evp/libcrypto-lib-legacy_md5.o crypto/evp/legacy_md5.c
gcc  -I. -Iinclude -Iproviders/common/include -Iproviders/implementations/include  -DBSAES_ASM -DECP_NISTZ256_ASM -DECP_SM2P256_ASM -DKECCAK1600_ASM -DMD5_ASM -DOPENSSL_BN_ASM_MONT -DOPENSSL_CPUID_OBJ -DOPENSSL_SM3_ASM -DPOLY1305_ASM -DSHA1_ASM -DSHA256_ASM -DSHA512_ASM -DSM4_ASM -DVPAES_ASM -DVPSM4_ASM -fPIC -pthread -Wa,--noexecstack -Wall -O3 -DOPENSSL_USE_NODELETE -DOPENSSL_PIC -DOPENSSLDIR="\"/opt/ossl-static/ssl\"" -DENGINESDIR="\"/opt/ossl-static/lib/engines-3\"" -DMODULESDIR="\"/opt/ossl-static/lib/ossl-modules\"" -DOPENSSL_BUILDING_OPENSSL -DNDEBUG  -MMD -MF crypto/evp/libcrypto-lib-legacy_md5_sha1.d.tmp -MT crypto/evp/libcrypto-lib-legacy_md5_sha1.o -c -o crypto/evp/libcrypto-lib-legacy_md5_sha1.o crypto/evp/legacy_md5_sha1.c
gcc  -I. -Iinclude -Iproviders/common/include -Iproviders/implementations/include  -DBSAES_ASM -DECP_NISTZ256_ASM -DECP_SM2P256_ASM -DKECCAK1600_ASM -DMD5_ASM -DOPENSSL_BN_ASM_MONT -DOPENSSL_CPUID_OBJ -DOPENSSL_SM3_ASM -DPOLY1305_ASM -DSHA1_ASM -DSHA256_ASM -DSHA512_ASM -DSM4_ASM -DVPAES_ASM -DVPSM4_ASM -fPIC -pthread -Wa,--noexecstack -Wall -O3 -DOPENSSL_USE_NODELETE -DOPENSSL_PIC -DOPENSSLDIR="\"/opt/ossl-static/ssl\"" -DENGINESDIR="\"/opt/ossl-static/lib/engines-3\"" -DMODULESDIR="\"/opt/ossl-static/lib/ossl-modules\"" -DOPENSSL_BUILDING_OPENSSL -DNDEBUG  -MMD -MF crypto/evp/libcrypto-lib-legacy_mdc2.d.tmp -MT crypto/evp/libcrypto-lib-legacy_mdc2.o -c -o crypto/evp/libcrypto-lib-legacy_mdc2.o crypto/evp/legacy_mdc2.c
gcc  -I. -Iinclude -Iproviders/common/include -Iproviders/implementations/include  -DBSAES_ASM -DECP_NISTZ256_ASM -DECP_SM2P256_ASM -DKECCAK1600_ASM -DMD5_ASM -DOPENSSL_BN_ASM_MONT -DOPENSSL_CPUID_OBJ -DOPENSSL_SM3_ASM -DPOLY1305_ASM -DSHA1_ASM -DSHA256_ASM -DSHA512_ASM -DSM4_ASM -DVPAES_ASM -DVPSM4_ASM -fPIC -pthread -Wa,--noexecstack -Wall -O3 -DOPENSSL_USE_NODELETE -DOPENSSL_PIC -DOPENSSLDIR="\"/opt/ossl-static/ssl\"" -DENGINESDIR="\"/opt/ossl-static/lib/engines-3\"" -DMODULESDIR="\"/opt/ossl-static/lib/ossl-modules\"" -DOPENSSL_BUILDING_OPENSSL -DNDEBUG  -MMD -MF crypto/evp/libcrypto-lib-legacy_ripemd.d.tmp -MT crypto/evp/libcrypto-lib-legacy_ripemd.o -c -o crypto/evp/libcrypto-lib-legacy_ripemd.o crypto/evp/legacy_ripemd.c
gcc  -I. -Iinclude -Iproviders/common/include -Iproviders/implementations/include  -DBSAES_ASM -DECP_NISTZ256_ASM -DECP_SM2P256_ASM -DKECCAK1600_ASM -DMD5_ASM -DOPENSSL_BN_ASM_MONT -DOPENSSL_CPUID_OBJ -DOPENSSL_SM3_ASM -DPOLY1305_ASM -DSHA1_ASM -DSHA256_ASM -DSHA512_ASM -DSM4_ASM -DVPAES_ASM -DVPSM4_ASM -fPIC -pthread -Wa,--noexecstack -Wall -O3 -DOPENSSL_USE_NODELETE -DOPENSSL_PIC -DOPENSSLDIR="\"/opt/ossl-static/ssl\"" -DENGINESDIR="\"/opt/ossl-static/lib/engines-3\"" -DMODULESDIR="\"/opt/ossl-static/lib/ossl-modules\"" -DOPENSSL_BUILDING_OPENSSL -DNDEBUG  -MMD -MF crypto/evp/libcrypto-lib-legacy_sha.d.tmp -MT crypto/evp/libcrypto-lib-legacy_sha.o -c -o crypto/evp/libcrypto-lib-legacy_sha.o crypto/evp/legacy_sha.c
gcc  -I. -Iinclude -Iproviders/common/include -Iproviders/implementations/include  -DBSAES_ASM -DECP_NISTZ256_ASM -DECP_SM2P256_ASM -DKECCAK1600_ASM -DMD5_ASM -DOPENSSL_BN_ASM_MONT -DOPENSSL_CPUID_OBJ -DOPENSSL_SM3_ASM -DPOLY1305_ASM -DSHA1_ASM -DSHA256_ASM -DSHA512_ASM -DSM4_ASM -DVPAES_ASM -DVPSM4_ASM -fPIC -pthread -Wa,--noexecstack -Wall -O3 -DOPENSSL_USE_NODELETE -DOPENSSL_PIC -DOPENSSLDIR="\"/opt/ossl-static/ssl\"" -DENGINESDIR="\"/opt/ossl-static/lib/engines-3\"" -DMODULESDIR="\"/opt/ossl-static/lib/ossl-modules\"" -DOPENSSL_BUILDING_OPENSSL -DNDEBUG  -MMD -MF crypto/evp/libcrypto-lib-legacy_wp.d.tmp -MT crypto/evp/libcrypto-lib-legacy_wp.o -c -o crypto/evp/libcrypto-lib-legacy_wp.o crypto/evp/legacy_wp.c
gcc  -I. -Iinclude -Iproviders/common/include -Iproviders/implementations/include  -DBSAES_ASM -DECP_NISTZ256_ASM -DECP_SM2P256_ASM -DKECCAK1600_ASM -DMD5_ASM -DOPENSSL_BN_ASM_MONT -DOPENSSL_CPUID_OBJ -DOPENSSL_SM3_ASM -DPOLY1305_ASM -DSHA1_ASM -DSHA256_ASM -DSHA512_ASM -DSM4_ASM -DVPAES_ASM -DVPSM4_ASM -fPIC -pthread -Wa,--noexecstack -Wall -O3 -DOPENSSL_USE_NODELETE -DOPENSSL_PIC -DOPENSSLDIR="\"/opt/ossl-static/ssl\"" -DENGINESDIR="\"/opt/ossl-static/lib/engines-3\"" -DMODULESDIR="\"/opt/ossl-static/lib/ossl-modules\"" -DOPENSSL_BUILDING_OPENSSL -DNDEBUG  -MMD -MF crypto/evp/libcrypto-lib-m_null.d.tmp -MT crypto/evp/libcrypto-lib-m_null.o -c -o crypto/evp/libcrypto-lib-m_null.o crypto/evp/m_null.c
gcc  -I. -Iinclude -Iproviders/common/include -Iproviders/implementations/include  -DBSAES_ASM -DECP_NISTZ256_ASM -DECP_SM2P256_ASM -DKECCAK1600_ASM -DMD5_ASM -DOPENSSL_BN_ASM_MONT -DOPENSSL_CPUID_OBJ -DOPENSSL_SM3_ASM -DPOLY1305_ASM -DSHA1_ASM -DSHA256_ASM -DSHA512_ASM -DSM4_ASM -DVPAES_ASM -DVPSM4_ASM -fPIC -pthread -Wa,--noexecstack -Wall -O3 -DOPENSSL_USE_NODELETE -DOPENSSL_PIC -DOPENSSLDIR="\"/opt/ossl-static/ssl\"" -DENGINESDIR="\"/opt/ossl-static/lib/engines-3\"" -DMODULESDIR="\"/opt/ossl-static/lib/ossl-modules\"" -DOPENSSL_BUILDING_OPENSSL -DNDEBUG  -MMD -MF crypto/evp/libcrypto-lib-m_sigver.d.tmp -MT crypto/evp/libcrypto-lib-m_sigver.o -c -o crypto/evp/libcrypto-lib-m_sigver.o crypto/evp/m_sigver.c
gcc  -I. -Iinclude -Iproviders/common/include -Iproviders/implementations/include  -DBSAES_ASM -DECP_NISTZ256_ASM -DECP_SM2P256_ASM -DKECCAK1600_ASM -DMD5_ASM -DOPENSSL_BN_ASM_MONT -DOPENSSL_CPUID_OBJ -DOPENSSL_SM3_ASM -DPOLY1305_ASM -DSHA1_ASM -DSHA256_ASM -DSHA512_ASM -DSM4_ASM -DVPAES_ASM -DVPSM4_ASM -fPIC -pthread -Wa,--noexecstack -Wall -O3 -DOPENSSL_USE_NODELETE -DOPENSSL_PIC -DOPENSSLDIR="\"/opt/ossl-static/ssl\"" -DENGINESDIR="\"/opt/ossl-static/lib/engines-3\"" -DMODULESDIR="\"/opt/ossl-static/lib/ossl-modules\"" -DOPENSSL_BUILDING_OPENSSL -DNDEBUG  -MMD -MF crypto/evp/libcrypto-lib-mac_lib.d.tmp -MT crypto/evp/libcrypto-lib-mac_lib.o -c -o crypto/evp/libcrypto-lib-mac_lib.o crypto/evp/mac_lib.c
gcc  -I. -Iinclude -Iproviders/common/include -Iproviders/implementations/include  -DBSAES_ASM -DECP_NISTZ256_ASM -DECP_SM2P256_ASM -DKECCAK1600_ASM -DMD5_ASM -DOPENSSL_BN_ASM_MONT -DOPENSSL_CPUID_OBJ -DOPENSSL_SM3_ASM -DPOLY1305_ASM -DSHA1_ASM -DSHA256_ASM -DSHA512_ASM -DSM4_ASM -DVPAES_ASM -DVPSM4_ASM -fPIC -pthread -Wa,--noexecstack -Wall -O3 -DOPENSSL_USE_NODELETE -DOPENSSL_PIC -DOPENSSLDIR="\"/opt/ossl-static/ssl\"" -DENGINESDIR="\"/opt/ossl-static/lib/engines-3\"" -DMODULESDIR="\"/opt/ossl-static/lib/ossl-modules\"" -DOPENSSL_BUILDING_OPENSSL -DNDEBUG  -MMD -MF crypto/evp/libcrypto-lib-mac_meth.d.tmp -MT crypto/evp/libcrypto-lib-mac_meth.o -c -o crypto/evp/libcrypto-lib-mac_meth.o crypto/evp/mac_meth.c
gcc  -I. -Iinclude -Iproviders/common/include -Iproviders/implementations/include  -DBSAES_ASM -DECP_NISTZ256_ASM -DECP_SM2P256_ASM -DKECCAK1600_ASM -DMD5_ASM -DOPENSSL_BN_ASM_MONT -DOPENSSL_CPUID_OBJ -DOPENSSL_SM3_ASM -DPOLY1305_ASM -DSHA1_ASM -DSHA256_ASM -DSHA512_ASM -DSM4_ASM -DVPAES_ASM -DVPSM4_ASM -fPIC -pthread -Wa,--noexecstack -Wall -O3 -DOPENSSL_USE_NODELETE -DOPENSSL_PIC -DOPENSSLDIR="\"/opt/ossl-static/ssl\"" -DENGINESDIR="\"/opt/ossl-static/lib/engines-3\"" -DMODULESDIR="\"/opt/ossl-static/lib/ossl-modules\"" -DOPENSSL_BUILDING_OPENSSL -DNDEBUG  -MMD -MF crypto/evp/libcrypto-lib-names.d.tmp -MT crypto/evp/libcrypto-lib-names.o -c -o crypto/evp/libcrypto-lib-names.o crypto/evp/names.c
gcc  -I. -Iinclude -Iproviders/common/include -Iproviders/implementations/include  -DBSAES_ASM -DECP_NISTZ256_ASM -DECP_SM2P256_ASM -DKECCAK1600_ASM -DMD5_ASM -DOPENSSL_BN_ASM_MONT -DOPENSSL_CPUID_OBJ -DOPENSSL_SM3_ASM -DPOLY1305_ASM -DSHA1_ASM -DSHA256_ASM -DSHA512_ASM -DSM4_ASM -DVPAES_ASM -DVPSM4_ASM -fPIC -pthread -Wa,--noexecstack -Wall -O3 -DOPENSSL_USE_NODELETE -DOPENSSL_PIC -DOPENSSLDIR="\"/opt/ossl-static/ssl\"" -DENGINESDIR="\"/opt/ossl-static/lib/engines-3\"" -DMODULESDIR="\"/opt/ossl-static/lib/ossl-modules\"" -DOPENSSL_BUILDING_OPENSSL -DNDEBUG  -MMD -MF crypto/evp/libcrypto-lib-p5_crpt.d.tmp -MT crypto/evp/libcrypto-lib-p5_crpt.o -c -o crypto/evp/libcrypto-lib-p5_crpt.o crypto/evp/p5_crpt.c
gcc  -I. -Iinclude -Iproviders/common/include -Iproviders/implementations/include  -DBSAES_ASM -DECP_NISTZ256_ASM -DECP_SM2P256_ASM -DKECCAK1600_ASM -DMD5_ASM -DOPENSSL_BN_ASM_MONT -DOPENSSL_CPUID_OBJ -DOPENSSL_SM3_ASM -DPOLY1305_ASM -DSHA1_ASM -DSHA256_ASM -DSHA512_ASM -DSM4_ASM -DVPAES_ASM -DVPSM4_ASM -fPIC -pthread -Wa,--noexecstack -Wall -O3 -DOPENSSL_USE_NODELETE -DOPENSSL_PIC -DOPENSSLDIR="\"/opt/ossl-static/ssl\"" -DENGINESDIR="\"/opt/ossl-static/lib/engines-3\"" -DMODULESDIR="\"/opt/ossl-static/lib/ossl-modules\"" -DOPENSSL_BUILDING_OPENSSL -DNDEBUG  -MMD -MF crypto/evp/libcrypto-lib-p5_crpt2.d.tmp -MT crypto/evp/libcrypto-lib-p5_crpt2.o -c -o crypto/evp/libcrypto-lib-p5_crpt2.o crypto/evp/p5_crpt2.c
gcc  -I. -Iinclude -Iproviders/common/include -Iproviders/implementations/include  -DBSAES_ASM -DECP_NISTZ256_ASM -DECP_SM2P256_ASM -DKECCAK1600_ASM -DMD5_ASM -DOPENSSL_BN_ASM_MONT -DOPENSSL_CPUID_OBJ -DOPENSSL_SM3_ASM -DPOLY1305_ASM -DSHA1_ASM -DSHA256_ASM -DSHA512_ASM -DSM4_ASM -DVPAES_ASM -DVPSM4_ASM -fPIC -pthread -Wa,--noexecstack -Wall -O3 -DOPENSSL_USE_NODELETE -DOPENSSL_PIC -DOPENSSLDIR="\"/opt/ossl-static/ssl\"" -DENGINESDIR="\"/opt/ossl-static/lib/engines-3\"" -DMODULESDIR="\"/opt/ossl-static/lib/ossl-modules\"" -DOPENSSL_BUILDING_OPENSSL -DNDEBUG  -MMD -MF crypto/evp/libcrypto-lib-p_dec.d.tmp -MT crypto/evp/libcrypto-lib-p_dec.o -c -o crypto/evp/libcrypto-lib-p_dec.o crypto/evp/p_dec.c
gcc  -I. -Iinclude -Iproviders/common/include -Iproviders/implementations/include  -DBSAES_ASM -DECP_NISTZ256_ASM -DECP_SM2P256_ASM -DKECCAK1600_ASM -DMD5_ASM -DOPENSSL_BN_ASM_MONT -DOPENSSL_CPUID_OBJ -DOPENSSL_SM3_ASM -DPOLY1305_ASM -DSHA1_ASM -DSHA256_ASM -DSHA512_ASM -DSM4_ASM -DVPAES_ASM -DVPSM4_ASM -fPIC -pthread -Wa,--noexecstack -Wall -O3 -DOPENSSL_USE_NODELETE -DOPENSSL_PIC -DOPENSSLDIR="\"/opt/ossl-static/ssl\"" -DENGINESDIR="\"/opt/ossl-static/lib/engines-3\"" -DMODULESDIR="\"/opt/ossl-static/lib/ossl-modules\"" -DOPENSSL_BUILDING_OPENSSL -DNDEBUG  -MMD -MF crypto/evp/libcrypto-lib-p_enc.d.tmp -MT crypto/evp/libcrypto-lib-p_enc.o -c -o crypto/evp/libcrypto-lib-p_enc.o crypto/evp/p_enc.c
gcc  -I. -Iinclude -Iproviders/common/include -Iproviders/implementations/include  -DBSAES_ASM -DECP_NISTZ256_ASM -DECP_SM2P256_ASM -DKECCAK1600_ASM -DMD5_ASM -DOPENSSL_BN_ASM_MONT -DOPENSSL_CPUID_OBJ -DOPENSSL_SM3_ASM -DPOLY1305_ASM -DSHA1_ASM -DSHA256_ASM -DSHA512_ASM -DSM4_ASM -DVPAES_ASM -DVPSM4_ASM -fPIC -pthread -Wa,--noexecstack -Wall -O3 -DOPENSSL_USE_NODELETE -DOPENSSL_PIC -DOPENSSLDIR="\"/opt/ossl-static/ssl\"" -DENGINESDIR="\"/opt/ossl-static/lib/engines-3\"" -DMODULESDIR="\"/opt/ossl-static/lib/ossl-modules\"" -DOPENSSL_BUILDING_OPENSSL -DNDEBUG  -MMD -MF crypto/evp/libcrypto-lib-p_legacy.d.tmp -MT crypto/evp/libcrypto-lib-p_legacy.o -c -o crypto/evp/libcrypto-lib-p_legacy.o crypto/evp/p_legacy.c
gcc  -I. -Iinclude -Iproviders/common/include -Iproviders/implementations/include  -DBSAES_ASM -DECP_NISTZ256_ASM -DECP_SM2P256_ASM -DKECCAK1600_ASM -DMD5_ASM -DOPENSSL_BN_ASM_MONT -DOPENSSL_CPUID_OBJ -DOPENSSL_SM3_ASM -DPOLY1305_ASM -DSHA1_ASM -DSHA256_ASM -DSHA512_ASM -DSM4_ASM -DVPAES_ASM -DVPSM4_ASM -fPIC -pthread -Wa,--noexecstack -Wall -O3 -DOPENSSL_USE_NODELETE -DOPENSSL_PIC -DOPENSSLDIR="\"/opt/ossl-static/ssl\"" -DENGINESDIR="\"/opt/ossl-static/lib/engines-3\"" -DMODULESDIR="\"/opt/ossl-static/lib/ossl-modules\"" -DOPENSSL_BUILDING_OPENSSL -DNDEBUG  -MMD -MF crypto/evp/libcrypto-lib-p_lib.d.tmp -MT crypto/evp/libcrypto-lib-p_lib.o -c -o crypto/evp/libcrypto-lib-p_lib.o crypto/evp/p_lib.c
gcc  -I. -Iinclude -Iproviders/common/include -Iproviders/implementations/include  -DBSAES_ASM -DECP_NISTZ256_ASM -DECP_SM2P256_ASM -DKECCAK1600_ASM -DMD5_ASM -DOPENSSL_BN_ASM_MONT -DOPENSSL_CPUID_OBJ -DOPENSSL_SM3_ASM -DPOLY1305_ASM -DSHA1_ASM -DSHA256_ASM -DSHA512_ASM -DSM4_ASM -DVPAES_ASM -DVPSM4_ASM -fPIC -pthread -Wa,--noexecstack -Wall -O3 -DOPENSSL_USE_NODELETE -DOPENSSL_PIC -DOPENSSLDIR="\"/opt/ossl-static/ssl\"" -DENGINESDIR="\"/opt/ossl-static/lib/engines-3\"" -DMODULESDIR="\"/opt/ossl-static/lib/ossl-modules\"" -DOPENSSL_BUILDING_OPENSSL -DNDEBUG  -MMD -MF crypto/evp/libcrypto-lib-p_open.d.tmp -MT crypto/evp/libcrypto-lib-p_open.o -c -o crypto/evp/libcrypto-lib-p_open.o crypto/evp/p_open.c
gcc  -I. -Iinclude -Iproviders/common/include -Iproviders/implementations/include  -DBSAES_ASM -DECP_NISTZ256_ASM -DECP_SM2P256_ASM -DKECCAK1600_ASM -DMD5_ASM -DOPENSSL_BN_ASM_MONT -DOPENSSL_CPUID_OBJ -DOPENSSL_SM3_ASM -DPOLY1305_ASM -DSHA1_ASM -DSHA256_ASM -DSHA512_ASM -DSM4_ASM -DVPAES_ASM -DVPSM4_ASM -fPIC -pthread -Wa,--noexecstack -Wall -O3 -DOPENSSL_USE_NODELETE -DOPENSSL_PIC -DOPENSSLDIR="\"/opt/ossl-static/ssl\"" -DENGINESDIR="\"/opt/ossl-static/lib/engines-3\"" -DMODULESDIR="\"/opt/ossl-static/lib/ossl-modules\"" -DOPENSSL_BUILDING_OPENSSL -DNDEBUG  -MMD -MF crypto/evp/libcrypto-lib-p_seal.d.tmp -MT crypto/evp/libcrypto-lib-p_seal.o -c -o crypto/evp/libcrypto-lib-p_seal.o crypto/evp/p_seal.c
gcc  -I. -Iinclude -Iproviders/common/include -Iproviders/implementations/include  -DBSAES_ASM -DECP_NISTZ256_ASM -DECP_SM2P256_ASM -DKECCAK1600_ASM -DMD5_ASM -DOPENSSL_BN_ASM_MONT -DOPENSSL_CPUID_OBJ -DOPENSSL_SM3_ASM -DPOLY1305_ASM -DSHA1_ASM -DSHA256_ASM -DSHA512_ASM -DSM4_ASM -DVPAES_ASM -DVPSM4_ASM -fPIC -pthread -Wa,--noexecstack -Wall -O3 -DOPENSSL_USE_NODELETE -DOPENSSL_PIC -DOPENSSLDIR="\"/opt/ossl-static/ssl\"" -DENGINESDIR="\"/opt/ossl-static/lib/engines-3\"" -DMODULESDIR="\"/opt/ossl-static/lib/ossl-modules\"" -DOPENSSL_BUILDING_OPENSSL -DNDEBUG  -MMD -MF crypto/evp/libcrypto-lib-p_sign.d.tmp -MT crypto/evp/libcrypto-lib-p_sign.o -c -o crypto/evp/libcrypto-lib-p_sign.o crypto/evp/p_sign.c
gcc  -I. -Iinclude -Iproviders/common/include -Iproviders/implementations/include  -DBSAES_ASM -DECP_NISTZ256_ASM -DECP_SM2P256_ASM -DKECCAK1600_ASM -DMD5_ASM -DOPENSSL_BN_ASM_MONT -DOPENSSL_CPUID_OBJ -DOPENSSL_SM3_ASM -DPOLY1305_ASM -DSHA1_ASM -DSHA256_ASM -DSHA512_ASM -DSM4_ASM -DVPAES_ASM -DVPSM4_ASM -fPIC -pthread -Wa,--noexecstack -Wall -O3 -DOPENSSL_USE_NODELETE -DOPENSSL_PIC -DOPENSSLDIR="\"/opt/ossl-static/ssl\"" -DENGINESDIR="\"/opt/ossl-static/lib/engines-3\"" -DMODULESDIR="\"/opt/ossl-static/lib/ossl-modules\"" -DOPENSSL_BUILDING_OPENSSL -DNDEBUG  -MMD -MF crypto/evp/libcrypto-lib-p_verify.d.tmp -MT crypto/evp/libcrypto-lib-p_verify.o -c -o crypto/evp/libcrypto-lib-p_verify.o crypto/evp/p_verify.c
gcc  -I. -Iinclude -Iproviders/common/include -Iproviders/implementations/include  -DBSAES_ASM -DECP_NISTZ256_ASM -DECP_SM2P256_ASM -DKECCAK1600_ASM -DMD5_ASM -DOPENSSL_BN_ASM_MONT -DOPENSSL_CPUID_OBJ -DOPENSSL_SM3_ASM -DPOLY1305_ASM -DSHA1_ASM -DSHA256_ASM -DSHA512_ASM -DSM4_ASM -DVPAES_ASM -DVPSM4_ASM -fPIC -pthread -Wa,--noexecstack -Wall -O3 -DOPENSSL_USE_NODELETE -DOPENSSL_PIC -DOPENSSLDIR="\"/opt/ossl-static/ssl\"" -DENGINESDIR="\"/opt/ossl-static/lib/engines-3\"" -DMODULESDIR="\"/opt/ossl-static/lib/ossl-modules\"" -DOPENSSL_BUILDING_OPENSSL -DNDEBUG  -MMD -MF crypto/evp/libcrypto-lib-pbe_scrypt.d.tmp -MT crypto/evp/libcrypto-lib-pbe_scrypt.o -c -o crypto/evp/libcrypto-lib-pbe_scrypt.o crypto/evp/pbe_scrypt.c
gcc  -I. -Iinclude -Iproviders/common/include -Iproviders/implementations/include  -DBSAES_ASM -DECP_NISTZ256_ASM -DECP_SM2P256_ASM -DKECCAK1600_ASM -DMD5_ASM -DOPENSSL_BN_ASM_MONT -DOPENSSL_CPUID_OBJ -DOPENSSL_SM3_ASM -DPOLY1305_ASM -DSHA1_ASM -DSHA256_ASM -DSHA512_ASM -DSM4_ASM -DVPAES_ASM -DVPSM4_ASM -fPIC -pthread -Wa,--noexecstack -Wall -O3 -DOPENSSL_USE_NODELETE -DOPENSSL_PIC -DOPENSSLDIR="\"/opt/ossl-static/ssl\"" -DENGINESDIR="\"/opt/ossl-static/lib/engines-3\"" -DMODULESDIR="\"/opt/ossl-static/lib/ossl-modules\"" -DOPENSSL_BUILDING_OPENSSL -DNDEBUG  -MMD -MF crypto/evp/libcrypto-lib-pmeth_check.d.tmp -MT crypto/evp/libcrypto-lib-pmeth_check.o -c -o crypto/evp/libcrypto-lib-pmeth_check.o crypto/evp/pmeth_check.c
gcc  -I. -Iinclude -Iproviders/common/include -Iproviders/implementations/include  -DBSAES_ASM -DECP_NISTZ256_ASM -DECP_SM2P256_ASM -DKECCAK1600_ASM -DMD5_ASM -DOPENSSL_BN_ASM_MONT -DOPENSSL_CPUID_OBJ -DOPENSSL_SM3_ASM -DPOLY1305_ASM -DSHA1_ASM -DSHA256_ASM -DSHA512_ASM -DSM4_ASM -DVPAES_ASM -DVPSM4_ASM -fPIC -pthread -Wa,--noexecstack -Wall -O3 -DOPENSSL_USE_NODELETE -DOPENSSL_PIC -DOPENSSLDIR="\"/opt/ossl-static/ssl\"" -DENGINESDIR="\"/opt/ossl-static/lib/engines-3\"" -DMODULESDIR="\"/opt/ossl-static/lib/ossl-modules\"" -DOPENSSL_BUILDING_OPENSSL -DNDEBUG  -MMD -MF crypto/evp/libcrypto-lib-pmeth_gn.d.tmp -MT crypto/evp/libcrypto-lib-pmeth_gn.o -c -o crypto/evp/libcrypto-lib-pmeth_gn.o crypto/evp/pmeth_gn.c
gcc  -I. -Iinclude -Iproviders/common/include -Iproviders/implementations/include  -DBSAES_ASM -DECP_NISTZ256_ASM -DECP_SM2P256_ASM -DKECCAK1600_ASM -DMD5_ASM -DOPENSSL_BN_ASM_MONT -DOPENSSL_CPUID_OBJ -DOPENSSL_SM3_ASM -DPOLY1305_ASM -DSHA1_ASM -DSHA256_ASM -DSHA512_ASM -DSM4_ASM -DVPAES_ASM -DVPSM4_ASM -fPIC -pthread -Wa,--noexecstack -Wall -O3 -DOPENSSL_USE_NODELETE -DOPENSSL_PIC -DOPENSSLDIR="\"/opt/ossl-static/ssl\"" -DENGINESDIR="\"/opt/ossl-static/lib/engines-3\"" -DMODULESDIR="\"/opt/ossl-static/lib/ossl-modules\"" -DOPENSSL_BUILDING_OPENSSL -DNDEBUG  -MMD -MF crypto/evp/libcrypto-lib-pmeth_lib.d.tmp -MT crypto/evp/libcrypto-lib-pmeth_lib.o -c -o crypto/evp/libcrypto-lib-pmeth_lib.o crypto/evp/pmeth_lib.c
gcc  -I. -Iinclude -Iproviders/common/include -Iproviders/implementations/include  -DBSAES_ASM -DECP_NISTZ256_ASM -DECP_SM2P256_ASM -DKECCAK1600_ASM -DMD5_ASM -DOPENSSL_BN_ASM_MONT -DOPENSSL_CPUID_OBJ -DOPENSSL_SM3_ASM -DPOLY1305_ASM -DSHA1_ASM -DSHA256_ASM -DSHA512_ASM -DSM4_ASM -DVPAES_ASM -DVPSM4_ASM -fPIC -pthread -Wa,--noexecstack -Wall -O3 -DOPENSSL_USE_NODELETE -DOPENSSL_PIC -DOPENSSLDIR="\"/opt/ossl-static/ssl\"" -DENGINESDIR="\"/opt/ossl-static/lib/engines-3\"" -DMODULESDIR="\"/opt/ossl-static/lib/ossl-modules\"" -DOPENSSL_BUILDING_OPENSSL -DNDEBUG  -MMD -MF crypto/evp/libcrypto-lib-signature.d.tmp -MT crypto/evp/libcrypto-lib-signature.o -c -o crypto/evp/libcrypto-lib-signature.o crypto/evp/signature.c
gcc  -I. -Iinclude -Iproviders/common/include -Iproviders/implementations/include  -DBSAES_ASM -DECP_NISTZ256_ASM -DECP_SM2P256_ASM -DKECCAK1600_ASM -DMD5_ASM -DOPENSSL_BN_ASM_MONT -DOPENSSL_CPUID_OBJ -DOPENSSL_SM3_ASM -DPOLY1305_ASM -DSHA1_ASM -DSHA256_ASM -DSHA512_ASM -DSM4_ASM -DVPAES_ASM -DVPSM4_ASM -fPIC -pthread -Wa,--noexecstack -Wall -O3 -DOPENSSL_USE_NODELETE -DOPENSSL_PIC -DOPENSSLDIR="\"/opt/ossl-static/ssl\"" -DENGINESDIR="\"/opt/ossl-static/lib/engines-3\"" -DMODULESDIR="\"/opt/ossl-static/lib/ossl-modules\"" -DOPENSSL_BUILDING_OPENSSL -DNDEBUG  -MMD -MF crypto/ffc/libcrypto-lib-ffc_backend.d.tmp -MT crypto/ffc/libcrypto-lib-ffc_backend.o -c -o crypto/ffc/libcrypto-lib-ffc_backend.o crypto/ffc/ffc_backend.c
gcc  -I. -Iinclude -Iproviders/common/include -Iproviders/implementations/include  -DBSAES_ASM -DECP_NISTZ256_ASM -DECP_SM2P256_ASM -DKECCAK1600_ASM -DMD5_ASM -DOPENSSL_BN_ASM_MONT -DOPENSSL_CPUID_OBJ -DOPENSSL_SM3_ASM -DPOLY1305_ASM -DSHA1_ASM -DSHA256_ASM -DSHA512_ASM -DSM4_ASM -DVPAES_ASM -DVPSM4_ASM -fPIC -pthread -Wa,--noexecstack -Wall -O3 -DOPENSSL_USE_NODELETE -DOPENSSL_PIC -DOPENSSLDIR="\"/opt/ossl-static/ssl\"" -DENGINESDIR="\"/opt/ossl-static/lib/engines-3\"" -DMODULESDIR="\"/opt/ossl-static/lib/ossl-modules\"" -DOPENSSL_BUILDING_OPENSSL -DNDEBUG  -MMD -MF crypto/ffc/libcrypto-lib-ffc_dh.d.tmp -MT crypto/ffc/libcrypto-lib-ffc_dh.o -c -o crypto/ffc/libcrypto-lib-ffc_dh.o crypto/ffc/ffc_dh.c
gcc  -I. -Iinclude -Iproviders/common/include -Iproviders/implementations/include  -DBSAES_ASM -DECP_NISTZ256_ASM -DECP_SM2P256_ASM -DKECCAK1600_ASM -DMD5_ASM -DOPENSSL_BN_ASM_MONT -DOPENSSL_CPUID_OBJ -DOPENSSL_SM3_ASM -DPOLY1305_ASM -DSHA1_ASM -DSHA256_ASM -DSHA512_ASM -DSM4_ASM -DVPAES_ASM -DVPSM4_ASM -fPIC -pthread -Wa,--noexecstack -Wall -O3 -DOPENSSL_USE_NODELETE -DOPENSSL_PIC -DOPENSSLDIR="\"/opt/ossl-static/ssl\"" -DENGINESDIR="\"/opt/ossl-static/lib/engines-3\"" -DMODULESDIR="\"/opt/ossl-static/lib/ossl-modules\"" -DOPENSSL_BUILDING_OPENSSL -DNDEBUG  -MMD -MF crypto/ffc/libcrypto-lib-ffc_key_generate.d.tmp -MT crypto/ffc/libcrypto-lib-ffc_key_generate.o -c -o crypto/ffc/libcrypto-lib-ffc_key_generate.o crypto/ffc/ffc_key_generate.c
gcc  -I. -Iinclude -Iproviders/common/include -Iproviders/implementations/include  -DBSAES_ASM -DECP_NISTZ256_ASM -DECP_SM2P256_ASM -DKECCAK1600_ASM -DMD5_ASM -DOPENSSL_BN_ASM_MONT -DOPENSSL_CPUID_OBJ -DOPENSSL_SM3_ASM -DPOLY1305_ASM -DSHA1_ASM -DSHA256_ASM -DSHA512_ASM -DSM4_ASM -DVPAES_ASM -DVPSM4_ASM -fPIC -pthread -Wa,--noexecstack -Wall -O3 -DOPENSSL_USE_NODELETE -DOPENSSL_PIC -DOPENSSLDIR="\"/opt/ossl-static/ssl\"" -DENGINESDIR="\"/opt/ossl-static/lib/engines-3\"" -DMODULESDIR="\"/opt/ossl-static/lib/ossl-modules\"" -DOPENSSL_BUILDING_OPENSSL -DNDEBUG  -MMD -MF crypto/ffc/libcrypto-lib-ffc_key_validate.d.tmp -MT crypto/ffc/libcrypto-lib-ffc_key_validate.o -c -o crypto/ffc/libcrypto-lib-ffc_key_validate.o crypto/ffc/ffc_key_validate.c
gcc  -I. -Iinclude -Iproviders/common/include -Iproviders/implementations/include  -DBSAES_ASM -DECP_NISTZ256_ASM -DECP_SM2P256_ASM -DKECCAK1600_ASM -DMD5_ASM -DOPENSSL_BN_ASM_MONT -DOPENSSL_CPUID_OBJ -DOPENSSL_SM3_ASM -DPOLY1305_ASM -DSHA1_ASM -DSHA256_ASM -DSHA512_ASM -DSM4_ASM -DVPAES_ASM -DVPSM4_ASM -fPIC -pthread -Wa,--noexecstack -Wall -O3 -DOPENSSL_USE_NODELETE -DOPENSSL_PIC -DOPENSSLDIR="\"/opt/ossl-static/ssl\"" -DENGINESDIR="\"/opt/ossl-static/lib/engines-3\"" -DMODULESDIR="\"/opt/ossl-static/lib/ossl-modules\"" -DOPENSSL_BUILDING_OPENSSL -DNDEBUG  -MMD -MF crypto/ffc/libcrypto-lib-ffc_params.d.tmp -MT crypto/ffc/libcrypto-lib-ffc_params.o -c -o crypto/ffc/libcrypto-lib-ffc_params.o crypto/ffc/ffc_params.c
gcc  -I. -Iinclude -Iproviders/common/include -Iproviders/implementations/include  -DBSAES_ASM -DECP_NISTZ256_ASM -DECP_SM2P256_ASM -DKECCAK1600_ASM -DMD5_ASM -DOPENSSL_BN_ASM_MONT -DOPENSSL_CPUID_OBJ -DOPENSSL_SM3_ASM -DPOLY1305_ASM -DSHA1_ASM -DSHA256_ASM -DSHA512_ASM -DSM4_ASM -DVPAES_ASM -DVPSM4_ASM -fPIC -pthread -Wa,--noexecstack -Wall -O3 -DOPENSSL_USE_NODELETE -DOPENSSL_PIC -DOPENSSLDIR="\"/opt/ossl-static/ssl\"" -DENGINESDIR="\"/opt/ossl-static/lib/engines-3\"" -DMODULESDIR="\"/opt/ossl-static/lib/ossl-modules\"" -DOPENSSL_BUILDING_OPENSSL -DNDEBUG  -MMD -MF crypto/ffc/libcrypto-lib-ffc_params_generate.d.tmp -MT crypto/ffc/libcrypto-lib-ffc_params_generate.o -c -o crypto/ffc/libcrypto-lib-ffc_params_generate.o crypto/ffc/ffc_params_generate.c
gcc  -I. -Iinclude -Iproviders/common/include -Iproviders/implementations/include  -DBSAES_ASM -DECP_NISTZ256_ASM -DECP_SM2P256_ASM -DKECCAK1600_ASM -DMD5_ASM -DOPENSSL_BN_ASM_MONT -DOPENSSL_CPUID_OBJ -DOPENSSL_SM3_ASM -DPOLY1305_ASM -DSHA1_ASM -DSHA256_ASM -DSHA512_ASM -DSM4_ASM -DVPAES_ASM -DVPSM4_ASM -fPIC -pthread -Wa,--noexecstack -Wall -O3 -DOPENSSL_USE_NODELETE -DOPENSSL_PIC -DOPENSSLDIR="\"/opt/ossl-static/ssl\"" -DENGINESDIR="\"/opt/ossl-static/lib/engines-3\"" -DMODULESDIR="\"/opt/ossl-static/lib/ossl-modules\"" -DOPENSSL_BUILDING_OPENSSL -DNDEBUG  -MMD -MF crypto/ffc/libcrypto-lib-ffc_params_validate.d.tmp -MT crypto/ffc/libcrypto-lib-ffc_params_validate.o -c -o crypto/ffc/libcrypto-lib-ffc_params_validate.o crypto/ffc/ffc_params_validate.c
gcc  -I. -Iinclude -Iproviders/common/include -Iproviders/implementations/include  -DBSAES_ASM -DECP_NISTZ256_ASM -DECP_SM2P256_ASM -DKECCAK1600_ASM -DMD5_ASM -DOPENSSL_BN_ASM_MONT -DOPENSSL_CPUID_OBJ -DOPENSSL_SM3_ASM -DPOLY1305_ASM -DSHA1_ASM -DSHA256_ASM -DSHA512_ASM -DSM4_ASM -DVPAES_ASM -DVPSM4_ASM -fPIC -pthread -Wa,--noexecstack -Wall -O3 -DOPENSSL_USE_NODELETE -DOPENSSL_PIC -DOPENSSLDIR="\"/opt/ossl-static/ssl\"" -DENGINESDIR="\"/opt/ossl-static/lib/engines-3\"" -DMODULESDIR="\"/opt/ossl-static/lib/ossl-modules\"" -DOPENSSL_BUILDING_OPENSSL -DNDEBUG  -MMD -MF crypto/hmac/libcrypto-lib-hmac.d.tmp -MT crypto/hmac/libcrypto-lib-hmac.o -c -o crypto/hmac/libcrypto-lib-hmac.o crypto/hmac/hmac.c
gcc  -I. -Iinclude -Iproviders/common/include -Iproviders/implementations/include  -DBSAES_ASM -DECP_NISTZ256_ASM -DECP_SM2P256_ASM -DKECCAK1600_ASM -DMD5_ASM -DOPENSSL_BN_ASM_MONT -DOPENSSL_CPUID_OBJ -DOPENSSL_SM3_ASM -DPOLY1305_ASM -DSHA1_ASM -DSHA256_ASM -DSHA512_ASM -DSM4_ASM -DVPAES_ASM -DVPSM4_ASM -fPIC -pthread -Wa,--noexecstack -Wall -O3 -DOPENSSL_USE_NODELETE -DOPENSSL_PIC -DOPENSSLDIR="\"/opt/ossl-static/ssl\"" -DENGINESDIR="\"/opt/ossl-static/lib/engines-3\"" -DMODULESDIR="\"/opt/ossl-static/lib/ossl-modules\"" -DOPENSSL_BUILDING_OPENSSL -DNDEBUG  -MMD -MF crypto/hpke/libcrypto-lib-hpke.d.tmp -MT crypto/hpke/libcrypto-lib-hpke.o -c -o crypto/hpke/libcrypto-lib-hpke.o crypto/hpke/hpke.c
gcc  -I. -Iinclude -Iproviders/common/include -Iproviders/implementations/include  -DBSAES_ASM -DECP_NISTZ256_ASM -DECP_SM2P256_ASM -DKECCAK1600_ASM -DMD5_ASM -DOPENSSL_BN_ASM_MONT -DOPENSSL_CPUID_OBJ -DOPENSSL_SM3_ASM -DPOLY1305_ASM -DSHA1_ASM -DSHA256_ASM -DSHA512_ASM -DSM4_ASM -DVPAES_ASM -DVPSM4_ASM -fPIC -pthread -Wa,--noexecstack -Wall -O3 -DOPENSSL_USE_NODELETE -DOPENSSL_PIC -DOPENSSLDIR="\"/opt/ossl-static/ssl\"" -DENGINESDIR="\"/opt/ossl-static/lib/engines-3\"" -DMODULESDIR="\"/opt/ossl-static/lib/ossl-modules\"" -DOPENSSL_BUILDING_OPENSSL -DNDEBUG  -MMD -MF crypto/hpke/libcrypto-lib-hpke_util.d.tmp -MT crypto/hpke/libcrypto-lib-hpke_util.o -c -o crypto/hpke/libcrypto-lib-hpke_util.o crypto/hpke/hpke_util.c
gcc  -I. -Iinclude -Iproviders/common/include -Iproviders/implementations/include  -DBSAES_ASM -DECP_NISTZ256_ASM -DECP_SM2P256_ASM -DKECCAK1600_ASM -DMD5_ASM -DOPENSSL_BN_ASM_MONT -DOPENSSL_CPUID_OBJ -DOPENSSL_SM3_ASM -DPOLY1305_ASM -DSHA1_ASM -DSHA256_ASM -DSHA512_ASM -DSM4_ASM -DVPAES_ASM -DVPSM4_ASM -fPIC -pthread -Wa,--noexecstack -Wall -O3 -DOPENSSL_USE_NODELETE -DOPENSSL_PIC -DOPENSSLDIR="\"/opt/ossl-static/ssl\"" -DENGINESDIR="\"/opt/ossl-static/lib/engines-3\"" -DMODULESDIR="\"/opt/ossl-static/lib/ossl-modules\"" -DOPENSSL_BUILDING_OPENSSL -DNDEBUG  -MMD -MF crypto/http/libcrypto-lib-http_client.d.tmp -MT crypto/http/libcrypto-lib-http_client.o -c -o crypto/http/libcrypto-lib-http_client.o crypto/http/http_client.c
gcc  -I. -Iinclude -Iproviders/common/include -Iproviders/implementations/include  -DBSAES_ASM -DECP_NISTZ256_ASM -DECP_SM2P256_ASM -DKECCAK1600_ASM -DMD5_ASM -DOPENSSL_BN_ASM_MONT -DOPENSSL_CPUID_OBJ -DOPENSSL_SM3_ASM -DPOLY1305_ASM -DSHA1_ASM -DSHA256_ASM -DSHA512_ASM -DSM4_ASM -DVPAES_ASM -DVPSM4_ASM -fPIC -pthread -Wa,--noexecstack -Wall -O3 -DOPENSSL_USE_NODELETE -DOPENSSL_PIC -DOPENSSLDIR="\"/opt/ossl-static/ssl\"" -DENGINESDIR="\"/opt/ossl-static/lib/engines-3\"" -DMODULESDIR="\"/opt/ossl-static/lib/ossl-modules\"" -DOPENSSL_BUILDING_OPENSSL -DNDEBUG  -MMD -MF crypto/http/libcrypto-lib-http_err.d.tmp -MT crypto/http/libcrypto-lib-http_err.o -c -o crypto/http/libcrypto-lib-http_err.o crypto/http/http_err.c
gcc  -I. -Iinclude -Iproviders/common/include -Iproviders/implementations/include  -DBSAES_ASM -DECP_NISTZ256_ASM -DECP_SM2P256_ASM -DKECCAK1600_ASM -DMD5_ASM -DOPENSSL_BN_ASM_MONT -DOPENSSL_CPUID_OBJ -DOPENSSL_SM3_ASM -DPOLY1305_ASM -DSHA1_ASM -DSHA256_ASM -DSHA512_ASM -DSM4_ASM -DVPAES_ASM -DVPSM4_ASM -fPIC -pthread -Wa,--noexecstack -Wall -O3 -DOPENSSL_USE_NODELETE -DOPENSSL_PIC -DOPENSSLDIR="\"/opt/ossl-static/ssl\"" -DENGINESDIR="\"/opt/ossl-static/lib/engines-3\"" -DMODULESDIR="\"/opt/ossl-static/lib/ossl-modules\"" -DOPENSSL_BUILDING_OPENSSL -DNDEBUG  -MMD -MF crypto/http/libcrypto-lib-http_lib.d.tmp -MT crypto/http/libcrypto-lib-http_lib.o -c -o crypto/http/libcrypto-lib-http_lib.o crypto/http/http_lib.c
gcc  -I. -Iinclude -Iproviders/common/include -Iproviders/implementations/include  -DBSAES_ASM -DECP_NISTZ256_ASM -DECP_SM2P256_ASM -DKECCAK1600_ASM -DMD5_ASM -DOPENSSL_BN_ASM_MONT -DOPENSSL_CPUID_OBJ -DOPENSSL_SM3_ASM -DPOLY1305_ASM -DSHA1_ASM -DSHA256_ASM -DSHA512_ASM -DSM4_ASM -DVPAES_ASM -DVPSM4_ASM -fPIC -pthread -Wa,--noexecstack -Wall -O3 -DOPENSSL_USE_NODELETE -DOPENSSL_PIC -DOPENSSLDIR="\"/opt/ossl-static/ssl\"" -DENGINESDIR="\"/opt/ossl-static/lib/engines-3\"" -DMODULESDIR="\"/opt/ossl-static/lib/ossl-modules\"" -DOPENSSL_BUILDING_OPENSSL -DNDEBUG  -MMD -MF crypto/idea/libcrypto-lib-i_cbc.d.tmp -MT crypto/idea/libcrypto-lib-i_cbc.o -c -o crypto/idea/libcrypto-lib-i_cbc.o crypto/idea/i_cbc.c
gcc  -I. -Iinclude -Iproviders/common/include -Iproviders/implementations/include  -DBSAES_ASM -DECP_NISTZ256_ASM -DECP_SM2P256_ASM -DKECCAK1600_ASM -DMD5_ASM -DOPENSSL_BN_ASM_MONT -DOPENSSL_CPUID_OBJ -DOPENSSL_SM3_ASM -DPOLY1305_ASM -DSHA1_ASM -DSHA256_ASM -DSHA512_ASM -DSM4_ASM -DVPAES_ASM -DVPSM4_ASM -fPIC -pthread -Wa,--noexecstack -Wall -O3 -DOPENSSL_USE_NODELETE -DOPENSSL_PIC -DOPENSSLDIR="\"/opt/ossl-static/ssl\"" -DENGINESDIR="\"/opt/ossl-static/lib/engines-3\"" -DMODULESDIR="\"/opt/ossl-static/lib/ossl-modules\"" -DOPENSSL_BUILDING_OPENSSL -DNDEBUG  -MMD -MF crypto/idea/libcrypto-lib-i_cfb64.d.tmp -MT crypto/idea/libcrypto-lib-i_cfb64.o -c -o crypto/idea/libcrypto-lib-i_cfb64.o crypto/idea/i_cfb64.c
gcc  -I. -Iinclude -Iproviders/common/include -Iproviders/implementations/include  -DBSAES_ASM -DECP_NISTZ256_ASM -DECP_SM2P256_ASM -DKECCAK1600_ASM -DMD5_ASM -DOPENSSL_BN_ASM_MONT -DOPENSSL_CPUID_OBJ -DOPENSSL_SM3_ASM -DPOLY1305_ASM -DSHA1_ASM -DSHA256_ASM -DSHA512_ASM -DSM4_ASM -DVPAES_ASM -DVPSM4_ASM -fPIC -pthread -Wa,--noexecstack -Wall -O3 -DOPENSSL_USE_NODELETE -DOPENSSL_PIC -DOPENSSLDIR="\"/opt/ossl-static/ssl\"" -DENGINESDIR="\"/opt/ossl-static/lib/engines-3\"" -DMODULESDIR="\"/opt/ossl-static/lib/ossl-modules\"" -DOPENSSL_BUILDING_OPENSSL -DNDEBUG  -MMD -MF crypto/idea/libcrypto-lib-i_ecb.d.tmp -MT crypto/idea/libcrypto-lib-i_ecb.o -c -o crypto/idea/libcrypto-lib-i_ecb.o crypto/idea/i_ecb.c
gcc  -I. -Iinclude -Iproviders/common/include -Iproviders/implementations/include  -DBSAES_ASM -DECP_NISTZ256_ASM -DECP_SM2P256_ASM -DKECCAK1600_ASM -DMD5_ASM -DOPENSSL_BN_ASM_MONT -DOPENSSL_CPUID_OBJ -DOPENSSL_SM3_ASM -DPOLY1305_ASM -DSHA1_ASM -DSHA256_ASM -DSHA512_ASM -DSM4_ASM -DVPAES_ASM -DVPSM4_ASM -fPIC -pthread -Wa,--noexecstack -Wall -O3 -DOPENSSL_USE_NODELETE -DOPENSSL_PIC -DOPENSSLDIR="\"/opt/ossl-static/ssl\"" -DENGINESDIR="\"/opt/ossl-static/lib/engines-3\"" -DMODULESDIR="\"/opt/ossl-static/lib/ossl-modules\"" -DOPENSSL_BUILDING_OPENSSL -DNDEBUG  -MMD -MF crypto/idea/libcrypto-lib-i_ofb64.d.tmp -MT crypto/idea/libcrypto-lib-i_ofb64.o -c -o crypto/idea/libcrypto-lib-i_ofb64.o crypto/idea/i_ofb64.c
gcc  -I. -Iinclude -Iproviders/common/include -Iproviders/implementations/include  -DBSAES_ASM -DECP_NISTZ256_ASM -DECP_SM2P256_ASM -DKECCAK1600_ASM -DMD5_ASM -DOPENSSL_BN_ASM_MONT -DOPENSSL_CPUID_OBJ -DOPENSSL_SM3_ASM -DPOLY1305_ASM -DSHA1_ASM -DSHA256_ASM -DSHA512_ASM -DSM4_ASM -DVPAES_ASM -DVPSM4_ASM -fPIC -pthread -Wa,--noexecstack -Wall -O3 -DOPENSSL_USE_NODELETE -DOPENSSL_PIC -DOPENSSLDIR="\"/opt/ossl-static/ssl\"" -DENGINESDIR="\"/opt/ossl-static/lib/engines-3\"" -DMODULESDIR="\"/opt/ossl-static/lib/ossl-modules\"" -DOPENSSL_BUILDING_OPENSSL -DNDEBUG  -MMD -MF crypto/idea/libcrypto-lib-i_skey.d.tmp -MT crypto/idea/libcrypto-lib-i_skey.o -c -o crypto/idea/libcrypto-lib-i_skey.o crypto/idea/i_skey.c
gcc  -I. -Iinclude -Iproviders/common/include -Iproviders/implementations/include  -DBSAES_ASM -DECP_NISTZ256_ASM -DECP_SM2P256_ASM -DKECCAK1600_ASM -DMD5_ASM -DOPENSSL_BN_ASM_MONT -DOPENSSL_CPUID_OBJ -DOPENSSL_SM3_ASM -DPOLY1305_ASM -DSHA1_ASM -DSHA256_ASM -DSHA512_ASM -DSM4_ASM -DVPAES_ASM -DVPSM4_ASM -fPIC -pthread -Wa,--noexecstack -Wall -O3 -DOPENSSL_USE_NODELETE -DOPENSSL_PIC -DOPENSSLDIR="\"/opt/ossl-static/ssl\"" -DENGINESDIR="\"/opt/ossl-static/lib/engines-3\"" -DMODULESDIR="\"/opt/ossl-static/lib/ossl-modules\"" -DOPENSSL_BUILDING_OPENSSL -DNDEBUG  -MMD -MF crypto/kdf/libcrypto-lib-kdf_err.d.tmp -MT crypto/kdf/libcrypto-lib-kdf_err.o -c -o crypto/kdf/libcrypto-lib-kdf_err.o crypto/kdf/kdf_err.c
gcc  -I. -Iinclude -Iproviders/common/include -Iproviders/implementations/include  -DBSAES_ASM -DECP_NISTZ256_ASM -DECP_SM2P256_ASM -DKECCAK1600_ASM -DMD5_ASM -DOPENSSL_BN_ASM_MONT -DOPENSSL_CPUID_OBJ -DOPENSSL_SM3_ASM -DPOLY1305_ASM -DSHA1_ASM -DSHA256_ASM -DSHA512_ASM -DSM4_ASM -DVPAES_ASM -DVPSM4_ASM -fPIC -pthread -Wa,--noexecstack -Wall -O3 -DOPENSSL_USE_NODELETE -DOPENSSL_PIC -DOPENSSLDIR="\"/opt/ossl-static/ssl\"" -DENGINESDIR="\"/opt/ossl-static/lib/engines-3\"" -DMODULESDIR="\"/opt/ossl-static/lib/ossl-modules\"" -DOPENSSL_BUILDING_OPENSSL -DNDEBUG  -MMD -MF crypto/lhash/libcrypto-lib-lh_stats.d.tmp -MT crypto/lhash/libcrypto-lib-lh_stats.o -c -o crypto/lhash/libcrypto-lib-lh_stats.o crypto/lhash/lh_stats.c
gcc  -I. -Iinclude -Iproviders/common/include -Iproviders/implementations/include  -DBSAES_ASM -DECP_NISTZ256_ASM -DECP_SM2P256_ASM -DKECCAK1600_ASM -DMD5_ASM -DOPENSSL_BN_ASM_MONT -DOPENSSL_CPUID_OBJ -DOPENSSL_SM3_ASM -DPOLY1305_ASM -DSHA1_ASM -DSHA256_ASM -DSHA512_ASM -DSM4_ASM -DVPAES_ASM -DVPSM4_ASM -fPIC -pthread -Wa,--noexecstack -Wall -O3 -DOPENSSL_USE_NODELETE -DOPENSSL_PIC -DOPENSSLDIR="\"/opt/ossl-static/ssl\"" -DENGINESDIR="\"/opt/ossl-static/lib/engines-3\"" -DMODULESDIR="\"/opt/ossl-static/lib/ossl-modules\"" -DOPENSSL_BUILDING_OPENSSL -DNDEBUG  -MMD -MF crypto/lhash/libcrypto-lib-lhash.d.tmp -MT crypto/lhash/libcrypto-lib-lhash.o -c -o crypto/lhash/libcrypto-lib-lhash.o crypto/lhash/lhash.c
CC="gcc" perl crypto/arm64cpuid.pl "linux64" -Icrypto -I. -Iinclude -Iproviders/common/include -Iproviders/implementations/include -fPIC -pthread -Wa,--noexecstack -Wall -O3 -DOPENSSL_USE_NODELETE -DOPENSSL_PIC -DOPENSSLDIR="\"/opt/ossl-static/ssl\"" -DENGINESDIR="\"/opt/ossl-static/lib/engines-3\"" -DMODULESDIR="\"/opt/ossl-static/lib/ossl-modules\"" -DOPENSSL_BUILDING_OPENSSL -DNDEBUG  -DBSAES_ASM -DECP_NISTZ256_ASM -DECP_SM2P256_ASM -DKECCAK1600_ASM -DMD5_ASM -DOPENSSL_BN_ASM_MONT -DOPENSSL_CPUID_OBJ -DOPENSSL_SM3_ASM -DPOLY1305_ASM -DSHA1_ASM -DSHA256_ASM -DSHA512_ASM -DSM4_ASM -DVPAES_ASM -DVPSM4_ASM  crypto/arm64cpuid.S
gcc  -I. -Iinclude -Iproviders/common/include -Iproviders/implementations/include  -DBSAES_ASM -DECP_NISTZ256_ASM -DECP_SM2P256_ASM -DKECCAK1600_ASM -DMD5_ASM -DOPENSSL_BN_ASM_MONT -DOPENSSL_CPUID_OBJ -DOPENSSL_SM3_ASM -DPOLY1305_ASM -DSHA1_ASM -DSHA256_ASM -DSHA512_ASM -DSM4_ASM -DVPAES_ASM -DVPSM4_ASM -fPIC -pthread -Wa,--noexecstack -Wall -O3 -DOPENSSL_USE_NODELETE -DOPENSSL_PIC -DOPENSSLDIR="\"/opt/ossl-static/ssl\"" -DENGINESDIR="\"/opt/ossl-static/lib/engines-3\"" -DMODULESDIR="\"/opt/ossl-static/lib/ossl-modules\"" -DOPENSSL_BUILDING_OPENSSL -DNDEBUG  -MMD -MF crypto/libcrypto-lib-armcap.d.tmp -MT crypto/libcrypto-lib-armcap.o -c -o crypto/libcrypto-lib-armcap.o crypto/armcap.c
gcc  -I. -Iinclude -Iproviders/common/include -Iproviders/implementations/include  -DBSAES_ASM -DECP_NISTZ256_ASM -DECP_SM2P256_ASM -DKECCAK1600_ASM -DMD5_ASM -DOPENSSL_BN_ASM_MONT -DOPENSSL_CPUID_OBJ -DOPENSSL_SM3_ASM -DPOLY1305_ASM -DSHA1_ASM -DSHA256_ASM -DSHA512_ASM -DSM4_ASM -DVPAES_ASM -DVPSM4_ASM -fPIC -pthread -Wa,--noexecstack -Wall -O3 -DOPENSSL_USE_NODELETE -DOPENSSL_PIC -DOPENSSLDIR="\"/opt/ossl-static/ssl\"" -DENGINESDIR="\"/opt/ossl-static/lib/engines-3\"" -DMODULESDIR="\"/opt/ossl-static/lib/ossl-modules\"" -DOPENSSL_BUILDING_OPENSSL -DNDEBUG  -MMD -MF crypto/libcrypto-lib-asn1_dsa.d.tmp -MT crypto/libcrypto-lib-asn1_dsa.o -c -o crypto/libcrypto-lib-asn1_dsa.o crypto/asn1_dsa.c
gcc  -I. -Iinclude -Iproviders/common/include -Iproviders/implementations/include  -DBSAES_ASM -DECP_NISTZ256_ASM -DECP_SM2P256_ASM -DKECCAK1600_ASM -DMD5_ASM -DOPENSSL_BN_ASM_MONT -DOPENSSL_CPUID_OBJ -DOPENSSL_SM3_ASM -DPOLY1305_ASM -DSHA1_ASM -DSHA256_ASM -DSHA512_ASM -DSM4_ASM -DVPAES_ASM -DVPSM4_ASM -fPIC -pthread -Wa,--noexecstack -Wall -O3 -DOPENSSL_USE_NODELETE -DOPENSSL_PIC -DOPENSSLDIR="\"/opt/ossl-static/ssl\"" -DENGINESDIR="\"/opt/ossl-static/lib/engines-3\"" -DMODULESDIR="\"/opt/ossl-static/lib/ossl-modules\"" -DOPENSSL_BUILDING_OPENSSL -DNDEBUG  -MMD -MF crypto/libcrypto-lib-bsearch.d.tmp -MT crypto/libcrypto-lib-bsearch.o -c -o crypto/libcrypto-lib-bsearch.o crypto/bsearch.c
gcc  -I. -Iinclude -Iproviders/common/include -Iproviders/implementations/include  -DBSAES_ASM -DECP_NISTZ256_ASM -DECP_SM2P256_ASM -DKECCAK1600_ASM -DMD5_ASM -DOPENSSL_BN_ASM_MONT -DOPENSSL_CPUID_OBJ -DOPENSSL_SM3_ASM -DPOLY1305_ASM -DSHA1_ASM -DSHA256_ASM -DSHA512_ASM -DSM4_ASM -DVPAES_ASM -DVPSM4_ASM -fPIC -pthread -Wa,--noexecstack -Wall -O3 -DOPENSSL_USE_NODELETE -DOPENSSL_PIC -DOPENSSLDIR="\"/opt/ossl-static/ssl\"" -DENGINESDIR="\"/opt/ossl-static/lib/engines-3\"" -DMODULESDIR="\"/opt/ossl-static/lib/ossl-modules\"" -DOPENSSL_BUILDING_OPENSSL -DNDEBUG  -MMD -MF crypto/libcrypto-lib-context.d.tmp -MT crypto/libcrypto-lib-context.o -c -o crypto/libcrypto-lib-context.o crypto/context.c
gcc  -I. -Iinclude -Iproviders/common/include -Iproviders/implementations/include  -DBSAES_ASM -DECP_NISTZ256_ASM -DECP_SM2P256_ASM -DKECCAK1600_ASM -DMD5_ASM -DOPENSSL_BN_ASM_MONT -DOPENSSL_CPUID_OBJ -DOPENSSL_SM3_ASM -DPOLY1305_ASM -DSHA1_ASM -DSHA256_ASM -DSHA512_ASM -DSM4_ASM -DVPAES_ASM -DVPSM4_ASM -fPIC -pthread -Wa,--noexecstack -Wall -O3 -DOPENSSL_USE_NODELETE -DOPENSSL_PIC -DOPENSSLDIR="\"/opt/ossl-static/ssl\"" -DENGINESDIR="\"/opt/ossl-static/lib/engines-3\"" -DMODULESDIR="\"/opt/ossl-static/lib/ossl-modules\"" -DOPENSSL_BUILDING_OPENSSL -DNDEBUG  -MMD -MF crypto/libcrypto-lib-core_algorithm.d.tmp -MT crypto/libcrypto-lib-core_algorithm.o -c -o crypto/libcrypto-lib-core_algorithm.o crypto/core_algorithm.c
gcc  -I. -Iinclude -Iproviders/common/include -Iproviders/implementations/include  -DBSAES_ASM -DECP_NISTZ256_ASM -DECP_SM2P256_ASM -DKECCAK1600_ASM -DMD5_ASM -DOPENSSL_BN_ASM_MONT -DOPENSSL_CPUID_OBJ -DOPENSSL_SM3_ASM -DPOLY1305_ASM -DSHA1_ASM -DSHA256_ASM -DSHA512_ASM -DSM4_ASM -DVPAES_ASM -DVPSM4_ASM -fPIC -pthread -Wa,--noexecstack -Wall -O3 -DOPENSSL_USE_NODELETE -DOPENSSL_PIC -DOPENSSLDIR="\"/opt/ossl-static/ssl\"" -DENGINESDIR="\"/opt/ossl-static/lib/engines-3\"" -DMODULESDIR="\"/opt/ossl-static/lib/ossl-modules\"" -DOPENSSL_BUILDING_OPENSSL -DNDEBUG  -MMD -MF crypto/libcrypto-lib-core_fetch.d.tmp -MT crypto/libcrypto-lib-core_fetch.o -c -o crypto/libcrypto-lib-core_fetch.o crypto/core_fetch.c
gcc  -I. -Iinclude -Iproviders/common/include -Iproviders/implementations/include  -DBSAES_ASM -DECP_NISTZ256_ASM -DECP_SM2P256_ASM -DKECCAK1600_ASM -DMD5_ASM -DOPENSSL_BN_ASM_MONT -DOPENSSL_CPUID_OBJ -DOPENSSL_SM3_ASM -DPOLY1305_ASM -DSHA1_ASM -DSHA256_ASM -DSHA512_ASM -DSM4_ASM -DVPAES_ASM -DVPSM4_ASM -fPIC -pthread -Wa,--noexecstack -Wall -O3 -DOPENSSL_USE_NODELETE -DOPENSSL_PIC -DOPENSSLDIR="\"/opt/ossl-static/ssl\"" -DENGINESDIR="\"/opt/ossl-static/lib/engines-3\"" -DMODULESDIR="\"/opt/ossl-static/lib/ossl-modules\"" -DOPENSSL_BUILDING_OPENSSL -DNDEBUG  -MMD -MF crypto/libcrypto-lib-core_namemap.d.tmp -MT crypto/libcrypto-lib-core_namemap.o -c -o crypto/libcrypto-lib-core_namemap.o crypto/core_namemap.c
gcc  -I. -Iinclude -Iproviders/common/include -Iproviders/implementations/include  -DBSAES_ASM -DECP_NISTZ256_ASM -DECP_SM2P256_ASM -DKECCAK1600_ASM -DMD5_ASM -DOPENSSL_BN_ASM_MONT -DOPENSSL_CPUID_OBJ -DOPENSSL_SM3_ASM -DPOLY1305_ASM -DSHA1_ASM -DSHA256_ASM -DSHA512_ASM -DSM4_ASM -DVPAES_ASM -DVPSM4_ASM -fPIC -pthread -Wa,--noexecstack -Wall -O3 -DOPENSSL_USE_NODELETE -DOPENSSL_PIC -DOPENSSLDIR="\"/opt/ossl-static/ssl\"" -DENGINESDIR="\"/opt/ossl-static/lib/engines-3\"" -DMODULESDIR="\"/opt/ossl-static/lib/ossl-modules\"" -DOPENSSL_BUILDING_OPENSSL -DNDEBUG  -MMD -MF crypto/libcrypto-lib-cpt_err.d.tmp -MT crypto/libcrypto-lib-cpt_err.o -c -o crypto/libcrypto-lib-cpt_err.o crypto/cpt_err.c
gcc  -I. -I. -Iinclude -Iproviders/common/include -Iproviders/implementations/include  -DBSAES_ASM -DECP_NISTZ256_ASM -DECP_SM2P256_ASM -DKECCAK1600_ASM -DMD5_ASM -DOPENSSL_BN_ASM_MONT -DOPENSSL_CPUID_OBJ -DOPENSSL_SM3_ASM -DPOLY1305_ASM -DSHA1_ASM -DSHA256_ASM -DSHA512_ASM -DSM4_ASM -DVPAES_ASM -DVPSM4_ASM -fPIC -pthread -Wa,--noexecstack -Wall -O3 -DOPENSSL_USE_NODELETE -DOPENSSL_PIC -DOPENSSLDIR="\"/opt/ossl-static/ssl\"" -DENGINESDIR="\"/opt/ossl-static/lib/engines-3\"" -DMODULESDIR="\"/opt/ossl-static/lib/ossl-modules\"" -DOPENSSL_BUILDING_OPENSSL -DNDEBUG  -MMD -MF crypto/libcrypto-lib-cpuid.d.tmp -MT crypto/libcrypto-lib-cpuid.o -c -o crypto/libcrypto-lib-cpuid.o crypto/cpuid.c
gcc  -I. -Iinclude -Iproviders/common/include -Iproviders/implementations/include  -DBSAES_ASM -DECP_NISTZ256_ASM -DECP_SM2P256_ASM -DKECCAK1600_ASM -DMD5_ASM -DOPENSSL_BN_ASM_MONT -DOPENSSL_CPUID_OBJ -DOPENSSL_SM3_ASM -DPOLY1305_ASM -DSHA1_ASM -DSHA256_ASM -DSHA512_ASM -DSM4_ASM -DVPAES_ASM -DVPSM4_ASM -fPIC -pthread -Wa,--noexecstack -Wall -O3 -DOPENSSL_USE_NODELETE -DOPENSSL_PIC -DOPENSSLDIR="\"/opt/ossl-static/ssl\"" -DENGINESDIR="\"/opt/ossl-static/lib/engines-3\"" -DMODULESDIR="\"/opt/ossl-static/lib/ossl-modules\"" -DOPENSSL_BUILDING_OPENSSL -DNDEBUG  -MMD -MF crypto/libcrypto-lib-cryptlib.d.tmp -MT crypto/libcrypto-lib-cryptlib.o -c -o crypto/libcrypto-lib-cryptlib.o crypto/cryptlib.c
gcc  -I. -Iinclude -Iproviders/common/include -Iproviders/implementations/include  -DBSAES_ASM -DECP_NISTZ256_ASM -DECP_SM2P256_ASM -DKECCAK1600_ASM -DMD5_ASM -DOPENSSL_BN_ASM_MONT -DOPENSSL_CPUID_OBJ -DOPENSSL_SM3_ASM -DPOLY1305_ASM -DSHA1_ASM -DSHA256_ASM -DSHA512_ASM -DSM4_ASM -DVPAES_ASM -DVPSM4_ASM -fPIC -pthread -Wa,--noexecstack -Wall -O3 -DOPENSSL_USE_NODELETE -DOPENSSL_PIC -DOPENSSLDIR="\"/opt/ossl-static/ssl\"" -DENGINESDIR="\"/opt/ossl-static/lib/engines-3\"" -DMODULESDIR="\"/opt/ossl-static/lib/ossl-modules\"" -DOPENSSL_BUILDING_OPENSSL -DNDEBUG  -MMD -MF crypto/libcrypto-lib-ctype.d.tmp -MT crypto/libcrypto-lib-ctype.o -c -o crypto/libcrypto-lib-ctype.o crypto/ctype.c
perl util/mkbuildinf.pl "gcc -fPIC -pthread -Wa,--noexecstack -Wall -O3 -DOPENSSL_USE_NODELETE -DOPENSSL_PIC -DOPENSSL_BUILDING_OPENSSL -DNDEBUG" "linux-aarch64" > crypto/buildinf.h
gcc  -I. -Iinclude -Iproviders/common/include -Iproviders/implementations/include  -DBSAES_ASM -DECP_NISTZ256_ASM -DECP_SM2P256_ASM -DKECCAK1600_ASM -DMD5_ASM -DOPENSSL_BN_ASM_MONT -DOPENSSL_CPUID_OBJ -DOPENSSL_SM3_ASM -DPOLY1305_ASM -DSHA1_ASM -DSHA256_ASM -DSHA512_ASM -DSM4_ASM -DVPAES_ASM -DVPSM4_ASM -fPIC -pthread -Wa,--noexecstack -Wall -O3 -DOPENSSL_USE_NODELETE -DOPENSSL_PIC -DOPENSSLDIR="\"/opt/ossl-static/ssl\"" -DENGINESDIR="\"/opt/ossl-static/lib/engines-3\"" -DMODULESDIR="\"/opt/ossl-static/lib/ossl-modules\"" -DOPENSSL_BUILDING_OPENSSL -DNDEBUG  -MMD -MF crypto/libcrypto-lib-der_writer.d.tmp -MT crypto/libcrypto-lib-der_writer.o -c -o crypto/libcrypto-lib-der_writer.o crypto/der_writer.c
gcc  -I. -Iinclude -Iproviders/common/include -Iproviders/implementations/include  -DBSAES_ASM -DECP_NISTZ256_ASM -DECP_SM2P256_ASM -DKECCAK1600_ASM -DMD5_ASM -DOPENSSL_BN_ASM_MONT -DOPENSSL_CPUID_OBJ -DOPENSSL_SM3_ASM -DPOLY1305_ASM -DSHA1_ASM -DSHA256_ASM -DSHA512_ASM -DSM4_ASM -DVPAES_ASM -DVPSM4_ASM -fPIC -pthread -Wa,--noexecstack -Wall -O3 -DOPENSSL_USE_NODELETE -DOPENSSL_PIC -DOPENSSLDIR="\"/opt/ossl-static/ssl\"" -DENGINESDIR="\"/opt/ossl-static/lib/engines-3\"" -DMODULESDIR="\"/opt/ossl-static/lib/ossl-modules\"" -DOPENSSL_BUILDING_OPENSSL -DNDEBUG  -MMD -MF crypto/libcrypto-lib-deterministic_nonce.d.tmp -MT crypto/libcrypto-lib-deterministic_nonce.o -c -o crypto/libcrypto-lib-deterministic_nonce.o crypto/deterministic_nonce.c
gcc  -I. -Iinclude -Iproviders/common/include -Iproviders/implementations/include  -DBSAES_ASM -DECP_NISTZ256_ASM -DECP_SM2P256_ASM -DKECCAK1600_ASM -DMD5_ASM -DOPENSSL_BN_ASM_MONT -DOPENSSL_CPUID_OBJ -DOPENSSL_SM3_ASM -DPOLY1305_ASM -DSHA1_ASM -DSHA256_ASM -DSHA512_ASM -DSM4_ASM -DVPAES_ASM -DVPSM4_ASM -fPIC -pthread -Wa,--noexecstack -Wall -O3 -DOPENSSL_USE_NODELETE -DOPENSSL_PIC -DOPENSSLDIR="\"/opt/ossl-static/ssl\"" -DENGINESDIR="\"/opt/ossl-static/lib/engines-3\"" -DMODULESDIR="\"/opt/ossl-static/lib/ossl-modules\"" -DOPENSSL_BUILDING_OPENSSL -DNDEBUG  -MMD -MF crypto/libcrypto-lib-ebcdic.d.tmp -MT crypto/libcrypto-lib-ebcdic.o -c -o crypto/libcrypto-lib-ebcdic.o crypto/ebcdic.c
gcc  -I. -Iinclude -Iproviders/common/include -Iproviders/implementations/include  -DBSAES_ASM -DECP_NISTZ256_ASM -DECP_SM2P256_ASM -DKECCAK1600_ASM -DMD5_ASM -DOPENSSL_BN_ASM_MONT -DOPENSSL_CPUID_OBJ -DOPENSSL_SM3_ASM -DPOLY1305_ASM -DSHA1_ASM -DSHA256_ASM -DSHA512_ASM -DSM4_ASM -DVPAES_ASM -DVPSM4_ASM -fPIC -pthread -Wa,--noexecstack -Wall -O3 -DOPENSSL_USE_NODELETE -DOPENSSL_PIC -DOPENSSLDIR="\"/opt/ossl-static/ssl\"" -DENGINESDIR="\"/opt/ossl-static/lib/engines-3\"" -DMODULESDIR="\"/opt/ossl-static/lib/ossl-modules\"" -DOPENSSL_BUILDING_OPENSSL -DNDEBUG  -MMD -MF crypto/libcrypto-lib-ex_data.d.tmp -MT crypto/libcrypto-lib-ex_data.o -c -o crypto/libcrypto-lib-ex_data.o crypto/ex_data.c
gcc  -I. -Iinclude -Iproviders/common/include -Iproviders/implementations/include  -DBSAES_ASM -DECP_NISTZ256_ASM -DECP_SM2P256_ASM -DKECCAK1600_ASM -DMD5_ASM -DOPENSSL_BN_ASM_MONT -DOPENSSL_CPUID_OBJ -DOPENSSL_SM3_ASM -DPOLY1305_ASM -DSHA1_ASM -DSHA256_ASM -DSHA512_ASM -DSM4_ASM -DVPAES_ASM -DVPSM4_ASM -fPIC -pthread -Wa,--noexecstack -Wall -O3 -DOPENSSL_USE_NODELETE -DOPENSSL_PIC -DOPENSSLDIR="\"/opt/ossl-static/ssl\"" -DENGINESDIR="\"/opt/ossl-static/lib/engines-3\"" -DMODULESDIR="\"/opt/ossl-static/lib/ossl-modules\"" -DOPENSSL_BUILDING_OPENSSL -DNDEBUG  -MMD -MF crypto/libcrypto-lib-getenv.d.tmp -MT crypto/libcrypto-lib-getenv.o -c -o crypto/libcrypto-lib-getenv.o crypto/getenv.c
gcc  -Icrypto -I. -Iinclude -Iproviders/common/include -Iproviders/implementations/include  -DBSAES_ASM -DECP_NISTZ256_ASM -DECP_SM2P256_ASM -DKECCAK1600_ASM -DMD5_ASM -DOPENSSL_BN_ASM_MONT -DOPENSSL_CPUID_OBJ -DOPENSSL_SM3_ASM -DPOLY1305_ASM -DSHA1_ASM -DSHA256_ASM -DSHA512_ASM -DSM4_ASM -DVPAES_ASM -DVPSM4_ASM -fPIC -pthread -Wa,--noexecstack -Wall -O3 -DOPENSSL_USE_NODELETE -DOPENSSL_PIC -DOPENSSLDIR="\"/opt/ossl-static/ssl\"" -DENGINESDIR="\"/opt/ossl-static/lib/engines-3\"" -DMODULESDIR="\"/opt/ossl-static/lib/ossl-modules\"" -DOPENSSL_BUILDING_OPENSSL -DNDEBUG  -MMD -MF crypto/libcrypto-lib-info.d.tmp -MT crypto/libcrypto-lib-info.o -c -o crypto/libcrypto-lib-info.o crypto/info.c
gcc  -I. -Iinclude -Iproviders/common/include -Iproviders/implementations/include  -DBSAES_ASM -DECP_NISTZ256_ASM -DECP_SM2P256_ASM -DKECCAK1600_ASM -DMD5_ASM -DOPENSSL_BN_ASM_MONT -DOPENSSL_CPUID_OBJ -DOPENSSL_SM3_ASM -DPOLY1305_ASM -DSHA1_ASM -DSHA256_ASM -DSHA512_ASM -DSM4_ASM -DVPAES_ASM -DVPSM4_ASM -fPIC -pthread -Wa,--noexecstack -Wall -O3 -DOPENSSL_USE_NODELETE -DOPENSSL_PIC -DOPENSSLDIR="\"/opt/ossl-static/ssl\"" -DENGINESDIR="\"/opt/ossl-static/lib/engines-3\"" -DMODULESDIR="\"/opt/ossl-static/lib/ossl-modules\"" -DOPENSSL_BUILDING_OPENSSL -DNDEBUG  -MMD -MF crypto/libcrypto-lib-init.d.tmp -MT crypto/libcrypto-lib-init.o -c -o crypto/libcrypto-lib-init.o crypto/init.c
gcc  -I. -Iinclude -Iproviders/common/include -Iproviders/implementations/include  -DBSAES_ASM -DECP_NISTZ256_ASM -DECP_SM2P256_ASM -DKECCAK1600_ASM -DMD5_ASM -DOPENSSL_BN_ASM_MONT -DOPENSSL_CPUID_OBJ -DOPENSSL_SM3_ASM -DPOLY1305_ASM -DSHA1_ASM -DSHA256_ASM -DSHA512_ASM -DSM4_ASM -DVPAES_ASM -DVPSM4_ASM -fPIC -pthread -Wa,--noexecstack -Wall -O3 -DOPENSSL_USE_NODELETE -DOPENSSL_PIC -DOPENSSLDIR="\"/opt/ossl-static/ssl\"" -DENGINESDIR="\"/opt/ossl-static/lib/engines-3\"" -DMODULESDIR="\"/opt/ossl-static/lib/ossl-modules\"" -DOPENSSL_BUILDING_OPENSSL -DNDEBUG  -MMD -MF crypto/libcrypto-lib-initthread.d.tmp -MT crypto/libcrypto-lib-initthread.o -c -o crypto/libcrypto-lib-initthread.o crypto/initthread.c
gcc  -I. -Iinclude -Iproviders/common/include -Iproviders/implementations/include  -DBSAES_ASM -DECP_NISTZ256_ASM -DECP_SM2P256_ASM -DKECCAK1600_ASM -DMD5_ASM -DOPENSSL_BN_ASM_MONT -DOPENSSL_CPUID_OBJ -DOPENSSL_SM3_ASM -DPOLY1305_ASM -DSHA1_ASM -DSHA256_ASM -DSHA512_ASM -DSM4_ASM -DVPAES_ASM -DVPSM4_ASM -fPIC -pthread -Wa,--noexecstack -Wall -O3 -DOPENSSL_USE_NODELETE -DOPENSSL_PIC -DOPENSSLDIR="\"/opt/ossl-static/ssl\"" -DENGINESDIR="\"/opt/ossl-static/lib/engines-3\"" -DMODULESDIR="\"/opt/ossl-static/lib/ossl-modules\"" -DOPENSSL_BUILDING_OPENSSL -DNDEBUG  -MMD -MF crypto/libcrypto-lib-mem.d.tmp -MT crypto/libcrypto-lib-mem.o -c -o crypto/libcrypto-lib-mem.o crypto/mem.c
gcc  -I. -Iinclude -Iproviders/common/include -Iproviders/implementations/include  -DBSAES_ASM -DECP_NISTZ256_ASM -DECP_SM2P256_ASM -DKECCAK1600_ASM -DMD5_ASM -DOPENSSL_BN_ASM_MONT -DOPENSSL_CPUID_OBJ -DOPENSSL_SM3_ASM -DPOLY1305_ASM -DSHA1_ASM -DSHA256_ASM -DSHA512_ASM -DSM4_ASM -DVPAES_ASM -DVPSM4_ASM -fPIC -pthread -Wa,--noexecstack -Wall -O3 -DOPENSSL_USE_NODELETE -DOPENSSL_PIC -DOPENSSLDIR="\"/opt/ossl-static/ssl\"" -DENGINESDIR="\"/opt/ossl-static/lib/engines-3\"" -DMODULESDIR="\"/opt/ossl-static/lib/ossl-modules\"" -DOPENSSL_BUILDING_OPENSSL -DNDEBUG  -MMD -MF crypto/libcrypto-lib-mem_sec.d.tmp -MT crypto/libcrypto-lib-mem_sec.o -c -o crypto/libcrypto-lib-mem_sec.o crypto/mem_sec.c
gcc  -I. -Iinclude -Iproviders/common/include -Iproviders/implementations/include  -DBSAES_ASM -DECP_NISTZ256_ASM -DECP_SM2P256_ASM -DKECCAK1600_ASM -DMD5_ASM -DOPENSSL_BN_ASM_MONT -DOPENSSL_CPUID_OBJ -DOPENSSL_SM3_ASM -DPOLY1305_ASM -DSHA1_ASM -DSHA256_ASM -DSHA512_ASM -DSM4_ASM -DVPAES_ASM -DVPSM4_ASM -fPIC -pthread -Wa,--noexecstack -Wall -O3 -DOPENSSL_USE_NODELETE -DOPENSSL_PIC -DOPENSSLDIR="\"/opt/ossl-static/ssl\"" -DENGINESDIR="\"/opt/ossl-static/lib/engines-3\"" -DMODULESDIR="\"/opt/ossl-static/lib/ossl-modules\"" -DOPENSSL_BUILDING_OPENSSL -DNDEBUG  -MMD -MF crypto/libcrypto-lib-o_dir.d.tmp -MT crypto/libcrypto-lib-o_dir.o -c -o crypto/libcrypto-lib-o_dir.o crypto/o_dir.c
gcc  -I. -Iinclude -Iproviders/common/include -Iproviders/implementations/include  -DBSAES_ASM -DECP_NISTZ256_ASM -DECP_SM2P256_ASM -DKECCAK1600_ASM -DMD5_ASM -DOPENSSL_BN_ASM_MONT -DOPENSSL_CPUID_OBJ -DOPENSSL_SM3_ASM -DPOLY1305_ASM -DSHA1_ASM -DSHA256_ASM -DSHA512_ASM -DSM4_ASM -DVPAES_ASM -DVPSM4_ASM -fPIC -pthread -Wa,--noexecstack -Wall -O3 -DOPENSSL_USE_NODELETE -DOPENSSL_PIC -DOPENSSLDIR="\"/opt/ossl-static/ssl\"" -DENGINESDIR="\"/opt/ossl-static/lib/engines-3\"" -DMODULESDIR="\"/opt/ossl-static/lib/ossl-modules\"" -DOPENSSL_BUILDING_OPENSSL -DNDEBUG  -MMD -MF crypto/libcrypto-lib-o_fopen.d.tmp -MT crypto/libcrypto-lib-o_fopen.o -c -o crypto/libcrypto-lib-o_fopen.o crypto/o_fopen.c
gcc  -I. -Iinclude -Iproviders/common/include -Iproviders/implementations/include  -DBSAES_ASM -DECP_NISTZ256_ASM -DECP_SM2P256_ASM -DKECCAK1600_ASM -DMD5_ASM -DOPENSSL_BN_ASM_MONT -DOPENSSL_CPUID_OBJ -DOPENSSL_SM3_ASM -DPOLY1305_ASM -DSHA1_ASM -DSHA256_ASM -DSHA512_ASM -DSM4_ASM -DVPAES_ASM -DVPSM4_ASM -fPIC -pthread -Wa,--noexecstack -Wall -O3 -DOPENSSL_USE_NODELETE -DOPENSSL_PIC -DOPENSSLDIR="\"/opt/ossl-static/ssl\"" -DENGINESDIR="\"/opt/ossl-static/lib/engines-3\"" -DMODULESDIR="\"/opt/ossl-static/lib/ossl-modules\"" -DOPENSSL_BUILDING_OPENSSL -DNDEBUG  -MMD -MF crypto/libcrypto-lib-o_init.d.tmp -MT crypto/libcrypto-lib-o_init.o -c -o crypto/libcrypto-lib-o_init.o crypto/o_init.c
gcc  -I. -Iinclude -Iproviders/common/include -Iproviders/implementations/include  -DBSAES_ASM -DECP_NISTZ256_ASM -DECP_SM2P256_ASM -DKECCAK1600_ASM -DMD5_ASM -DOPENSSL_BN_ASM_MONT -DOPENSSL_CPUID_OBJ -DOPENSSL_SM3_ASM -DPOLY1305_ASM -DSHA1_ASM -DSHA256_ASM -DSHA512_ASM -DSM4_ASM -DVPAES_ASM -DVPSM4_ASM -fPIC -pthread -Wa,--noexecstack -Wall -O3 -DOPENSSL_USE_NODELETE -DOPENSSL_PIC -DOPENSSLDIR="\"/opt/ossl-static/ssl\"" -DENGINESDIR="\"/opt/ossl-static/lib/engines-3\"" -DMODULESDIR="\"/opt/ossl-static/lib/ossl-modules\"" -DOPENSSL_BUILDING_OPENSSL -DNDEBUG  -MMD -MF crypto/libcrypto-lib-o_str.d.tmp -MT crypto/libcrypto-lib-o_str.o -c -o crypto/libcrypto-lib-o_str.o crypto/o_str.c
gcc  -I. -Iinclude -Iproviders/common/include -Iproviders/implementations/include  -DBSAES_ASM -DECP_NISTZ256_ASM -DECP_SM2P256_ASM -DKECCAK1600_ASM -DMD5_ASM -DOPENSSL_BN_ASM_MONT -DOPENSSL_CPUID_OBJ -DOPENSSL_SM3_ASM -DPOLY1305_ASM -DSHA1_ASM -DSHA256_ASM -DSHA512_ASM -DSM4_ASM -DVPAES_ASM -DVPSM4_ASM -fPIC -pthread -Wa,--noexecstack -Wall -O3 -DOPENSSL_USE_NODELETE -DOPENSSL_PIC -DOPENSSLDIR="\"/opt/ossl-static/ssl\"" -DENGINESDIR="\"/opt/ossl-static/lib/engines-3\"" -DMODULESDIR="\"/opt/ossl-static/lib/ossl-modules\"" -DOPENSSL_BUILDING_OPENSSL -DNDEBUG  -MMD -MF crypto/libcrypto-lib-o_time.d.tmp -MT crypto/libcrypto-lib-o_time.o -c -o crypto/libcrypto-lib-o_time.o crypto/o_time.c
gcc  -I. -Iinclude -Iproviders/common/include -Iproviders/implementations/include  -DBSAES_ASM -DECP_NISTZ256_ASM -DECP_SM2P256_ASM -DKECCAK1600_ASM -DMD5_ASM -DOPENSSL_BN_ASM_MONT -DOPENSSL_CPUID_OBJ -DOPENSSL_SM3_ASM -DPOLY1305_ASM -DSHA1_ASM -DSHA256_ASM -DSHA512_ASM -DSM4_ASM -DVPAES_ASM -DVPSM4_ASM -fPIC -pthread -Wa,--noexecstack -Wall -O3 -DOPENSSL_USE_NODELETE -DOPENSSL_PIC -DOPENSSLDIR="\"/opt/ossl-static/ssl\"" -DENGINESDIR="\"/opt/ossl-static/lib/engines-3\"" -DMODULESDIR="\"/opt/ossl-static/lib/ossl-modules\"" -DOPENSSL_BUILDING_OPENSSL -DNDEBUG  -MMD -MF crypto/libcrypto-lib-packet.d.tmp -MT crypto/libcrypto-lib-packet.o -c -o crypto/libcrypto-lib-packet.o crypto/packet.c
gcc  -I. -Iinclude -Iproviders/common/include -Iproviders/implementations/include  -DBSAES_ASM -DECP_NISTZ256_ASM -DECP_SM2P256_ASM -DKECCAK1600_ASM -DMD5_ASM -DOPENSSL_BN_ASM_MONT -DOPENSSL_CPUID_OBJ -DOPENSSL_SM3_ASM -DPOLY1305_ASM -DSHA1_ASM -DSHA256_ASM -DSHA512_ASM -DSM4_ASM -DVPAES_ASM -DVPSM4_ASM -fPIC -pthread -Wa,--noexecstack -Wall -O3 -DOPENSSL_USE_NODELETE -DOPENSSL_PIC -DOPENSSLDIR="\"/opt/ossl-static/ssl\"" -DENGINESDIR="\"/opt/ossl-static/lib/engines-3\"" -DMODULESDIR="\"/opt/ossl-static/lib/ossl-modules\"" -DOPENSSL_BUILDING_OPENSSL -DNDEBUG  -MMD -MF crypto/libcrypto-lib-param_build.d.tmp -MT crypto/libcrypto-lib-param_build.o -c -o crypto/libcrypto-lib-param_build.o crypto/param_build.c
gcc  -I. -Iinclude -Iproviders/common/include -Iproviders/implementations/include  -DBSAES_ASM -DECP_NISTZ256_ASM -DECP_SM2P256_ASM -DKECCAK1600_ASM -DMD5_ASM -DOPENSSL_BN_ASM_MONT -DOPENSSL_CPUID_OBJ -DOPENSSL_SM3_ASM -DPOLY1305_ASM -DSHA1_ASM -DSHA256_ASM -DSHA512_ASM -DSM4_ASM -DVPAES_ASM -DVPSM4_ASM -fPIC -pthread -Wa,--noexecstack -Wall -O3 -DOPENSSL_USE_NODELETE -DOPENSSL_PIC -DOPENSSLDIR="\"/opt/ossl-static/ssl\"" -DENGINESDIR="\"/opt/ossl-static/lib/engines-3\"" -DMODULESDIR="\"/opt/ossl-static/lib/ossl-modules\"" -DOPENSSL_BUILDING_OPENSSL -DNDEBUG  -MMD -MF crypto/libcrypto-lib-param_build_set.d.tmp -MT crypto/libcrypto-lib-param_build_set.o -c -o crypto/libcrypto-lib-param_build_set.o crypto/param_build_set.c
gcc  -I. -Iinclude -Iproviders/common/include -Iproviders/implementations/include  -DBSAES_ASM -DECP_NISTZ256_ASM -DECP_SM2P256_ASM -DKECCAK1600_ASM -DMD5_ASM -DOPENSSL_BN_ASM_MONT -DOPENSSL_CPUID_OBJ -DOPENSSL_SM3_ASM -DPOLY1305_ASM -DSHA1_ASM -DSHA256_ASM -DSHA512_ASM -DSM4_ASM -DVPAES_ASM -DVPSM4_ASM -fPIC -pthread -Wa,--noexecstack -Wall -O3 -DOPENSSL_USE_NODELETE -DOPENSSL_PIC -DOPENSSLDIR="\"/opt/ossl-static/ssl\"" -DENGINESDIR="\"/opt/ossl-static/lib/engines-3\"" -DMODULESDIR="\"/opt/ossl-static/lib/ossl-modules\"" -DOPENSSL_BUILDING_OPENSSL -DNDEBUG  -MMD -MF crypto/libcrypto-lib-params.d.tmp -MT crypto/libcrypto-lib-params.o -c -o crypto/libcrypto-lib-params.o crypto/params.c
gcc  -I. -Iinclude -Iproviders/common/include -Iproviders/implementations/include  -DBSAES_ASM -DECP_NISTZ256_ASM -DECP_SM2P256_ASM -DKECCAK1600_ASM -DMD5_ASM -DOPENSSL_BN_ASM_MONT -DOPENSSL_CPUID_OBJ -DOPENSSL_SM3_ASM -DPOLY1305_ASM -DSHA1_ASM -DSHA256_ASM -DSHA512_ASM -DSM4_ASM -DVPAES_ASM -DVPSM4_ASM -fPIC -pthread -Wa,--noexecstack -Wall -O3 -DOPENSSL_USE_NODELETE -DOPENSSL_PIC -DOPENSSLDIR="\"/opt/ossl-static/ssl\"" -DENGINESDIR="\"/opt/ossl-static/lib/engines-3\"" -DMODULESDIR="\"/opt/ossl-static/lib/ossl-modules\"" -DOPENSSL_BUILDING_OPENSSL -DNDEBUG  -MMD -MF crypto/libcrypto-lib-params_dup.d.tmp -MT crypto/libcrypto-lib-params_dup.o -c -o crypto/libcrypto-lib-params_dup.o crypto/params_dup.c
gcc  -I. -Iinclude -Iproviders/common/include -Iproviders/implementations/include  -DBSAES_ASM -DECP_NISTZ256_ASM -DECP_SM2P256_ASM -DKECCAK1600_ASM -DMD5_ASM -DOPENSSL_BN_ASM_MONT -DOPENSSL_CPUID_OBJ -DOPENSSL_SM3_ASM -DPOLY1305_ASM -DSHA1_ASM -DSHA256_ASM -DSHA512_ASM -DSM4_ASM -DVPAES_ASM -DVPSM4_ASM -fPIC -pthread -Wa,--noexecstack -Wall -O3 -DOPENSSL_USE_NODELETE -DOPENSSL_PIC -DOPENSSLDIR="\"/opt/ossl-static/ssl\"" -DENGINESDIR="\"/opt/ossl-static/lib/engines-3\"" -DMODULESDIR="\"/opt/ossl-static/lib/ossl-modules\"" -DOPENSSL_BUILDING_OPENSSL -DNDEBUG  -MMD -MF crypto/libcrypto-lib-params_from_text.d.tmp -MT crypto/libcrypto-lib-params_from_text.o -c -o crypto/libcrypto-lib-params_from_text.o crypto/params_from_text.c
gcc  -I. -Iinclude -Iproviders/common/include -Iproviders/implementations/include  -DBSAES_ASM -DECP_NISTZ256_ASM -DECP_SM2P256_ASM -DKECCAK1600_ASM -DMD5_ASM -DOPENSSL_BN_ASM_MONT -DOPENSSL_CPUID_OBJ -DOPENSSL_SM3_ASM -DPOLY1305_ASM -DSHA1_ASM -DSHA256_ASM -DSHA512_ASM -DSM4_ASM -DVPAES_ASM -DVPSM4_ASM -fPIC -pthread -Wa,--noexecstack -Wall -O3 -DOPENSSL_USE_NODELETE -DOPENSSL_PIC -DOPENSSLDIR="\"/opt/ossl-static/ssl\"" -DENGINESDIR="\"/opt/ossl-static/lib/engines-3\"" -DMODULESDIR="\"/opt/ossl-static/lib/ossl-modules\"" -DOPENSSL_BUILDING_OPENSSL -DNDEBUG  -MMD -MF crypto/libcrypto-lib-params_idx.d.tmp -MT crypto/libcrypto-lib-params_idx.o -c -o crypto/libcrypto-lib-params_idx.o crypto/params_idx.c
gcc  -I. -Iinclude -Iproviders/common/include -Iproviders/implementations/include  -DBSAES_ASM -DECP_NISTZ256_ASM -DECP_SM2P256_ASM -DKECCAK1600_ASM -DMD5_ASM -DOPENSSL_BN_ASM_MONT -DOPENSSL_CPUID_OBJ -DOPENSSL_SM3_ASM -DPOLY1305_ASM -DSHA1_ASM -DSHA256_ASM -DSHA512_ASM -DSM4_ASM -DVPAES_ASM -DVPSM4_ASM -fPIC -pthread -Wa,--noexecstack -Wall -O3 -DOPENSSL_USE_NODELETE -DOPENSSL_PIC -DOPENSSLDIR="\"/opt/ossl-static/ssl\"" -DENGINESDIR="\"/opt/ossl-static/lib/engines-3\"" -DMODULESDIR="\"/opt/ossl-static/lib/ossl-modules\"" -DOPENSSL_BUILDING_OPENSSL -DNDEBUG  -MMD -MF crypto/libcrypto-lib-passphrase.d.tmp -MT crypto/libcrypto-lib-passphrase.o -c -o crypto/libcrypto-lib-passphrase.o crypto/passphrase.c
gcc  -I. -Iinclude -Iproviders/common/include -Iproviders/implementations/include  -DBSAES_ASM -DECP_NISTZ256_ASM -DECP_SM2P256_ASM -DKECCAK1600_ASM -DMD5_ASM -DOPENSSL_BN_ASM_MONT -DOPENSSL_CPUID_OBJ -DOPENSSL_SM3_ASM -DPOLY1305_ASM -DSHA1_ASM -DSHA256_ASM -DSHA512_ASM -DSM4_ASM -DVPAES_ASM -DVPSM4_ASM -fPIC -pthread -Wa,--noexecstack -Wall -O3 -DOPENSSL_USE_NODELETE -DOPENSSL_PIC -DOPENSSLDIR="\"/opt/ossl-static/ssl\"" -DENGINESDIR="\"/opt/ossl-static/lib/engines-3\"" -DMODULESDIR="\"/opt/ossl-static/lib/ossl-modules\"" -DOPENSSL_BUILDING_OPENSSL -DNDEBUG  -MMD -MF crypto/libcrypto-lib-provider.d.tmp -MT crypto/libcrypto-lib-provider.o -c -o crypto/libcrypto-lib-provider.o crypto/provider.c
gcc  -I. -Iinclude -Iproviders/common/include -Iproviders/implementations/include  -DBSAES_ASM -DECP_NISTZ256_ASM -DECP_SM2P256_ASM -DKECCAK1600_ASM -DMD5_ASM -DOPENSSL_BN_ASM_MONT -DOPENSSL_CPUID_OBJ -DOPENSSL_SM3_ASM -DPOLY1305_ASM -DSHA1_ASM -DSHA256_ASM -DSHA512_ASM -DSM4_ASM -DVPAES_ASM -DVPSM4_ASM -fPIC -pthread -Wa,--noexecstack -Wall -O3 -DOPENSSL_USE_NODELETE -DOPENSSL_PIC -DOPENSSLDIR="\"/opt/ossl-static/ssl\"" -DENGINESDIR="\"/opt/ossl-static/lib/engines-3\"" -DMODULESDIR="\"/opt/ossl-static/lib/ossl-modules\"" -DOPENSSL_BUILDING_OPENSSL -DNDEBUG  -MMD -MF crypto/libcrypto-lib-provider_child.d.tmp -MT crypto/libcrypto-lib-provider_child.o -c -o crypto/libcrypto-lib-provider_child.o crypto/provider_child.c
gcc  -I. -Iinclude -Iproviders/common/include -Iproviders/implementations/include  -DBSAES_ASM -DECP_NISTZ256_ASM -DECP_SM2P256_ASM -DKECCAK1600_ASM -DMD5_ASM -DOPENSSL_BN_ASM_MONT -DOPENSSL_CPUID_OBJ -DOPENSSL_SM3_ASM -DPOLY1305_ASM -DSHA1_ASM -DSHA256_ASM -DSHA512_ASM -DSM4_ASM -DVPAES_ASM -DVPSM4_ASM -fPIC -pthread -Wa,--noexecstack -Wall -O3 -DOPENSSL_USE_NODELETE -DOPENSSL_PIC -DOPENSSLDIR="\"/opt/ossl-static/ssl\"" -DENGINESDIR="\"/opt/ossl-static/lib/engines-3\"" -DMODULESDIR="\"/opt/ossl-static/lib/ossl-modules\"" -DOPENSSL_BUILDING_OPENSSL -DNDEBUG  -MMD -MF crypto/libcrypto-lib-provider_conf.d.tmp -MT crypto/libcrypto-lib-provider_conf.o -c -o crypto/libcrypto-lib-provider_conf.o crypto/provider_conf.c
gcc  -I. -Iinclude -Iproviders/common/include -Iproviders/implementations/include  -DBSAES_ASM -DECP_NISTZ256_ASM -DECP_SM2P256_ASM -DKECCAK1600_ASM -DMD5_ASM -DOPENSSL_BN_ASM_MONT -DOPENSSL_CPUID_OBJ -DOPENSSL_SM3_ASM -DPOLY1305_ASM -DSHA1_ASM -DSHA256_ASM -DSHA512_ASM -DSM4_ASM -DVPAES_ASM -DVPSM4_ASM -fPIC -pthread -Wa,--noexecstack -Wall -O3 -DOPENSSL_USE_NODELETE -DOPENSSL_PIC -DOPENSSLDIR="\"/opt/ossl-static/ssl\"" -DENGINESDIR="\"/opt/ossl-static/lib/engines-3\"" -DMODULESDIR="\"/opt/ossl-static/lib/ossl-modules\"" -DOPENSSL_BUILDING_OPENSSL -DNDEBUG  -MMD -MF crypto/libcrypto-lib-provider_core.d.tmp -MT crypto/libcrypto-lib-provider_core.o -c -o crypto/libcrypto-lib-provider_core.o crypto/provider_core.c
gcc  -I. -Iinclude -Iproviders/common/include -Iproviders/implementations/include  -DBSAES_ASM -DECP_NISTZ256_ASM -DECP_SM2P256_ASM -DKECCAK1600_ASM -DMD5_ASM -DOPENSSL_BN_ASM_MONT -DOPENSSL_CPUID_OBJ -DOPENSSL_SM3_ASM -DPOLY1305_ASM -DSHA1_ASM -DSHA256_ASM -DSHA512_ASM -DSM4_ASM -DVPAES_ASM -DVPSM4_ASM -fPIC -pthread -Wa,--noexecstack -Wall -O3 -DOPENSSL_USE_NODELETE -DOPENSSL_PIC -DOPENSSLDIR="\"/opt/ossl-static/ssl\"" -DENGINESDIR="\"/opt/ossl-static/lib/engines-3\"" -DMODULESDIR="\"/opt/ossl-static/lib/ossl-modules\"" -DOPENSSL_BUILDING_OPENSSL -DNDEBUG  -MMD -MF crypto/libcrypto-lib-provider_predefined.d.tmp -MT crypto/libcrypto-lib-provider_predefined.o -c -o crypto/libcrypto-lib-provider_predefined.o crypto/provider_predefined.c
gcc  -I. -Iinclude -Iproviders/common/include -Iproviders/implementations/include  -DBSAES_ASM -DECP_NISTZ256_ASM -DECP_SM2P256_ASM -DKECCAK1600_ASM -DMD5_ASM -DOPENSSL_BN_ASM_MONT -DOPENSSL_CPUID_OBJ -DOPENSSL_SM3_ASM -DPOLY1305_ASM -DSHA1_ASM -DSHA256_ASM -DSHA512_ASM -DSM4_ASM -DVPAES_ASM -DVPSM4_ASM -fPIC -pthread -Wa,--noexecstack -Wall -O3 -DOPENSSL_USE_NODELETE -DOPENSSL_PIC -DOPENSSLDIR="\"/opt/ossl-static/ssl\"" -DENGINESDIR="\"/opt/ossl-static/lib/engines-3\"" -DMODULESDIR="\"/opt/ossl-static/lib/ossl-modules\"" -DOPENSSL_BUILDING_OPENSSL -DNDEBUG  -MMD -MF crypto/libcrypto-lib-punycode.d.tmp -MT crypto/libcrypto-lib-punycode.o -c -o crypto/libcrypto-lib-punycode.o crypto/punycode.c
gcc  -I. -Iinclude -Iproviders/common/include -Iproviders/implementations/include  -DBSAES_ASM -DECP_NISTZ256_ASM -DECP_SM2P256_ASM -DKECCAK1600_ASM -DMD5_ASM -DOPENSSL_BN_ASM_MONT -DOPENSSL_CPUID_OBJ -DOPENSSL_SM3_ASM -DPOLY1305_ASM -DSHA1_ASM -DSHA256_ASM -DSHA512_ASM -DSM4_ASM -DVPAES_ASM -DVPSM4_ASM -fPIC -pthread -Wa,--noexecstack -Wall -O3 -DOPENSSL_USE_NODELETE -DOPENSSL_PIC -DOPENSSLDIR="\"/opt/ossl-static/ssl\"" -DENGINESDIR="\"/opt/ossl-static/lib/engines-3\"" -DMODULESDIR="\"/opt/ossl-static/lib/ossl-modules\"" -DOPENSSL_BUILDING_OPENSSL -DNDEBUG  -MMD -MF crypto/libcrypto-lib-quic_vlint.d.tmp -MT crypto/libcrypto-lib-quic_vlint.o -c -o crypto/libcrypto-lib-quic_vlint.o crypto/quic_vlint.c
gcc  -I. -Iinclude -Iproviders/common/include -Iproviders/implementations/include  -DBSAES_ASM -DECP_NISTZ256_ASM -DECP_SM2P256_ASM -DKECCAK1600_ASM -DMD5_ASM -DOPENSSL_BN_ASM_MONT -DOPENSSL_CPUID_OBJ -DOPENSSL_SM3_ASM -DPOLY1305_ASM -DSHA1_ASM -DSHA256_ASM -DSHA512_ASM -DSM4_ASM -DVPAES_ASM -DVPSM4_ASM -fPIC -pthread -Wa,--noexecstack -Wall -O3 -DOPENSSL_USE_NODELETE -DOPENSSL_PIC -DOPENSSLDIR="\"/opt/ossl-static/ssl\"" -DENGINESDIR="\"/opt/ossl-static/lib/engines-3\"" -DMODULESDIR="\"/opt/ossl-static/lib/ossl-modules\"" -DOPENSSL_BUILDING_OPENSSL -DNDEBUG  -MMD -MF crypto/libcrypto-lib-self_test_core.d.tmp -MT crypto/libcrypto-lib-self_test_core.o -c -o crypto/libcrypto-lib-self_test_core.o crypto/self_test_core.c
gcc  -I. -Iinclude -Iproviders/common/include -Iproviders/implementations/include  -DBSAES_ASM -DECP_NISTZ256_ASM -DECP_SM2P256_ASM -DKECCAK1600_ASM -DMD5_ASM -DOPENSSL_BN_ASM_MONT -DOPENSSL_CPUID_OBJ -DOPENSSL_SM3_ASM -DPOLY1305_ASM -DSHA1_ASM -DSHA256_ASM -DSHA512_ASM -DSM4_ASM -DVPAES_ASM -DVPSM4_ASM -fPIC -pthread -Wa,--noexecstack -Wall -O3 -DOPENSSL_USE_NODELETE -DOPENSSL_PIC -DOPENSSLDIR="\"/opt/ossl-static/ssl\"" -DENGINESDIR="\"/opt/ossl-static/lib/engines-3\"" -DMODULESDIR="\"/opt/ossl-static/lib/ossl-modules\"" -DOPENSSL_BUILDING_OPENSSL -DNDEBUG  -MMD -MF crypto/libcrypto-lib-sleep.d.tmp -MT crypto/libcrypto-lib-sleep.o -c -o crypto/libcrypto-lib-sleep.o crypto/sleep.c
gcc  -I. -Iinclude -Iproviders/common/include -Iproviders/implementations/include  -DBSAES_ASM -DECP_NISTZ256_ASM -DECP_SM2P256_ASM -DKECCAK1600_ASM -DMD5_ASM -DOPENSSL_BN_ASM_MONT -DOPENSSL_CPUID_OBJ -DOPENSSL_SM3_ASM -DPOLY1305_ASM -DSHA1_ASM -DSHA256_ASM -DSHA512_ASM -DSM4_ASM -DVPAES_ASM -DVPSM4_ASM -fPIC -pthread -Wa,--noexecstack -Wall -O3 -DOPENSSL_USE_NODELETE -DOPENSSL_PIC -DOPENSSLDIR="\"/opt/ossl-static/ssl\"" -DENGINESDIR="\"/opt/ossl-static/lib/engines-3\"" -DMODULESDIR="\"/opt/ossl-static/lib/ossl-modules\"" -DOPENSSL_BUILDING_OPENSSL -DNDEBUG  -MMD -MF crypto/libcrypto-lib-sparse_array.d.tmp -MT crypto/libcrypto-lib-sparse_array.o -c -o crypto/libcrypto-lib-sparse_array.o crypto/sparse_array.c
gcc  -I. -Iinclude -Iproviders/common/include -Iproviders/implementations/include  -DBSAES_ASM -DECP_NISTZ256_ASM -DECP_SM2P256_ASM -DKECCAK1600_ASM -DMD5_ASM -DOPENSSL_BN_ASM_MONT -DOPENSSL_CPUID_OBJ -DOPENSSL_SM3_ASM -DPOLY1305_ASM -DSHA1_ASM -DSHA256_ASM -DSHA512_ASM -DSM4_ASM -DVPAES_ASM -DVPSM4_ASM -fPIC -pthread -Wa,--noexecstack -Wall -O3 -DOPENSSL_USE_NODELETE -DOPENSSL_PIC -DOPENSSLDIR="\"/opt/ossl-static/ssl\"" -DENGINESDIR="\"/opt/ossl-static/lib/engines-3\"" -DMODULESDIR="\"/opt/ossl-static/lib/ossl-modules\"" -DOPENSSL_BUILDING_OPENSSL -DNDEBUG  -MMD -MF crypto/libcrypto-lib-threads_lib.d.tmp -MT crypto/libcrypto-lib-threads_lib.o -c -o crypto/libcrypto-lib-threads_lib.o crypto/threads_lib.c
gcc  -I. -Iinclude -Iproviders/common/include -Iproviders/implementations/include  -DBSAES_ASM -DECP_NISTZ256_ASM -DECP_SM2P256_ASM -DKECCAK1600_ASM -DMD5_ASM -DOPENSSL_BN_ASM_MONT -DOPENSSL_CPUID_OBJ -DOPENSSL_SM3_ASM -DPOLY1305_ASM -DSHA1_ASM -DSHA256_ASM -DSHA512_ASM -DSM4_ASM -DVPAES_ASM -DVPSM4_ASM -fPIC -pthread -Wa,--noexecstack -Wall -O3 -DOPENSSL_USE_NODELETE -DOPENSSL_PIC -DOPENSSLDIR="\"/opt/ossl-static/ssl\"" -DENGINESDIR="\"/opt/ossl-static/lib/engines-3\"" -DMODULESDIR="\"/opt/ossl-static/lib/ossl-modules\"" -DOPENSSL_BUILDING_OPENSSL -DNDEBUG  -MMD -MF crypto/libcrypto-lib-threads_none.d.tmp -MT crypto/libcrypto-lib-threads_none.o -c -o crypto/libcrypto-lib-threads_none.o crypto/threads_none.c
gcc  -I. -Iinclude -Iproviders/common/include -Iproviders/implementations/include  -DBSAES_ASM -DECP_NISTZ256_ASM -DECP_SM2P256_ASM -DKECCAK1600_ASM -DMD5_ASM -DOPENSSL_BN_ASM_MONT -DOPENSSL_CPUID_OBJ -DOPENSSL_SM3_ASM -DPOLY1305_ASM -DSHA1_ASM -DSHA256_ASM -DSHA512_ASM -DSM4_ASM -DVPAES_ASM -DVPSM4_ASM -fPIC -pthread -Wa,--noexecstack -Wall -O3 -DOPENSSL_USE_NODELETE -DOPENSSL_PIC -DOPENSSLDIR="\"/opt/ossl-static/ssl\"" -DENGINESDIR="\"/opt/ossl-static/lib/engines-3\"" -DMODULESDIR="\"/opt/ossl-static/lib/ossl-modules\"" -DOPENSSL_BUILDING_OPENSSL -DNDEBUG  -MMD -MF crypto/libcrypto-lib-threads_pthread.d.tmp -MT crypto/libcrypto-lib-threads_pthread.o -c -o crypto/libcrypto-lib-threads_pthread.o crypto/threads_pthread.c
gcc  -I. -Iinclude -Iproviders/common/include -Iproviders/implementations/include  -DBSAES_ASM -DECP_NISTZ256_ASM -DECP_SM2P256_ASM -DKECCAK1600_ASM -DMD5_ASM -DOPENSSL_BN_ASM_MONT -DOPENSSL_CPUID_OBJ -DOPENSSL_SM3_ASM -DPOLY1305_ASM -DSHA1_ASM -DSHA256_ASM -DSHA512_ASM -DSM4_ASM -DVPAES_ASM -DVPSM4_ASM -fPIC -pthread -Wa,--noexecstack -Wall -O3 -DOPENSSL_USE_NODELETE -DOPENSSL_PIC -DOPENSSLDIR="\"/opt/ossl-static/ssl\"" -DENGINESDIR="\"/opt/ossl-static/lib/engines-3\"" -DMODULESDIR="\"/opt/ossl-static/lib/ossl-modules\"" -DOPENSSL_BUILDING_OPENSSL -DNDEBUG  -MMD -MF crypto/libcrypto-lib-threads_win.d.tmp -MT crypto/libcrypto-lib-threads_win.o -c -o crypto/libcrypto-lib-threads_win.o crypto/threads_win.c
gcc  -I. -Iinclude -Iproviders/common/include -Iproviders/implementations/include  -DBSAES_ASM -DECP_NISTZ256_ASM -DECP_SM2P256_ASM -DKECCAK1600_ASM -DMD5_ASM -DOPENSSL_BN_ASM_MONT -DOPENSSL_CPUID_OBJ -DOPENSSL_SM3_ASM -DPOLY1305_ASM -DSHA1_ASM -DSHA256_ASM -DSHA512_ASM -DSM4_ASM -DVPAES_ASM -DVPSM4_ASM -fPIC -pthread -Wa,--noexecstack -Wall -O3 -DOPENSSL_USE_NODELETE -DOPENSSL_PIC -DOPENSSLDIR="\"/opt/ossl-static/ssl\"" -DENGINESDIR="\"/opt/ossl-static/lib/engines-3\"" -DMODULESDIR="\"/opt/ossl-static/lib/ossl-modules\"" -DOPENSSL_BUILDING_OPENSSL -DNDEBUG  -MMD -MF crypto/libcrypto-lib-time.d.tmp -MT crypto/libcrypto-lib-time.o -c -o crypto/libcrypto-lib-time.o crypto/time.c
gcc  -I. -Iinclude -Iproviders/common/include -Iproviders/implementations/include  -DBSAES_ASM -DECP_NISTZ256_ASM -DECP_SM2P256_ASM -DKECCAK1600_ASM -DMD5_ASM -DOPENSSL_BN_ASM_MONT -DOPENSSL_CPUID_OBJ -DOPENSSL_SM3_ASM -DPOLY1305_ASM -DSHA1_ASM -DSHA256_ASM -DSHA512_ASM -DSM4_ASM -DVPAES_ASM -DVPSM4_ASM -fPIC -pthread -Wa,--noexecstack -Wall -O3 -DOPENSSL_USE_NODELETE -DOPENSSL_PIC -DOPENSSLDIR="\"/opt/ossl-static/ssl\"" -DENGINESDIR="\"/opt/ossl-static/lib/engines-3\"" -DMODULESDIR="\"/opt/ossl-static/lib/ossl-modules\"" -DOPENSSL_BUILDING_OPENSSL -DNDEBUG  -MMD -MF crypto/libcrypto-lib-trace.d.tmp -MT crypto/libcrypto-lib-trace.o -c -o crypto/libcrypto-lib-trace.o crypto/trace.c
gcc  -I. -Iinclude -Iproviders/common/include -Iproviders/implementations/include  -DBSAES_ASM -DECP_NISTZ256_ASM -DECP_SM2P256_ASM -DKECCAK1600_ASM -DMD5_ASM -DOPENSSL_BN_ASM_MONT -DOPENSSL_CPUID_OBJ -DOPENSSL_SM3_ASM -DPOLY1305_ASM -DSHA1_ASM -DSHA256_ASM -DSHA512_ASM -DSM4_ASM -DVPAES_ASM -DVPSM4_ASM -fPIC -pthread -Wa,--noexecstack -Wall -O3 -DOPENSSL_USE_NODELETE -DOPENSSL_PIC -DOPENSSLDIR="\"/opt/ossl-static/ssl\"" -DENGINESDIR="\"/opt/ossl-static/lib/engines-3\"" -DMODULESDIR="\"/opt/ossl-static/lib/ossl-modules\"" -DOPENSSL_BUILDING_OPENSSL -DNDEBUG  -MMD -MF crypto/libcrypto-lib-uid.d.tmp -MT crypto/libcrypto-lib-uid.o -c -o crypto/libcrypto-lib-uid.o crypto/uid.c
gcc  -I. -Iinclude -Iproviders/common/include -Iproviders/implementations/include  -DBSAES_ASM -DECP_NISTZ256_ASM -DECP_SM2P256_ASM -DKECCAK1600_ASM -DMD5_ASM -DOPENSSL_BN_ASM_MONT -DOPENSSL_CPUID_OBJ -DOPENSSL_SM3_ASM -DPOLY1305_ASM -DSHA1_ASM -DSHA256_ASM -DSHA512_ASM -DSM4_ASM -DVPAES_ASM -DVPSM4_ASM -fPIC -pthread -Wa,--noexecstack -Wall -O3 -DOPENSSL_USE_NODELETE -DOPENSSL_PIC -DOPENSSLDIR="\"/opt/ossl-static/ssl\"" -DENGINESDIR="\"/opt/ossl-static/lib/engines-3\"" -DMODULESDIR="\"/opt/ossl-static/lib/ossl-modules\"" -DOPENSSL_BUILDING_OPENSSL -DNDEBUG  -MMD -MF crypto/md4/libcrypto-lib-md4_dgst.d.tmp -MT crypto/md4/libcrypto-lib-md4_dgst.o -c -o crypto/md4/libcrypto-lib-md4_dgst.o crypto/md4/md4_dgst.c
gcc  -I. -Iinclude -Iproviders/common/include -Iproviders/implementations/include  -DBSAES_ASM -DECP_NISTZ256_ASM -DECP_SM2P256_ASM -DKECCAK1600_ASM -DMD5_ASM -DOPENSSL_BN_ASM_MONT -DOPENSSL_CPUID_OBJ -DOPENSSL_SM3_ASM -DPOLY1305_ASM -DSHA1_ASM -DSHA256_ASM -DSHA512_ASM -DSM4_ASM -DVPAES_ASM -DVPSM4_ASM -fPIC -pthread -Wa,--noexecstack -Wall -O3 -DOPENSSL_USE_NODELETE -DOPENSSL_PIC -DOPENSSLDIR="\"/opt/ossl-static/ssl\"" -DENGINESDIR="\"/opt/ossl-static/lib/engines-3\"" -DMODULESDIR="\"/opt/ossl-static/lib/ossl-modules\"" -DOPENSSL_BUILDING_OPENSSL -DNDEBUG  -MMD -MF crypto/md4/libcrypto-lib-md4_one.d.tmp -MT crypto/md4/libcrypto-lib-md4_one.o -c -o crypto/md4/libcrypto-lib-md4_one.o crypto/md4/md4_one.c
CC="gcc" perl crypto/md5/asm/md5-aarch64.pl "linux64" -Icrypto -I. -Iinclude -Iproviders/common/include -Iproviders/implementations/include -fPIC -pthread -Wa,--noexecstack -Wall -O3 -DOPENSSL_USE_NODELETE -DOPENSSL_PIC -DOPENSSLDIR="\"/opt/ossl-static/ssl\"" -DENGINESDIR="\"/opt/ossl-static/lib/engines-3\"" -DMODULESDIR="\"/opt/ossl-static/lib/ossl-modules\"" -DOPENSSL_BUILDING_OPENSSL -DNDEBUG  -DBSAES_ASM -DECP_NISTZ256_ASM -DECP_SM2P256_ASM -DKECCAK1600_ASM -DMD5_ASM -DOPENSSL_BN_ASM_MONT -DOPENSSL_CPUID_OBJ -DOPENSSL_SM3_ASM -DPOLY1305_ASM -DSHA1_ASM -DSHA256_ASM -DSHA512_ASM -DSM4_ASM -DVPAES_ASM -DVPSM4_ASM  crypto/md5/md5-aarch64.S
gcc  -I. -Iinclude -Iproviders/common/include -Iproviders/implementations/include  -DBSAES_ASM -DECP_NISTZ256_ASM -DECP_SM2P256_ASM -DKECCAK1600_ASM -DMD5_ASM -DOPENSSL_BN_ASM_MONT -DOPENSSL_CPUID_OBJ -DOPENSSL_SM3_ASM -DPOLY1305_ASM -DSHA1_ASM -DSHA256_ASM -DSHA512_ASM -DSM4_ASM -DVPAES_ASM -DVPSM4_ASM -fPIC -pthread -Wa,--noexecstack -Wall -O3 -DOPENSSL_USE_NODELETE -DOPENSSL_PIC -DOPENSSLDIR="\"/opt/ossl-static/ssl\"" -DENGINESDIR="\"/opt/ossl-static/lib/engines-3\"" -DMODULESDIR="\"/opt/ossl-static/lib/ossl-modules\"" -DOPENSSL_BUILDING_OPENSSL -DNDEBUG  -MMD -MF crypto/md5/libcrypto-lib-md5_dgst.d.tmp -MT crypto/md5/libcrypto-lib-md5_dgst.o -c -o crypto/md5/libcrypto-lib-md5_dgst.o crypto/md5/md5_dgst.c
gcc  -I. -Iinclude -Iproviders/common/include -Iproviders/implementations/include  -DBSAES_ASM -DECP_NISTZ256_ASM -DECP_SM2P256_ASM -DKECCAK1600_ASM -DMD5_ASM -DOPENSSL_BN_ASM_MONT -DOPENSSL_CPUID_OBJ -DOPENSSL_SM3_ASM -DPOLY1305_ASM -DSHA1_ASM -DSHA256_ASM -DSHA512_ASM -DSM4_ASM -DVPAES_ASM -DVPSM4_ASM -fPIC -pthread -Wa,--noexecstack -Wall -O3 -DOPENSSL_USE_NODELETE -DOPENSSL_PIC -DOPENSSLDIR="\"/opt/ossl-static/ssl\"" -DENGINESDIR="\"/opt/ossl-static/lib/engines-3\"" -DMODULESDIR="\"/opt/ossl-static/lib/ossl-modules\"" -DOPENSSL_BUILDING_OPENSSL -DNDEBUG  -MMD -MF crypto/md5/libcrypto-lib-md5_one.d.tmp -MT crypto/md5/libcrypto-lib-md5_one.o -c -o crypto/md5/libcrypto-lib-md5_one.o crypto/md5/md5_one.c
gcc  -I. -Iinclude -Iproviders/common/include -Iproviders/implementations/include  -DBSAES_ASM -DECP_NISTZ256_ASM -DECP_SM2P256_ASM -DKECCAK1600_ASM -DMD5_ASM -DOPENSSL_BN_ASM_MONT -DOPENSSL_CPUID_OBJ -DOPENSSL_SM3_ASM -DPOLY1305_ASM -DSHA1_ASM -DSHA256_ASM -DSHA512_ASM -DSM4_ASM -DVPAES_ASM -DVPSM4_ASM -fPIC -pthread -Wa,--noexecstack -Wall -O3 -DOPENSSL_USE_NODELETE -DOPENSSL_PIC -DOPENSSLDIR="\"/opt/ossl-static/ssl\"" -DENGINESDIR="\"/opt/ossl-static/lib/engines-3\"" -DMODULESDIR="\"/opt/ossl-static/lib/ossl-modules\"" -DOPENSSL_BUILDING_OPENSSL -DNDEBUG  -MMD -MF crypto/md5/libcrypto-lib-md5_sha1.d.tmp -MT crypto/md5/libcrypto-lib-md5_sha1.o -c -o crypto/md5/libcrypto-lib-md5_sha1.o crypto/md5/md5_sha1.c
gcc  -I. -Iinclude -Iproviders/common/include -Iproviders/implementations/include  -DBSAES_ASM -DECP_NISTZ256_ASM -DECP_SM2P256_ASM -DKECCAK1600_ASM -DMD5_ASM -DOPENSSL_BN_ASM_MONT -DOPENSSL_CPUID_OBJ -DOPENSSL_SM3_ASM -DPOLY1305_ASM -DSHA1_ASM -DSHA256_ASM -DSHA512_ASM -DSM4_ASM -DVPAES_ASM -DVPSM4_ASM -fPIC -pthread -Wa,--noexecstack -Wall -O3 -DOPENSSL_USE_NODELETE -DOPENSSL_PIC -DOPENSSLDIR="\"/opt/ossl-static/ssl\"" -DENGINESDIR="\"/opt/ossl-static/lib/engines-3\"" -DMODULESDIR="\"/opt/ossl-static/lib/ossl-modules\"" -DOPENSSL_BUILDING_OPENSSL -DNDEBUG  -MMD -MF crypto/mdc2/libcrypto-lib-mdc2_one.d.tmp -MT crypto/mdc2/libcrypto-lib-mdc2_one.o -c -o crypto/mdc2/libcrypto-lib-mdc2_one.o crypto/mdc2/mdc2_one.c
gcc  -I. -Iinclude -Iproviders/common/include -Iproviders/implementations/include  -DBSAES_ASM -DECP_NISTZ256_ASM -DECP_SM2P256_ASM -DKECCAK1600_ASM -DMD5_ASM -DOPENSSL_BN_ASM_MONT -DOPENSSL_CPUID_OBJ -DOPENSSL_SM3_ASM -DPOLY1305_ASM -DSHA1_ASM -DSHA256_ASM -DSHA512_ASM -DSM4_ASM -DVPAES_ASM -DVPSM4_ASM -fPIC -pthread -Wa,--noexecstack -Wall -O3 -DOPENSSL_USE_NODELETE -DOPENSSL_PIC -DOPENSSLDIR="\"/opt/ossl-static/ssl\"" -DENGINESDIR="\"/opt/ossl-static/lib/engines-3\"" -DMODULESDIR="\"/opt/ossl-static/lib/ossl-modules\"" -DOPENSSL_BUILDING_OPENSSL -DNDEBUG  -MMD -MF crypto/mdc2/libcrypto-lib-mdc2dgst.d.tmp -MT crypto/mdc2/libcrypto-lib-mdc2dgst.o -c -o crypto/mdc2/libcrypto-lib-mdc2dgst.o crypto/mdc2/mdc2dgst.c
CC="gcc" perl crypto/modes/asm/aes-gcm-armv8-unroll8_64.pl "linux64" -Icrypto -I. -Iinclude -Iproviders/common/include -Iproviders/implementations/include -fPIC -pthread -Wa,--noexecstack -Wall -O3 -DOPENSSL_USE_NODELETE -DOPENSSL_PIC -DOPENSSLDIR="\"/opt/ossl-static/ssl\"" -DENGINESDIR="\"/opt/ossl-static/lib/engines-3\"" -DMODULESDIR="\"/opt/ossl-static/lib/ossl-modules\"" -DOPENSSL_BUILDING_OPENSSL -DNDEBUG  -DBSAES_ASM -DECP_NISTZ256_ASM -DECP_SM2P256_ASM -DKECCAK1600_ASM -DMD5_ASM -DOPENSSL_BN_ASM_MONT -DOPENSSL_CPUID_OBJ -DOPENSSL_SM3_ASM -DPOLY1305_ASM -DSHA1_ASM -DSHA256_ASM -DSHA512_ASM -DSM4_ASM -DVPAES_ASM -DVPSM4_ASM  crypto/modes/aes-gcm-armv8-unroll8_64.S
CC="gcc" perl crypto/modes/asm/aes-gcm-armv8_64.pl "linux64" -Icrypto -I. -Iinclude -Iproviders/common/include -Iproviders/implementations/include -fPIC -pthread -Wa,--noexecstack -Wall -O3 -DOPENSSL_USE_NODELETE -DOPENSSL_PIC -DOPENSSLDIR="\"/opt/ossl-static/ssl\"" -DENGINESDIR="\"/opt/ossl-static/lib/engines-3\"" -DMODULESDIR="\"/opt/ossl-static/lib/ossl-modules\"" -DOPENSSL_BUILDING_OPENSSL -DNDEBUG  -DBSAES_ASM -DECP_NISTZ256_ASM -DECP_SM2P256_ASM -DKECCAK1600_ASM -DMD5_ASM -DOPENSSL_BN_ASM_MONT -DOPENSSL_CPUID_OBJ -DOPENSSL_SM3_ASM -DPOLY1305_ASM -DSHA1_ASM -DSHA256_ASM -DSHA512_ASM -DSM4_ASM -DVPAES_ASM -DVPSM4_ASM  crypto/modes/aes-gcm-armv8_64.S
gcc  -I. -Iinclude -Iproviders/common/include -Iproviders/implementations/include  -DBSAES_ASM -DECP_NISTZ256_ASM -DECP_SM2P256_ASM -DKECCAK1600_ASM -DMD5_ASM -DOPENSSL_BN_ASM_MONT -DOPENSSL_CPUID_OBJ -DOPENSSL_SM3_ASM -DPOLY1305_ASM -DSHA1_ASM -DSHA256_ASM -DSHA512_ASM -DSM4_ASM -DVPAES_ASM -DVPSM4_ASM -fPIC -pthread -Wa,--noexecstack -Wall -O3 -DOPENSSL_USE_NODELETE -DOPENSSL_PIC -DOPENSSLDIR="\"/opt/ossl-static/ssl\"" -DENGINESDIR="\"/opt/ossl-static/lib/engines-3\"" -DMODULESDIR="\"/opt/ossl-static/lib/ossl-modules\"" -DOPENSSL_BUILDING_OPENSSL -DNDEBUG  -MMD -MF crypto/modes/libcrypto-lib-cbc128.d.tmp -MT crypto/modes/libcrypto-lib-cbc128.o -c -o crypto/modes/libcrypto-lib-cbc128.o crypto/modes/cbc128.c
gcc  -I. -Iinclude -Iproviders/common/include -Iproviders/implementations/include  -DBSAES_ASM -DECP_NISTZ256_ASM -DECP_SM2P256_ASM -DKECCAK1600_ASM -DMD5_ASM -DOPENSSL_BN_ASM_MONT -DOPENSSL_CPUID_OBJ -DOPENSSL_SM3_ASM -DPOLY1305_ASM -DSHA1_ASM -DSHA256_ASM -DSHA512_ASM -DSM4_ASM -DVPAES_ASM -DVPSM4_ASM -fPIC -pthread -Wa,--noexecstack -Wall -O3 -DOPENSSL_USE_NODELETE -DOPENSSL_PIC -DOPENSSLDIR="\"/opt/ossl-static/ssl\"" -DENGINESDIR="\"/opt/ossl-static/lib/engines-3\"" -DMODULESDIR="\"/opt/ossl-static/lib/ossl-modules\"" -DOPENSSL_BUILDING_OPENSSL -DNDEBUG  -MMD -MF crypto/modes/libcrypto-lib-ccm128.d.tmp -MT crypto/modes/libcrypto-lib-ccm128.o -c -o crypto/modes/libcrypto-lib-ccm128.o crypto/modes/ccm128.c
gcc  -I. -Iinclude -Iproviders/common/include -Iproviders/implementations/include  -DBSAES_ASM -DECP_NISTZ256_ASM -DECP_SM2P256_ASM -DKECCAK1600_ASM -DMD5_ASM -DOPENSSL_BN_ASM_MONT -DOPENSSL_CPUID_OBJ -DOPENSSL_SM3_ASM -DPOLY1305_ASM -DSHA1_ASM -DSHA256_ASM -DSHA512_ASM -DSM4_ASM -DVPAES_ASM -DVPSM4_ASM -fPIC -pthread -Wa,--noexecstack -Wall -O3 -DOPENSSL_USE_NODELETE -DOPENSSL_PIC -DOPENSSLDIR="\"/opt/ossl-static/ssl\"" -DENGINESDIR="\"/opt/ossl-static/lib/engines-3\"" -DMODULESDIR="\"/opt/ossl-static/lib/ossl-modules\"" -DOPENSSL_BUILDING_OPENSSL -DNDEBUG  -MMD -MF crypto/modes/libcrypto-lib-cfb128.d.tmp -MT crypto/modes/libcrypto-lib-cfb128.o -c -o crypto/modes/libcrypto-lib-cfb128.o crypto/modes/cfb128.c
gcc  -I. -Iinclude -Iproviders/common/include -Iproviders/implementations/include  -DBSAES_ASM -DECP_NISTZ256_ASM -DECP_SM2P256_ASM -DKECCAK1600_ASM -DMD5_ASM -DOPENSSL_BN_ASM_MONT -DOPENSSL_CPUID_OBJ -DOPENSSL_SM3_ASM -DPOLY1305_ASM -DSHA1_ASM -DSHA256_ASM -DSHA512_ASM -DSM4_ASM -DVPAES_ASM -DVPSM4_ASM -fPIC -pthread -Wa,--noexecstack -Wall -O3 -DOPENSSL_USE_NODELETE -DOPENSSL_PIC -DOPENSSLDIR="\"/opt/ossl-static/ssl\"" -DENGINESDIR="\"/opt/ossl-static/lib/engines-3\"" -DMODULESDIR="\"/opt/ossl-static/lib/ossl-modules\"" -DOPENSSL_BUILDING_OPENSSL -DNDEBUG  -MMD -MF crypto/modes/libcrypto-lib-ctr128.d.tmp -MT crypto/modes/libcrypto-lib-ctr128.o -c -o crypto/modes/libcrypto-lib-ctr128.o crypto/modes/ctr128.c
gcc  -I. -Iinclude -Iproviders/common/include -Iproviders/implementations/include  -DBSAES_ASM -DECP_NISTZ256_ASM -DECP_SM2P256_ASM -DKECCAK1600_ASM -DMD5_ASM -DOPENSSL_BN_ASM_MONT -DOPENSSL_CPUID_OBJ -DOPENSSL_SM3_ASM -DPOLY1305_ASM -DSHA1_ASM -DSHA256_ASM -DSHA512_ASM -DSM4_ASM -DVPAES_ASM -DVPSM4_ASM -fPIC -pthread -Wa,--noexecstack -Wall -O3 -DOPENSSL_USE_NODELETE -DOPENSSL_PIC -DOPENSSLDIR="\"/opt/ossl-static/ssl\"" -DENGINESDIR="\"/opt/ossl-static/lib/engines-3\"" -DMODULESDIR="\"/opt/ossl-static/lib/ossl-modules\"" -DOPENSSL_BUILDING_OPENSSL -DNDEBUG  -MMD -MF crypto/modes/libcrypto-lib-cts128.d.tmp -MT crypto/modes/libcrypto-lib-cts128.o -c -o crypto/modes/libcrypto-lib-cts128.o crypto/modes/cts128.c
gcc  -Icrypto -I. -Iinclude -Iproviders/common/include -Iproviders/implementations/include  -DBSAES_ASM -DECP_NISTZ256_ASM -DECP_SM2P256_ASM -DKECCAK1600_ASM -DMD5_ASM -DOPENSSL_BN_ASM_MONT -DOPENSSL_CPUID_OBJ -DOPENSSL_SM3_ASM -DPOLY1305_ASM -DSHA1_ASM -DSHA256_ASM -DSHA512_ASM -DSM4_ASM -DVPAES_ASM -DVPSM4_ASM -fPIC -pthread -Wa,--noexecstack -Wall -O3 -DOPENSSL_USE_NODELETE -DOPENSSL_PIC -DOPENSSLDIR="\"/opt/ossl-static/ssl\"" -DENGINESDIR="\"/opt/ossl-static/lib/engines-3\"" -DMODULESDIR="\"/opt/ossl-static/lib/ossl-modules\"" -DOPENSSL_BUILDING_OPENSSL -DNDEBUG  -MMD -MF crypto/modes/libcrypto-lib-gcm128.d.tmp -MT crypto/modes/libcrypto-lib-gcm128.o -c -o crypto/modes/libcrypto-lib-gcm128.o crypto/modes/gcm128.c
CC="gcc" perl crypto/modes/asm/ghashv8-armx.pl "linux64" -Icrypto -I. -Iinclude -Iproviders/common/include -Iproviders/implementations/include -fPIC -pthread -Wa,--noexecstack -Wall -O3 -DOPENSSL_USE_NODELETE -DOPENSSL_PIC -DOPENSSLDIR="\"/opt/ossl-static/ssl\"" -DENGINESDIR="\"/opt/ossl-static/lib/engines-3\"" -DMODULESDIR="\"/opt/ossl-static/lib/ossl-modules\"" -DOPENSSL_BUILDING_OPENSSL -DNDEBUG  -DBSAES_ASM -DECP_NISTZ256_ASM -DECP_SM2P256_ASM -DKECCAK1600_ASM -DMD5_ASM -DOPENSSL_BN_ASM_MONT -DOPENSSL_CPUID_OBJ -DOPENSSL_SM3_ASM -DPOLY1305_ASM -DSHA1_ASM -DSHA256_ASM -DSHA512_ASM -DSM4_ASM -DVPAES_ASM -DVPSM4_ASM  crypto/modes/ghashv8-armx.S
gcc  -I. -Iinclude -Iproviders/common/include -Iproviders/implementations/include  -DBSAES_ASM -DECP_NISTZ256_ASM -DECP_SM2P256_ASM -DKECCAK1600_ASM -DMD5_ASM -DOPENSSL_BN_ASM_MONT -DOPENSSL_CPUID_OBJ -DOPENSSL_SM3_ASM -DPOLY1305_ASM -DSHA1_ASM -DSHA256_ASM -DSHA512_ASM -DSM4_ASM -DVPAES_ASM -DVPSM4_ASM -fPIC -pthread -Wa,--noexecstack -Wall -O3 -DOPENSSL_USE_NODELETE -DOPENSSL_PIC -DOPENSSLDIR="\"/opt/ossl-static/ssl\"" -DENGINESDIR="\"/opt/ossl-static/lib/engines-3\"" -DMODULESDIR="\"/opt/ossl-static/lib/ossl-modules\"" -DOPENSSL_BUILDING_OPENSSL -DNDEBUG  -MMD -MF crypto/modes/libcrypto-lib-ocb128.d.tmp -MT crypto/modes/libcrypto-lib-ocb128.o -c -o crypto/modes/libcrypto-lib-ocb128.o crypto/modes/ocb128.c
gcc  -I. -Iinclude -Iproviders/common/include -Iproviders/implementations/include  -DBSAES_ASM -DECP_NISTZ256_ASM -DECP_SM2P256_ASM -DKECCAK1600_ASM -DMD5_ASM -DOPENSSL_BN_ASM_MONT -DOPENSSL_CPUID_OBJ -DOPENSSL_SM3_ASM -DPOLY1305_ASM -DSHA1_ASM -DSHA256_ASM -DSHA512_ASM -DSM4_ASM -DVPAES_ASM -DVPSM4_ASM -fPIC -pthread -Wa,--noexecstack -Wall -O3 -DOPENSSL_USE_NODELETE -DOPENSSL_PIC -DOPENSSLDIR="\"/opt/ossl-static/ssl\"" -DENGINESDIR="\"/opt/ossl-static/lib/engines-3\"" -DMODULESDIR="\"/opt/ossl-static/lib/ossl-modules\"" -DOPENSSL_BUILDING_OPENSSL -DNDEBUG  -MMD -MF crypto/modes/libcrypto-lib-ofb128.d.tmp -MT crypto/modes/libcrypto-lib-ofb128.o -c -o crypto/modes/libcrypto-lib-ofb128.o crypto/modes/ofb128.c
gcc  -I. -Iinclude -Iproviders/common/include -Iproviders/implementations/include  -DBSAES_ASM -DECP_NISTZ256_ASM -DECP_SM2P256_ASM -DKECCAK1600_ASM -DMD5_ASM -DOPENSSL_BN_ASM_MONT -DOPENSSL_CPUID_OBJ -DOPENSSL_SM3_ASM -DPOLY1305_ASM -DSHA1_ASM -DSHA256_ASM -DSHA512_ASM -DSM4_ASM -DVPAES_ASM -DVPSM4_ASM -fPIC -pthread -Wa,--noexecstack -Wall -O3 -DOPENSSL_USE_NODELETE -DOPENSSL_PIC -DOPENSSLDIR="\"/opt/ossl-static/ssl\"" -DENGINESDIR="\"/opt/ossl-static/lib/engines-3\"" -DMODULESDIR="\"/opt/ossl-static/lib/ossl-modules\"" -DOPENSSL_BUILDING_OPENSSL -DNDEBUG  -MMD -MF crypto/modes/libcrypto-lib-siv128.d.tmp -MT crypto/modes/libcrypto-lib-siv128.o -c -o crypto/modes/libcrypto-lib-siv128.o crypto/modes/siv128.c
gcc  -I. -Iinclude -Iproviders/common/include -Iproviders/implementations/include  -DBSAES_ASM -DECP_NISTZ256_ASM -DECP_SM2P256_ASM -DKECCAK1600_ASM -DMD5_ASM -DOPENSSL_BN_ASM_MONT -DOPENSSL_CPUID_OBJ -DOPENSSL_SM3_ASM -DPOLY1305_ASM -DSHA1_ASM -DSHA256_ASM -DSHA512_ASM -DSM4_ASM -DVPAES_ASM -DVPSM4_ASM -fPIC -pthread -Wa,--noexecstack -Wall -O3 -DOPENSSL_USE_NODELETE -DOPENSSL_PIC -DOPENSSLDIR="\"/opt/ossl-static/ssl\"" -DENGINESDIR="\"/opt/ossl-static/lib/engines-3\"" -DMODULESDIR="\"/opt/ossl-static/lib/ossl-modules\"" -DOPENSSL_BUILDING_OPENSSL -DNDEBUG  -MMD -MF crypto/modes/libcrypto-lib-wrap128.d.tmp -MT crypto/modes/libcrypto-lib-wrap128.o -c -o crypto/modes/libcrypto-lib-wrap128.o crypto/modes/wrap128.c
gcc  -I. -Iinclude -Iproviders/common/include -Iproviders/implementations/include  -DBSAES_ASM -DECP_NISTZ256_ASM -DECP_SM2P256_ASM -DKECCAK1600_ASM -DMD5_ASM -DOPENSSL_BN_ASM_MONT -DOPENSSL_CPUID_OBJ -DOPENSSL_SM3_ASM -DPOLY1305_ASM -DSHA1_ASM -DSHA256_ASM -DSHA512_ASM -DSM4_ASM -DVPAES_ASM -DVPSM4_ASM -fPIC -pthread -Wa,--noexecstack -Wall -O3 -DOPENSSL_USE_NODELETE -DOPENSSL_PIC -DOPENSSLDIR="\"/opt/ossl-static/ssl\"" -DENGINESDIR="\"/opt/ossl-static/lib/engines-3\"" -DMODULESDIR="\"/opt/ossl-static/lib/ossl-modules\"" -DOPENSSL_BUILDING_OPENSSL -DNDEBUG  -MMD -MF crypto/modes/libcrypto-lib-xts128.d.tmp -MT crypto/modes/libcrypto-lib-xts128.o -c -o crypto/modes/libcrypto-lib-xts128.o crypto/modes/xts128.c
gcc  -I. -Iinclude -Iproviders/common/include -Iproviders/implementations/include  -DBSAES_ASM -DECP_NISTZ256_ASM -DECP_SM2P256_ASM -DKECCAK1600_ASM -DMD5_ASM -DOPENSSL_BN_ASM_MONT -DOPENSSL_CPUID_OBJ -DOPENSSL_SM3_ASM -DPOLY1305_ASM -DSHA1_ASM -DSHA256_ASM -DSHA512_ASM -DSM4_ASM -DVPAES_ASM -DVPSM4_ASM -fPIC -pthread -Wa,--noexecstack -Wall -O3 -DOPENSSL_USE_NODELETE -DOPENSSL_PIC -DOPENSSLDIR="\"/opt/ossl-static/ssl\"" -DENGINESDIR="\"/opt/ossl-static/lib/engines-3\"" -DMODULESDIR="\"/opt/ossl-static/lib/ossl-modules\"" -DOPENSSL_BUILDING_OPENSSL -DNDEBUG  -MMD -MF crypto/modes/libcrypto-lib-xts128gb.d.tmp -MT crypto/modes/libcrypto-lib-xts128gb.o -c -o crypto/modes/libcrypto-lib-xts128gb.o crypto/modes/xts128gb.c
gcc  -I. -Iinclude -Iproviders/common/include -Iproviders/implementations/include  -DBSAES_ASM -DECP_NISTZ256_ASM -DECP_SM2P256_ASM -DKECCAK1600_ASM -DMD5_ASM -DOPENSSL_BN_ASM_MONT -DOPENSSL_CPUID_OBJ -DOPENSSL_SM3_ASM -DPOLY1305_ASM -DSHA1_ASM -DSHA256_ASM -DSHA512_ASM -DSM4_ASM -DVPAES_ASM -DVPSM4_ASM -fPIC -pthread -Wa,--noexecstack -Wall -O3 -DOPENSSL_USE_NODELETE -DOPENSSL_PIC -DOPENSSLDIR="\"/opt/ossl-static/ssl\"" -DENGINESDIR="\"/opt/ossl-static/lib/engines-3\"" -DMODULESDIR="\"/opt/ossl-static/lib/ossl-modules\"" -DOPENSSL_BUILDING_OPENSSL -DNDEBUG  -MMD -MF crypto/objects/libcrypto-lib-o_names.d.tmp -MT crypto/objects/libcrypto-lib-o_names.o -c -o crypto/objects/libcrypto-lib-o_names.o crypto/objects/o_names.c
gcc  -I. -Iinclude -Iproviders/common/include -Iproviders/implementations/include  -DBSAES_ASM -DECP_NISTZ256_ASM -DECP_SM2P256_ASM -DKECCAK1600_ASM -DMD5_ASM -DOPENSSL_BN_ASM_MONT -DOPENSSL_CPUID_OBJ -DOPENSSL_SM3_ASM -DPOLY1305_ASM -DSHA1_ASM -DSHA256_ASM -DSHA512_ASM -DSM4_ASM -DVPAES_ASM -DVPSM4_ASM -fPIC -pthread -Wa,--noexecstack -Wall -O3 -DOPENSSL_USE_NODELETE -DOPENSSL_PIC -DOPENSSLDIR="\"/opt/ossl-static/ssl\"" -DENGINESDIR="\"/opt/ossl-static/lib/engines-3\"" -DMODULESDIR="\"/opt/ossl-static/lib/ossl-modules\"" -DOPENSSL_BUILDING_OPENSSL -DNDEBUG  -MMD -MF crypto/objects/libcrypto-lib-obj_dat.d.tmp -MT crypto/objects/libcrypto-lib-obj_dat.o -c -o crypto/objects/libcrypto-lib-obj_dat.o crypto/objects/obj_dat.c
gcc  -I. -Iinclude -Iproviders/common/include -Iproviders/implementations/include  -DBSAES_ASM -DECP_NISTZ256_ASM -DECP_SM2P256_ASM -DKECCAK1600_ASM -DMD5_ASM -DOPENSSL_BN_ASM_MONT -DOPENSSL_CPUID_OBJ -DOPENSSL_SM3_ASM -DPOLY1305_ASM -DSHA1_ASM -DSHA256_ASM -DSHA512_ASM -DSM4_ASM -DVPAES_ASM -DVPSM4_ASM -fPIC -pthread -Wa,--noexecstack -Wall -O3 -DOPENSSL_USE_NODELETE -DOPENSSL_PIC -DOPENSSLDIR="\"/opt/ossl-static/ssl\"" -DENGINESDIR="\"/opt/ossl-static/lib/engines-3\"" -DMODULESDIR="\"/opt/ossl-static/lib/ossl-modules\"" -DOPENSSL_BUILDING_OPENSSL -DNDEBUG  -MMD -MF crypto/objects/libcrypto-lib-obj_err.d.tmp -MT crypto/objects/libcrypto-lib-obj_err.o -c -o crypto/objects/libcrypto-lib-obj_err.o crypto/objects/obj_err.c
gcc  -I. -Iinclude -Iproviders/common/include -Iproviders/implementations/include  -DBSAES_ASM -DECP_NISTZ256_ASM -DECP_SM2P256_ASM -DKECCAK1600_ASM -DMD5_ASM -DOPENSSL_BN_ASM_MONT -DOPENSSL_CPUID_OBJ -DOPENSSL_SM3_ASM -DPOLY1305_ASM -DSHA1_ASM -DSHA256_ASM -DSHA512_ASM -DSM4_ASM -DVPAES_ASM -DVPSM4_ASM -fPIC -pthread -Wa,--noexecstack -Wall -O3 -DOPENSSL_USE_NODELETE -DOPENSSL_PIC -DOPENSSLDIR="\"/opt/ossl-static/ssl\"" -DENGINESDIR="\"/opt/ossl-static/lib/engines-3\"" -DMODULESDIR="\"/opt/ossl-static/lib/ossl-modules\"" -DOPENSSL_BUILDING_OPENSSL -DNDEBUG  -MMD -MF crypto/objects/libcrypto-lib-obj_lib.d.tmp -MT crypto/objects/libcrypto-lib-obj_lib.o -c -o crypto/objects/libcrypto-lib-obj_lib.o crypto/objects/obj_lib.c
gcc  -I. -Iinclude -Iproviders/common/include -Iproviders/implementations/include  -DBSAES_ASM -DECP_NISTZ256_ASM -DECP_SM2P256_ASM -DKECCAK1600_ASM -DMD5_ASM -DOPENSSL_BN_ASM_MONT -DOPENSSL_CPUID_OBJ -DOPENSSL_SM3_ASM -DPOLY1305_ASM -DSHA1_ASM -DSHA256_ASM -DSHA512_ASM -DSM4_ASM -DVPAES_ASM -DVPSM4_ASM -fPIC -pthread -Wa,--noexecstack -Wall -O3 -DOPENSSL_USE_NODELETE -DOPENSSL_PIC -DOPENSSLDIR="\"/opt/ossl-static/ssl\"" -DENGINESDIR="\"/opt/ossl-static/lib/engines-3\"" -DMODULESDIR="\"/opt/ossl-static/lib/ossl-modules\"" -DOPENSSL_BUILDING_OPENSSL -DNDEBUG  -MMD -MF crypto/objects/libcrypto-lib-obj_xref.d.tmp -MT crypto/objects/libcrypto-lib-obj_xref.o -c -o crypto/objects/libcrypto-lib-obj_xref.o crypto/objects/obj_xref.c
gcc  -I. -Iinclude -Iproviders/common/include -Iproviders/implementations/include  -DBSAES_ASM -DECP_NISTZ256_ASM -DECP_SM2P256_ASM -DKECCAK1600_ASM -DMD5_ASM -DOPENSSL_BN_ASM_MONT -DOPENSSL_CPUID_OBJ -DOPENSSL_SM3_ASM -DPOLY1305_ASM -DSHA1_ASM -DSHA256_ASM -DSHA512_ASM -DSM4_ASM -DVPAES_ASM -DVPSM4_ASM -fPIC -pthread -Wa,--noexecstack -Wall -O3 -DOPENSSL_USE_NODELETE -DOPENSSL_PIC -DOPENSSLDIR="\"/opt/ossl-static/ssl\"" -DENGINESDIR="\"/opt/ossl-static/lib/engines-3\"" -DMODULESDIR="\"/opt/ossl-static/lib/ossl-modules\"" -DOPENSSL_BUILDING_OPENSSL -DNDEBUG  -MMD -MF crypto/ocsp/libcrypto-lib-ocsp_asn.d.tmp -MT crypto/ocsp/libcrypto-lib-ocsp_asn.o -c -o crypto/ocsp/libcrypto-lib-ocsp_asn.o crypto/ocsp/ocsp_asn.c
gcc  -I. -Iinclude -Iproviders/common/include -Iproviders/implementations/include  -DBSAES_ASM -DECP_NISTZ256_ASM -DECP_SM2P256_ASM -DKECCAK1600_ASM -DMD5_ASM -DOPENSSL_BN_ASM_MONT -DOPENSSL_CPUID_OBJ -DOPENSSL_SM3_ASM -DPOLY1305_ASM -DSHA1_ASM -DSHA256_ASM -DSHA512_ASM -DSM4_ASM -DVPAES_ASM -DVPSM4_ASM -fPIC -pthread -Wa,--noexecstack -Wall -O3 -DOPENSSL_USE_NODELETE -DOPENSSL_PIC -DOPENSSLDIR="\"/opt/ossl-static/ssl\"" -DENGINESDIR="\"/opt/ossl-static/lib/engines-3\"" -DMODULESDIR="\"/opt/ossl-static/lib/ossl-modules\"" -DOPENSSL_BUILDING_OPENSSL -DNDEBUG  -MMD -MF crypto/ocsp/libcrypto-lib-ocsp_cl.d.tmp -MT crypto/ocsp/libcrypto-lib-ocsp_cl.o -c -o crypto/ocsp/libcrypto-lib-ocsp_cl.o crypto/ocsp/ocsp_cl.c
gcc  -I. -Iinclude -Iproviders/common/include -Iproviders/implementations/include  -DBSAES_ASM -DECP_NISTZ256_ASM -DECP_SM2P256_ASM -DKECCAK1600_ASM -DMD5_ASM -DOPENSSL_BN_ASM_MONT -DOPENSSL_CPUID_OBJ -DOPENSSL_SM3_ASM -DPOLY1305_ASM -DSHA1_ASM -DSHA256_ASM -DSHA512_ASM -DSM4_ASM -DVPAES_ASM -DVPSM4_ASM -fPIC -pthread -Wa,--noexecstack -Wall -O3 -DOPENSSL_USE_NODELETE -DOPENSSL_PIC -DOPENSSLDIR="\"/opt/ossl-static/ssl\"" -DENGINESDIR="\"/opt/ossl-static/lib/engines-3\"" -DMODULESDIR="\"/opt/ossl-static/lib/ossl-modules\"" -DOPENSSL_BUILDING_OPENSSL -DNDEBUG  -MMD -MF crypto/ocsp/libcrypto-lib-ocsp_err.d.tmp -MT crypto/ocsp/libcrypto-lib-ocsp_err.o -c -o crypto/ocsp/libcrypto-lib-ocsp_err.o crypto/ocsp/ocsp_err.c
gcc  -I. -Iinclude -Iproviders/common/include -Iproviders/implementations/include  -DBSAES_ASM -DECP_NISTZ256_ASM -DECP_SM2P256_ASM -DKECCAK1600_ASM -DMD5_ASM -DOPENSSL_BN_ASM_MONT -DOPENSSL_CPUID_OBJ -DOPENSSL_SM3_ASM -DPOLY1305_ASM -DSHA1_ASM -DSHA256_ASM -DSHA512_ASM -DSM4_ASM -DVPAES_ASM -DVPSM4_ASM -fPIC -pthread -Wa,--noexecstack -Wall -O3 -DOPENSSL_USE_NODELETE -DOPENSSL_PIC -DOPENSSLDIR="\"/opt/ossl-static/ssl\"" -DENGINESDIR="\"/opt/ossl-static/lib/engines-3\"" -DMODULESDIR="\"/opt/ossl-static/lib/ossl-modules\"" -DOPENSSL_BUILDING_OPENSSL -DNDEBUG  -MMD -MF crypto/ocsp/libcrypto-lib-ocsp_ext.d.tmp -MT crypto/ocsp/libcrypto-lib-ocsp_ext.o -c -o crypto/ocsp/libcrypto-lib-ocsp_ext.o crypto/ocsp/ocsp_ext.c
gcc  -I. -Iinclude -Iproviders/common/include -Iproviders/implementations/include  -DBSAES_ASM -DECP_NISTZ256_ASM -DECP_SM2P256_ASM -DKECCAK1600_ASM -DMD5_ASM -DOPENSSL_BN_ASM_MONT -DOPENSSL_CPUID_OBJ -DOPENSSL_SM3_ASM -DPOLY1305_ASM -DSHA1_ASM -DSHA256_ASM -DSHA512_ASM -DSM4_ASM -DVPAES_ASM -DVPSM4_ASM -fPIC -pthread -Wa,--noexecstack -Wall -O3 -DOPENSSL_USE_NODELETE -DOPENSSL_PIC -DOPENSSLDIR="\"/opt/ossl-static/ssl\"" -DENGINESDIR="\"/opt/ossl-static/lib/engines-3\"" -DMODULESDIR="\"/opt/ossl-static/lib/ossl-modules\"" -DOPENSSL_BUILDING_OPENSSL -DNDEBUG  -MMD -MF crypto/ocsp/libcrypto-lib-ocsp_http.d.tmp -MT crypto/ocsp/libcrypto-lib-ocsp_http.o -c -o crypto/ocsp/libcrypto-lib-ocsp_http.o crypto/ocsp/ocsp_http.c
gcc  -I. -Iinclude -Iproviders/common/include -Iproviders/implementations/include  -DBSAES_ASM -DECP_NISTZ256_ASM -DECP_SM2P256_ASM -DKECCAK1600_ASM -DMD5_ASM -DOPENSSL_BN_ASM_MONT -DOPENSSL_CPUID_OBJ -DOPENSSL_SM3_ASM -DPOLY1305_ASM -DSHA1_ASM -DSHA256_ASM -DSHA512_ASM -DSM4_ASM -DVPAES_ASM -DVPSM4_ASM -fPIC -pthread -Wa,--noexecstack -Wall -O3 -DOPENSSL_USE_NODELETE -DOPENSSL_PIC -DOPENSSLDIR="\"/opt/ossl-static/ssl\"" -DENGINESDIR="\"/opt/ossl-static/lib/engines-3\"" -DMODULESDIR="\"/opt/ossl-static/lib/ossl-modules\"" -DOPENSSL_BUILDING_OPENSSL -DNDEBUG  -MMD -MF crypto/ocsp/libcrypto-lib-ocsp_lib.d.tmp -MT crypto/ocsp/libcrypto-lib-ocsp_lib.o -c -o crypto/ocsp/libcrypto-lib-ocsp_lib.o crypto/ocsp/ocsp_lib.c
gcc  -I. -Iinclude -Iproviders/common/include -Iproviders/implementations/include  -DBSAES_ASM -DECP_NISTZ256_ASM -DECP_SM2P256_ASM -DKECCAK1600_ASM -DMD5_ASM -DOPENSSL_BN_ASM_MONT -DOPENSSL_CPUID_OBJ -DOPENSSL_SM3_ASM -DPOLY1305_ASM -DSHA1_ASM -DSHA256_ASM -DSHA512_ASM -DSM4_ASM -DVPAES_ASM -DVPSM4_ASM -fPIC -pthread -Wa,--noexecstack -Wall -O3 -DOPENSSL_USE_NODELETE -DOPENSSL_PIC -DOPENSSLDIR="\"/opt/ossl-static/ssl\"" -DENGINESDIR="\"/opt/ossl-static/lib/engines-3\"" -DMODULESDIR="\"/opt/ossl-static/lib/ossl-modules\"" -DOPENSSL_BUILDING_OPENSSL -DNDEBUG  -MMD -MF crypto/ocsp/libcrypto-lib-ocsp_prn.d.tmp -MT crypto/ocsp/libcrypto-lib-ocsp_prn.o -c -o crypto/ocsp/libcrypto-lib-ocsp_prn.o crypto/ocsp/ocsp_prn.c
gcc  -I. -Iinclude -Iproviders/common/include -Iproviders/implementations/include  -DBSAES_ASM -DECP_NISTZ256_ASM -DECP_SM2P256_ASM -DKECCAK1600_ASM -DMD5_ASM -DOPENSSL_BN_ASM_MONT -DOPENSSL_CPUID_OBJ -DOPENSSL_SM3_ASM -DPOLY1305_ASM -DSHA1_ASM -DSHA256_ASM -DSHA512_ASM -DSM4_ASM -DVPAES_ASM -DVPSM4_ASM -fPIC -pthread -Wa,--noexecstack -Wall -O3 -DOPENSSL_USE_NODELETE -DOPENSSL_PIC -DOPENSSLDIR="\"/opt/ossl-static/ssl\"" -DENGINESDIR="\"/opt/ossl-static/lib/engines-3\"" -DMODULESDIR="\"/opt/ossl-static/lib/ossl-modules\"" -DOPENSSL_BUILDING_OPENSSL -DNDEBUG  -MMD -MF crypto/ocsp/libcrypto-lib-ocsp_srv.d.tmp -MT crypto/ocsp/libcrypto-lib-ocsp_srv.o -c -o crypto/ocsp/libcrypto-lib-ocsp_srv.o crypto/ocsp/ocsp_srv.c
gcc  -I. -Iinclude -Iproviders/common/include -Iproviders/implementations/include  -DBSAES_ASM -DECP_NISTZ256_ASM -DECP_SM2P256_ASM -DKECCAK1600_ASM -DMD5_ASM -DOPENSSL_BN_ASM_MONT -DOPENSSL_CPUID_OBJ -DOPENSSL_SM3_ASM -DPOLY1305_ASM -DSHA1_ASM -DSHA256_ASM -DSHA512_ASM -DSM4_ASM -DVPAES_ASM -DVPSM4_ASM -fPIC -pthread -Wa,--noexecstack -Wall -O3 -DOPENSSL_USE_NODELETE -DOPENSSL_PIC -DOPENSSLDIR="\"/opt/ossl-static/ssl\"" -DENGINESDIR="\"/opt/ossl-static/lib/engines-3\"" -DMODULESDIR="\"/opt/ossl-static/lib/ossl-modules\"" -DOPENSSL_BUILDING_OPENSSL -DNDEBUG  -MMD -MF crypto/ocsp/libcrypto-lib-ocsp_vfy.d.tmp -MT crypto/ocsp/libcrypto-lib-ocsp_vfy.o -c -o crypto/ocsp/libcrypto-lib-ocsp_vfy.o crypto/ocsp/ocsp_vfy.c
gcc  -I. -Iinclude -Iproviders/common/include -Iproviders/implementations/include  -DBSAES_ASM -DECP_NISTZ256_ASM -DECP_SM2P256_ASM -DKECCAK1600_ASM -DMD5_ASM -DOPENSSL_BN_ASM_MONT -DOPENSSL_CPUID_OBJ -DOPENSSL_SM3_ASM -DPOLY1305_ASM -DSHA1_ASM -DSHA256_ASM -DSHA512_ASM -DSM4_ASM -DVPAES_ASM -DVPSM4_ASM -fPIC -pthread -Wa,--noexecstack -Wall -O3 -DOPENSSL_USE_NODELETE -DOPENSSL_PIC -DOPENSSLDIR="\"/opt/ossl-static/ssl\"" -DENGINESDIR="\"/opt/ossl-static/lib/engines-3\"" -DMODULESDIR="\"/opt/ossl-static/lib/ossl-modules\"" -DOPENSSL_BUILDING_OPENSSL -DNDEBUG  -MMD -MF crypto/ocsp/libcrypto-lib-v3_ocsp.d.tmp -MT crypto/ocsp/libcrypto-lib-v3_ocsp.o -c -o crypto/ocsp/libcrypto-lib-v3_ocsp.o crypto/ocsp/v3_ocsp.c
gcc  -I. -Iinclude -Iproviders/common/include -Iproviders/implementations/include  -DBSAES_ASM -DECP_NISTZ256_ASM -DECP_SM2P256_ASM -DKECCAK1600_ASM -DMD5_ASM -DOPENSSL_BN_ASM_MONT -DOPENSSL_CPUID_OBJ -DOPENSSL_SM3_ASM -DPOLY1305_ASM -DSHA1_ASM -DSHA256_ASM -DSHA512_ASM -DSM4_ASM -DVPAES_ASM -DVPSM4_ASM -fPIC -pthread -Wa,--noexecstack -Wall -O3 -DOPENSSL_USE_NODELETE -DOPENSSL_PIC -DOPENSSLDIR="\"/opt/ossl-static/ssl\"" -DENGINESDIR="\"/opt/ossl-static/lib/engines-3\"" -DMODULESDIR="\"/opt/ossl-static/lib/ossl-modules\"" -DOPENSSL_BUILDING_OPENSSL -DNDEBUG  -MMD -MF crypto/pem/libcrypto-lib-pem_all.d.tmp -MT crypto/pem/libcrypto-lib-pem_all.o -c -o crypto/pem/libcrypto-lib-pem_all.o crypto/pem/pem_all.c
gcc  -I. -Iinclude -Iproviders/common/include -Iproviders/implementations/include  -DBSAES_ASM -DECP_NISTZ256_ASM -DECP_SM2P256_ASM -DKECCAK1600_ASM -DMD5_ASM -DOPENSSL_BN_ASM_MONT -DOPENSSL_CPUID_OBJ -DOPENSSL_SM3_ASM -DPOLY1305_ASM -DSHA1_ASM -DSHA256_ASM -DSHA512_ASM -DSM4_ASM -DVPAES_ASM -DVPSM4_ASM -fPIC -pthread -Wa,--noexecstack -Wall -O3 -DOPENSSL_USE_NODELETE -DOPENSSL_PIC -DOPENSSLDIR="\"/opt/ossl-static/ssl\"" -DENGINESDIR="\"/opt/ossl-static/lib/engines-3\"" -DMODULESDIR="\"/opt/ossl-static/lib/ossl-modules\"" -DOPENSSL_BUILDING_OPENSSL -DNDEBUG  -MMD -MF crypto/pem/libcrypto-lib-pem_err.d.tmp -MT crypto/pem/libcrypto-lib-pem_err.o -c -o crypto/pem/libcrypto-lib-pem_err.o crypto/pem/pem_err.c
gcc  -I. -Iinclude -Iproviders/common/include -Iproviders/implementations/include  -DBSAES_ASM -DECP_NISTZ256_ASM -DECP_SM2P256_ASM -DKECCAK1600_ASM -DMD5_ASM -DOPENSSL_BN_ASM_MONT -DOPENSSL_CPUID_OBJ -DOPENSSL_SM3_ASM -DPOLY1305_ASM -DSHA1_ASM -DSHA256_ASM -DSHA512_ASM -DSM4_ASM -DVPAES_ASM -DVPSM4_ASM -fPIC -pthread -Wa,--noexecstack -Wall -O3 -DOPENSSL_USE_NODELETE -DOPENSSL_PIC -DOPENSSLDIR="\"/opt/ossl-static/ssl\"" -DENGINESDIR="\"/opt/ossl-static/lib/engines-3\"" -DMODULESDIR="\"/opt/ossl-static/lib/ossl-modules\"" -DOPENSSL_BUILDING_OPENSSL -DNDEBUG  -MMD -MF crypto/pem/libcrypto-lib-pem_info.d.tmp -MT crypto/pem/libcrypto-lib-pem_info.o -c -o crypto/pem/libcrypto-lib-pem_info.o crypto/pem/pem_info.c
gcc  -I. -Iinclude -Iproviders/common/include -Iproviders/implementations/include  -DBSAES_ASM -DECP_NISTZ256_ASM -DECP_SM2P256_ASM -DKECCAK1600_ASM -DMD5_ASM -DOPENSSL_BN_ASM_MONT -DOPENSSL_CPUID_OBJ -DOPENSSL_SM3_ASM -DPOLY1305_ASM -DSHA1_ASM -DSHA256_ASM -DSHA512_ASM -DSM4_ASM -DVPAES_ASM -DVPSM4_ASM -fPIC -pthread -Wa,--noexecstack -Wall -O3 -DOPENSSL_USE_NODELETE -DOPENSSL_PIC -DOPENSSLDIR="\"/opt/ossl-static/ssl\"" -DENGINESDIR="\"/opt/ossl-static/lib/engines-3\"" -DMODULESDIR="\"/opt/ossl-static/lib/ossl-modules\"" -DOPENSSL_BUILDING_OPENSSL -DNDEBUG  -MMD -MF crypto/pem/libcrypto-lib-pem_lib.d.tmp -MT crypto/pem/libcrypto-lib-pem_lib.o -c -o crypto/pem/libcrypto-lib-pem_lib.o crypto/pem/pem_lib.c
gcc  -I. -Iinclude -Iproviders/common/include -Iproviders/implementations/include  -DBSAES_ASM -DECP_NISTZ256_ASM -DECP_SM2P256_ASM -DKECCAK1600_ASM -DMD5_ASM -DOPENSSL_BN_ASM_MONT -DOPENSSL_CPUID_OBJ -DOPENSSL_SM3_ASM -DPOLY1305_ASM -DSHA1_ASM -DSHA256_ASM -DSHA512_ASM -DSM4_ASM -DVPAES_ASM -DVPSM4_ASM -fPIC -pthread -Wa,--noexecstack -Wall -O3 -DOPENSSL_USE_NODELETE -DOPENSSL_PIC -DOPENSSLDIR="\"/opt/ossl-static/ssl\"" -DENGINESDIR="\"/opt/ossl-static/lib/engines-3\"" -DMODULESDIR="\"/opt/ossl-static/lib/ossl-modules\"" -DOPENSSL_BUILDING_OPENSSL -DNDEBUG  -MMD -MF crypto/pem/libcrypto-lib-pem_oth.d.tmp -MT crypto/pem/libcrypto-lib-pem_oth.o -c -o crypto/pem/libcrypto-lib-pem_oth.o crypto/pem/pem_oth.c
gcc  -I. -Iinclude -Iproviders/common/include -Iproviders/implementations/include  -DBSAES_ASM -DECP_NISTZ256_ASM -DECP_SM2P256_ASM -DKECCAK1600_ASM -DMD5_ASM -DOPENSSL_BN_ASM_MONT -DOPENSSL_CPUID_OBJ -DOPENSSL_SM3_ASM -DPOLY1305_ASM -DSHA1_ASM -DSHA256_ASM -DSHA512_ASM -DSM4_ASM -DVPAES_ASM -DVPSM4_ASM -fPIC -pthread -Wa,--noexecstack -Wall -O3 -DOPENSSL_USE_NODELETE -DOPENSSL_PIC -DOPENSSLDIR="\"/opt/ossl-static/ssl\"" -DENGINESDIR="\"/opt/ossl-static/lib/engines-3\"" -DMODULESDIR="\"/opt/ossl-static/lib/ossl-modules\"" -DOPENSSL_BUILDING_OPENSSL -DNDEBUG  -MMD -MF crypto/pem/libcrypto-lib-pem_pk8.d.tmp -MT crypto/pem/libcrypto-lib-pem_pk8.o -c -o crypto/pem/libcrypto-lib-pem_pk8.o crypto/pem/pem_pk8.c
gcc  -I. -Iinclude -Iproviders/common/include -Iproviders/implementations/include  -DBSAES_ASM -DECP_NISTZ256_ASM -DECP_SM2P256_ASM -DKECCAK1600_ASM -DMD5_ASM -DOPENSSL_BN_ASM_MONT -DOPENSSL_CPUID_OBJ -DOPENSSL_SM3_ASM -DPOLY1305_ASM -DSHA1_ASM -DSHA256_ASM -DSHA512_ASM -DSM4_ASM -DVPAES_ASM -DVPSM4_ASM -fPIC -pthread -Wa,--noexecstack -Wall -O3 -DOPENSSL_USE_NODELETE -DOPENSSL_PIC -DOPENSSLDIR="\"/opt/ossl-static/ssl\"" -DENGINESDIR="\"/opt/ossl-static/lib/engines-3\"" -DMODULESDIR="\"/opt/ossl-static/lib/ossl-modules\"" -DOPENSSL_BUILDING_OPENSSL -DNDEBUG  -MMD -MF crypto/pem/libcrypto-lib-pem_pkey.d.tmp -MT crypto/pem/libcrypto-lib-pem_pkey.o -c -o crypto/pem/libcrypto-lib-pem_pkey.o crypto/pem/pem_pkey.c
gcc  -I. -Iinclude -Iproviders/common/include -Iproviders/implementations/include  -DBSAES_ASM -DECP_NISTZ256_ASM -DECP_SM2P256_ASM -DKECCAK1600_ASM -DMD5_ASM -DOPENSSL_BN_ASM_MONT -DOPENSSL_CPUID_OBJ -DOPENSSL_SM3_ASM -DPOLY1305_ASM -DSHA1_ASM -DSHA256_ASM -DSHA512_ASM -DSM4_ASM -DVPAES_ASM -DVPSM4_ASM -fPIC -pthread -Wa,--noexecstack -Wall -O3 -DOPENSSL_USE_NODELETE -DOPENSSL_PIC -DOPENSSLDIR="\"/opt/ossl-static/ssl\"" -DENGINESDIR="\"/opt/ossl-static/lib/engines-3\"" -DMODULESDIR="\"/opt/ossl-static/lib/ossl-modules\"" -DOPENSSL_BUILDING_OPENSSL -DNDEBUG  -MMD -MF crypto/pem/libcrypto-lib-pem_sign.d.tmp -MT crypto/pem/libcrypto-lib-pem_sign.o -c -o crypto/pem/libcrypto-lib-pem_sign.o crypto/pem/pem_sign.c
gcc  -I. -Iinclude -Iproviders/common/include -Iproviders/implementations/include  -DBSAES_ASM -DECP_NISTZ256_ASM -DECP_SM2P256_ASM -DKECCAK1600_ASM -DMD5_ASM -DOPENSSL_BN_ASM_MONT -DOPENSSL_CPUID_OBJ -DOPENSSL_SM3_ASM -DPOLY1305_ASM -DSHA1_ASM -DSHA256_ASM -DSHA512_ASM -DSM4_ASM -DVPAES_ASM -DVPSM4_ASM -fPIC -pthread -Wa,--noexecstack -Wall -O3 -DOPENSSL_USE_NODELETE -DOPENSSL_PIC -DOPENSSLDIR="\"/opt/ossl-static/ssl\"" -DENGINESDIR="\"/opt/ossl-static/lib/engines-3\"" -DMODULESDIR="\"/opt/ossl-static/lib/ossl-modules\"" -DOPENSSL_BUILDING_OPENSSL -DNDEBUG  -MMD -MF crypto/pem/libcrypto-lib-pem_x509.d.tmp -MT crypto/pem/libcrypto-lib-pem_x509.o -c -o crypto/pem/libcrypto-lib-pem_x509.o crypto/pem/pem_x509.c
gcc  -I. -Iinclude -Iproviders/common/include -Iproviders/implementations/include  -DBSAES_ASM -DECP_NISTZ256_ASM -DECP_SM2P256_ASM -DKECCAK1600_ASM -DMD5_ASM -DOPENSSL_BN_ASM_MONT -DOPENSSL_CPUID_OBJ -DOPENSSL_SM3_ASM -DPOLY1305_ASM -DSHA1_ASM -DSHA256_ASM -DSHA512_ASM -DSM4_ASM -DVPAES_ASM -DVPSM4_ASM -fPIC -pthread -Wa,--noexecstack -Wall -O3 -DOPENSSL_USE_NODELETE -DOPENSSL_PIC -DOPENSSLDIR="\"/opt/ossl-static/ssl\"" -DENGINESDIR="\"/opt/ossl-static/lib/engines-3\"" -DMODULESDIR="\"/opt/ossl-static/lib/ossl-modules\"" -DOPENSSL_BUILDING_OPENSSL -DNDEBUG  -MMD -MF crypto/pem/libcrypto-lib-pem_xaux.d.tmp -MT crypto/pem/libcrypto-lib-pem_xaux.o -c -o crypto/pem/libcrypto-lib-pem_xaux.o crypto/pem/pem_xaux.c
gcc  -I. -Iinclude -Iproviders/common/include -Iproviders/implementations/include  -DBSAES_ASM -DECP_NISTZ256_ASM -DECP_SM2P256_ASM -DKECCAK1600_ASM -DMD5_ASM -DOPENSSL_BN_ASM_MONT -DOPENSSL_CPUID_OBJ -DOPENSSL_SM3_ASM -DPOLY1305_ASM -DSHA1_ASM -DSHA256_ASM -DSHA512_ASM -DSM4_ASM -DVPAES_ASM -DVPSM4_ASM -fPIC -pthread -Wa,--noexecstack -Wall -O3 -DOPENSSL_USE_NODELETE -DOPENSSL_PIC -DOPENSSLDIR="\"/opt/ossl-static/ssl\"" -DENGINESDIR="\"/opt/ossl-static/lib/engines-3\"" -DMODULESDIR="\"/opt/ossl-static/lib/ossl-modules\"" -DOPENSSL_BUILDING_OPENSSL -DNDEBUG  -MMD -MF crypto/pem/libcrypto-lib-pvkfmt.d.tmp -MT crypto/pem/libcrypto-lib-pvkfmt.o -c -o crypto/pem/libcrypto-lib-pvkfmt.o crypto/pem/pvkfmt.c
gcc  -I. -Iinclude -Iproviders/common/include -Iproviders/implementations/include  -DBSAES_ASM -DECP_NISTZ256_ASM -DECP_SM2P256_ASM -DKECCAK1600_ASM -DMD5_ASM -DOPENSSL_BN_ASM_MONT -DOPENSSL_CPUID_OBJ -DOPENSSL_SM3_ASM -DPOLY1305_ASM -DSHA1_ASM -DSHA256_ASM -DSHA512_ASM -DSM4_ASM -DVPAES_ASM -DVPSM4_ASM -fPIC -pthread -Wa,--noexecstack -Wall -O3 -DOPENSSL_USE_NODELETE -DOPENSSL_PIC -DOPENSSLDIR="\"/opt/ossl-static/ssl\"" -DENGINESDIR="\"/opt/ossl-static/lib/engines-3\"" -DMODULESDIR="\"/opt/ossl-static/lib/ossl-modules\"" -DOPENSSL_BUILDING_OPENSSL -DNDEBUG  -MMD -MF crypto/pkcs12/libcrypto-lib-p12_add.d.tmp -MT crypto/pkcs12/libcrypto-lib-p12_add.o -c -o crypto/pkcs12/libcrypto-lib-p12_add.o crypto/pkcs12/p12_add.c
gcc  -I. -Iinclude -Iproviders/common/include -Iproviders/implementations/include  -DBSAES_ASM -DECP_NISTZ256_ASM -DECP_SM2P256_ASM -DKECCAK1600_ASM -DMD5_ASM -DOPENSSL_BN_ASM_MONT -DOPENSSL_CPUID_OBJ -DOPENSSL_SM3_ASM -DPOLY1305_ASM -DSHA1_ASM -DSHA256_ASM -DSHA512_ASM -DSM4_ASM -DVPAES_ASM -DVPSM4_ASM -fPIC -pthread -Wa,--noexecstack -Wall -O3 -DOPENSSL_USE_NODELETE -DOPENSSL_PIC -DOPENSSLDIR="\"/opt/ossl-static/ssl\"" -DENGINESDIR="\"/opt/ossl-static/lib/engines-3\"" -DMODULESDIR="\"/opt/ossl-static/lib/ossl-modules\"" -DOPENSSL_BUILDING_OPENSSL -DNDEBUG  -MMD -MF crypto/pkcs12/libcrypto-lib-p12_asn.d.tmp -MT crypto/pkcs12/libcrypto-lib-p12_asn.o -c -o crypto/pkcs12/libcrypto-lib-p12_asn.o crypto/pkcs12/p12_asn.c
gcc  -I. -Iinclude -Iproviders/common/include -Iproviders/implementations/include  -DBSAES_ASM -DECP_NISTZ256_ASM -DECP_SM2P256_ASM -DKECCAK1600_ASM -DMD5_ASM -DOPENSSL_BN_ASM_MONT -DOPENSSL_CPUID_OBJ -DOPENSSL_SM3_ASM -DPOLY1305_ASM -DSHA1_ASM -DSHA256_ASM -DSHA512_ASM -DSM4_ASM -DVPAES_ASM -DVPSM4_ASM -fPIC -pthread -Wa,--noexecstack -Wall -O3 -DOPENSSL_USE_NODELETE -DOPENSSL_PIC -DOPENSSLDIR="\"/opt/ossl-static/ssl\"" -DENGINESDIR="\"/opt/ossl-static/lib/engines-3\"" -DMODULESDIR="\"/opt/ossl-static/lib/ossl-modules\"" -DOPENSSL_BUILDING_OPENSSL -DNDEBUG  -MMD -MF crypto/pkcs12/libcrypto-lib-p12_attr.d.tmp -MT crypto/pkcs12/libcrypto-lib-p12_attr.o -c -o crypto/pkcs12/libcrypto-lib-p12_attr.o crypto/pkcs12/p12_attr.c
gcc  -I. -Iinclude -Iproviders/common/include -Iproviders/implementations/include  -DBSAES_ASM -DECP_NISTZ256_ASM -DECP_SM2P256_ASM -DKECCAK1600_ASM -DMD5_ASM -DOPENSSL_BN_ASM_MONT -DOPENSSL_CPUID_OBJ -DOPENSSL_SM3_ASM -DPOLY1305_ASM -DSHA1_ASM -DSHA256_ASM -DSHA512_ASM -DSM4_ASM -DVPAES_ASM -DVPSM4_ASM -fPIC -pthread -Wa,--noexecstack -Wall -O3 -DOPENSSL_USE_NODELETE -DOPENSSL_PIC -DOPENSSLDIR="\"/opt/ossl-static/ssl\"" -DENGINESDIR="\"/opt/ossl-static/lib/engines-3\"" -DMODULESDIR="\"/opt/ossl-static/lib/ossl-modules\"" -DOPENSSL_BUILDING_OPENSSL -DNDEBUG  -MMD -MF crypto/pkcs12/libcrypto-lib-p12_crpt.d.tmp -MT crypto/pkcs12/libcrypto-lib-p12_crpt.o -c -o crypto/pkcs12/libcrypto-lib-p12_crpt.o crypto/pkcs12/p12_crpt.c
gcc  -I. -Iinclude -Iproviders/common/include -Iproviders/implementations/include  -DBSAES_ASM -DECP_NISTZ256_ASM -DECP_SM2P256_ASM -DKECCAK1600_ASM -DMD5_ASM -DOPENSSL_BN_ASM_MONT -DOPENSSL_CPUID_OBJ -DOPENSSL_SM3_ASM -DPOLY1305_ASM -DSHA1_ASM -DSHA256_ASM -DSHA512_ASM -DSM4_ASM -DVPAES_ASM -DVPSM4_ASM -fPIC -pthread -Wa,--noexecstack -Wall -O3 -DOPENSSL_USE_NODELETE -DOPENSSL_PIC -DOPENSSLDIR="\"/opt/ossl-static/ssl\"" -DENGINESDIR="\"/opt/ossl-static/lib/engines-3\"" -DMODULESDIR="\"/opt/ossl-static/lib/ossl-modules\"" -DOPENSSL_BUILDING_OPENSSL -DNDEBUG  -MMD -MF crypto/pkcs12/libcrypto-lib-p12_crt.d.tmp -MT crypto/pkcs12/libcrypto-lib-p12_crt.o -c -o crypto/pkcs12/libcrypto-lib-p12_crt.o crypto/pkcs12/p12_crt.c
gcc  -I. -Iinclude -Iproviders/common/include -Iproviders/implementations/include  -DBSAES_ASM -DECP_NISTZ256_ASM -DECP_SM2P256_ASM -DKECCAK1600_ASM -DMD5_ASM -DOPENSSL_BN_ASM_MONT -DOPENSSL_CPUID_OBJ -DOPENSSL_SM3_ASM -DPOLY1305_ASM -DSHA1_ASM -DSHA256_ASM -DSHA512_ASM -DSM4_ASM -DVPAES_ASM -DVPSM4_ASM -fPIC -pthread -Wa,--noexecstack -Wall -O3 -DOPENSSL_USE_NODELETE -DOPENSSL_PIC -DOPENSSLDIR="\"/opt/ossl-static/ssl\"" -DENGINESDIR="\"/opt/ossl-static/lib/engines-3\"" -DMODULESDIR="\"/opt/ossl-static/lib/ossl-modules\"" -DOPENSSL_BUILDING_OPENSSL -DNDEBUG  -MMD -MF crypto/pkcs12/libcrypto-lib-p12_decr.d.tmp -MT crypto/pkcs12/libcrypto-lib-p12_decr.o -c -o crypto/pkcs12/libcrypto-lib-p12_decr.o crypto/pkcs12/p12_decr.c
gcc  -I. -Iinclude -Iproviders/common/include -Iproviders/implementations/include  -DBSAES_ASM -DECP_NISTZ256_ASM -DECP_SM2P256_ASM -DKECCAK1600_ASM -DMD5_ASM -DOPENSSL_BN_ASM_MONT -DOPENSSL_CPUID_OBJ -DOPENSSL_SM3_ASM -DPOLY1305_ASM -DSHA1_ASM -DSHA256_ASM -DSHA512_ASM -DSM4_ASM -DVPAES_ASM -DVPSM4_ASM -fPIC -pthread -Wa,--noexecstack -Wall -O3 -DOPENSSL_USE_NODELETE -DOPENSSL_PIC -DOPENSSLDIR="\"/opt/ossl-static/ssl\"" -DENGINESDIR="\"/opt/ossl-static/lib/engines-3\"" -DMODULESDIR="\"/opt/ossl-static/lib/ossl-modules\"" -DOPENSSL_BUILDING_OPENSSL -DNDEBUG  -MMD -MF crypto/pkcs12/libcrypto-lib-p12_init.d.tmp -MT crypto/pkcs12/libcrypto-lib-p12_init.o -c -o crypto/pkcs12/libcrypto-lib-p12_init.o crypto/pkcs12/p12_init.c
gcc  -I. -Iinclude -Iproviders/common/include -Iproviders/implementations/include  -DBSAES_ASM -DECP_NISTZ256_ASM -DECP_SM2P256_ASM -DKECCAK1600_ASM -DMD5_ASM -DOPENSSL_BN_ASM_MONT -DOPENSSL_CPUID_OBJ -DOPENSSL_SM3_ASM -DPOLY1305_ASM -DSHA1_ASM -DSHA256_ASM -DSHA512_ASM -DSM4_ASM -DVPAES_ASM -DVPSM4_ASM -fPIC -pthread -Wa,--noexecstack -Wall -O3 -DOPENSSL_USE_NODELETE -DOPENSSL_PIC -DOPENSSLDIR="\"/opt/ossl-static/ssl\"" -DENGINESDIR="\"/opt/ossl-static/lib/engines-3\"" -DMODULESDIR="\"/opt/ossl-static/lib/ossl-modules\"" -DOPENSSL_BUILDING_OPENSSL -DNDEBUG  -MMD -MF crypto/pkcs12/libcrypto-lib-p12_key.d.tmp -MT crypto/pkcs12/libcrypto-lib-p12_key.o -c -o crypto/pkcs12/libcrypto-lib-p12_key.o crypto/pkcs12/p12_key.c
gcc  -I. -Iinclude -Iproviders/common/include -Iproviders/implementations/include  -DBSAES_ASM -DECP_NISTZ256_ASM -DECP_SM2P256_ASM -DKECCAK1600_ASM -DMD5_ASM -DOPENSSL_BN_ASM_MONT -DOPENSSL_CPUID_OBJ -DOPENSSL_SM3_ASM -DPOLY1305_ASM -DSHA1_ASM -DSHA256_ASM -DSHA512_ASM -DSM4_ASM -DVPAES_ASM -DVPSM4_ASM -fPIC -pthread -Wa,--noexecstack -Wall -O3 -DOPENSSL_USE_NODELETE -DOPENSSL_PIC -DOPENSSLDIR="\"/opt/ossl-static/ssl\"" -DENGINESDIR="\"/opt/ossl-static/lib/engines-3\"" -DMODULESDIR="\"/opt/ossl-static/lib/ossl-modules\"" -DOPENSSL_BUILDING_OPENSSL -DNDEBUG  -MMD -MF crypto/pkcs12/libcrypto-lib-p12_kiss.d.tmp -MT crypto/pkcs12/libcrypto-lib-p12_kiss.o -c -o crypto/pkcs12/libcrypto-lib-p12_kiss.o crypto/pkcs12/p12_kiss.c
gcc  -I. -Iinclude -Iproviders/common/include -Iproviders/implementations/include  -DBSAES_ASM -DECP_NISTZ256_ASM -DECP_SM2P256_ASM -DKECCAK1600_ASM -DMD5_ASM -DOPENSSL_BN_ASM_MONT -DOPENSSL_CPUID_OBJ -DOPENSSL_SM3_ASM -DPOLY1305_ASM -DSHA1_ASM -DSHA256_ASM -DSHA512_ASM -DSM4_ASM -DVPAES_ASM -DVPSM4_ASM -fPIC -pthread -Wa,--noexecstack -Wall -O3 -DOPENSSL_USE_NODELETE -DOPENSSL_PIC -DOPENSSLDIR="\"/opt/ossl-static/ssl\"" -DENGINESDIR="\"/opt/ossl-static/lib/engines-3\"" -DMODULESDIR="\"/opt/ossl-static/lib/ossl-modules\"" -DOPENSSL_BUILDING_OPENSSL -DNDEBUG  -MMD -MF crypto/pkcs12/libcrypto-lib-p12_mutl.d.tmp -MT crypto/pkcs12/libcrypto-lib-p12_mutl.o -c -o crypto/pkcs12/libcrypto-lib-p12_mutl.o crypto/pkcs12/p12_mutl.c
gcc  -I. -Iinclude -Iproviders/common/include -Iproviders/implementations/include  -DBSAES_ASM -DECP_NISTZ256_ASM -DECP_SM2P256_ASM -DKECCAK1600_ASM -DMD5_ASM -DOPENSSL_BN_ASM_MONT -DOPENSSL_CPUID_OBJ -DOPENSSL_SM3_ASM -DPOLY1305_ASM -DSHA1_ASM -DSHA256_ASM -DSHA512_ASM -DSM4_ASM -DVPAES_ASM -DVPSM4_ASM -fPIC -pthread -Wa,--noexecstack -Wall -O3 -DOPENSSL_USE_NODELETE -DOPENSSL_PIC -DOPENSSLDIR="\"/opt/ossl-static/ssl\"" -DENGINESDIR="\"/opt/ossl-static/lib/engines-3\"" -DMODULESDIR="\"/opt/ossl-static/lib/ossl-modules\"" -DOPENSSL_BUILDING_OPENSSL -DNDEBUG  -MMD -MF crypto/pkcs12/libcrypto-lib-p12_npas.d.tmp -MT crypto/pkcs12/libcrypto-lib-p12_npas.o -c -o crypto/pkcs12/libcrypto-lib-p12_npas.o crypto/pkcs12/p12_npas.c
gcc  -I. -Iinclude -Iproviders/common/include -Iproviders/implementations/include  -DBSAES_ASM -DECP_NISTZ256_ASM -DECP_SM2P256_ASM -DKECCAK1600_ASM -DMD5_ASM -DOPENSSL_BN_ASM_MONT -DOPENSSL_CPUID_OBJ -DOPENSSL_SM3_ASM -DPOLY1305_ASM -DSHA1_ASM -DSHA256_ASM -DSHA512_ASM -DSM4_ASM -DVPAES_ASM -DVPSM4_ASM -fPIC -pthread -Wa,--noexecstack -Wall -O3 -DOPENSSL_USE_NODELETE -DOPENSSL_PIC -DOPENSSLDIR="\"/opt/ossl-static/ssl\"" -DENGINESDIR="\"/opt/ossl-static/lib/engines-3\"" -DMODULESDIR="\"/opt/ossl-static/lib/ossl-modules\"" -DOPENSSL_BUILDING_OPENSSL -DNDEBUG  -MMD -MF crypto/pkcs12/libcrypto-lib-p12_p8d.d.tmp -MT crypto/pkcs12/libcrypto-lib-p12_p8d.o -c -o crypto/pkcs12/libcrypto-lib-p12_p8d.o crypto/pkcs12/p12_p8d.c
gcc  -I. -Iinclude -Iproviders/common/include -Iproviders/implementations/include  -DBSAES_ASM -DECP_NISTZ256_ASM -DECP_SM2P256_ASM -DKECCAK1600_ASM -DMD5_ASM -DOPENSSL_BN_ASM_MONT -DOPENSSL_CPUID_OBJ -DOPENSSL_SM3_ASM -DPOLY1305_ASM -DSHA1_ASM -DSHA256_ASM -DSHA512_ASM -DSM4_ASM -DVPAES_ASM -DVPSM4_ASM -fPIC -pthread -Wa,--noexecstack -Wall -O3 -DOPENSSL_USE_NODELETE -DOPENSSL_PIC -DOPENSSLDIR="\"/opt/ossl-static/ssl\"" -DENGINESDIR="\"/opt/ossl-static/lib/engines-3\"" -DMODULESDIR="\"/opt/ossl-static/lib/ossl-modules\"" -DOPENSSL_BUILDING_OPENSSL -DNDEBUG  -MMD -MF crypto/pkcs12/libcrypto-lib-p12_p8e.d.tmp -MT crypto/pkcs12/libcrypto-lib-p12_p8e.o -c -o crypto/pkcs12/libcrypto-lib-p12_p8e.o crypto/pkcs12/p12_p8e.c
gcc  -I. -Iinclude -Iproviders/common/include -Iproviders/implementations/include  -DBSAES_ASM -DECP_NISTZ256_ASM -DECP_SM2P256_ASM -DKECCAK1600_ASM -DMD5_ASM -DOPENSSL_BN_ASM_MONT -DOPENSSL_CPUID_OBJ -DOPENSSL_SM3_ASM -DPOLY1305_ASM -DSHA1_ASM -DSHA256_ASM -DSHA512_ASM -DSM4_ASM -DVPAES_ASM -DVPSM4_ASM -fPIC -pthread -Wa,--noexecstack -Wall -O3 -DOPENSSL_USE_NODELETE -DOPENSSL_PIC -DOPENSSLDIR="\"/opt/ossl-static/ssl\"" -DENGINESDIR="\"/opt/ossl-static/lib/engines-3\"" -DMODULESDIR="\"/opt/ossl-static/lib/ossl-modules\"" -DOPENSSL_BUILDING_OPENSSL -DNDEBUG  -MMD -MF crypto/pkcs12/libcrypto-lib-p12_sbag.d.tmp -MT crypto/pkcs12/libcrypto-lib-p12_sbag.o -c -o crypto/pkcs12/libcrypto-lib-p12_sbag.o crypto/pkcs12/p12_sbag.c
gcc  -I. -Iinclude -Iproviders/common/include -Iproviders/implementations/include  -DBSAES_ASM -DECP_NISTZ256_ASM -DECP_SM2P256_ASM -DKECCAK1600_ASM -DMD5_ASM -DOPENSSL_BN_ASM_MONT -DOPENSSL_CPUID_OBJ -DOPENSSL_SM3_ASM -DPOLY1305_ASM -DSHA1_ASM -DSHA256_ASM -DSHA512_ASM -DSM4_ASM -DVPAES_ASM -DVPSM4_ASM -fPIC -pthread -Wa,--noexecstack -Wall -O3 -DOPENSSL_USE_NODELETE -DOPENSSL_PIC -DOPENSSLDIR="\"/opt/ossl-static/ssl\"" -DENGINESDIR="\"/opt/ossl-static/lib/engines-3\"" -DMODULESDIR="\"/opt/ossl-static/lib/ossl-modules\"" -DOPENSSL_BUILDING_OPENSSL -DNDEBUG  -MMD -MF crypto/pkcs12/libcrypto-lib-p12_utl.d.tmp -MT crypto/pkcs12/libcrypto-lib-p12_utl.o -c -o crypto/pkcs12/libcrypto-lib-p12_utl.o crypto/pkcs12/p12_utl.c
gcc  -I. -Iinclude -Iproviders/common/include -Iproviders/implementations/include  -DBSAES_ASM -DECP_NISTZ256_ASM -DECP_SM2P256_ASM -DKECCAK1600_ASM -DMD5_ASM -DOPENSSL_BN_ASM_MONT -DOPENSSL_CPUID_OBJ -DOPENSSL_SM3_ASM -DPOLY1305_ASM -DSHA1_ASM -DSHA256_ASM -DSHA512_ASM -DSM4_ASM -DVPAES_ASM -DVPSM4_ASM -fPIC -pthread -Wa,--noexecstack -Wall -O3 -DOPENSSL_USE_NODELETE -DOPENSSL_PIC -DOPENSSLDIR="\"/opt/ossl-static/ssl\"" -DENGINESDIR="\"/opt/ossl-static/lib/engines-3\"" -DMODULESDIR="\"/opt/ossl-static/lib/ossl-modules\"" -DOPENSSL_BUILDING_OPENSSL -DNDEBUG  -MMD -MF crypto/pkcs12/libcrypto-lib-pk12err.d.tmp -MT crypto/pkcs12/libcrypto-lib-pk12err.o -c -o crypto/pkcs12/libcrypto-lib-pk12err.o crypto/pkcs12/pk12err.c
gcc  -I. -Iinclude -Iproviders/common/include -Iproviders/implementations/include  -DBSAES_ASM -DECP_NISTZ256_ASM -DECP_SM2P256_ASM -DKECCAK1600_ASM -DMD5_ASM -DOPENSSL_BN_ASM_MONT -DOPENSSL_CPUID_OBJ -DOPENSSL_SM3_ASM -DPOLY1305_ASM -DSHA1_ASM -DSHA256_ASM -DSHA512_ASM -DSM4_ASM -DVPAES_ASM -DVPSM4_ASM -fPIC -pthread -Wa,--noexecstack -Wall -O3 -DOPENSSL_USE_NODELETE -DOPENSSL_PIC -DOPENSSLDIR="\"/opt/ossl-static/ssl\"" -DENGINESDIR="\"/opt/ossl-static/lib/engines-3\"" -DMODULESDIR="\"/opt/ossl-static/lib/ossl-modules\"" -DOPENSSL_BUILDING_OPENSSL -DNDEBUG  -MMD -MF crypto/pkcs7/libcrypto-lib-bio_pk7.d.tmp -MT crypto/pkcs7/libcrypto-lib-bio_pk7.o -c -o crypto/pkcs7/libcrypto-lib-bio_pk7.o crypto/pkcs7/bio_pk7.c
gcc  -I. -Iinclude -Iproviders/common/include -Iproviders/implementations/include  -DBSAES_ASM -DECP_NISTZ256_ASM -DECP_SM2P256_ASM -DKECCAK1600_ASM -DMD5_ASM -DOPENSSL_BN_ASM_MONT -DOPENSSL_CPUID_OBJ -DOPENSSL_SM3_ASM -DPOLY1305_ASM -DSHA1_ASM -DSHA256_ASM -DSHA512_ASM -DSM4_ASM -DVPAES_ASM -DVPSM4_ASM -fPIC -pthread -Wa,--noexecstack -Wall -O3 -DOPENSSL_USE_NODELETE -DOPENSSL_PIC -DOPENSSLDIR="\"/opt/ossl-static/ssl\"" -DENGINESDIR="\"/opt/ossl-static/lib/engines-3\"" -DMODULESDIR="\"/opt/ossl-static/lib/ossl-modules\"" -DOPENSSL_BUILDING_OPENSSL -DNDEBUG  -MMD -MF crypto/pkcs7/libcrypto-lib-pk7_asn1.d.tmp -MT crypto/pkcs7/libcrypto-lib-pk7_asn1.o -c -o crypto/pkcs7/libcrypto-lib-pk7_asn1.o crypto/pkcs7/pk7_asn1.c
gcc  -I. -Iinclude -Iproviders/common/include -Iproviders/implementations/include  -DBSAES_ASM -DECP_NISTZ256_ASM -DECP_SM2P256_ASM -DKECCAK1600_ASM -DMD5_ASM -DOPENSSL_BN_ASM_MONT -DOPENSSL_CPUID_OBJ -DOPENSSL_SM3_ASM -DPOLY1305_ASM -DSHA1_ASM -DSHA256_ASM -DSHA512_ASM -DSM4_ASM -DVPAES_ASM -DVPSM4_ASM -fPIC -pthread -Wa,--noexecstack -Wall -O3 -DOPENSSL_USE_NODELETE -DOPENSSL_PIC -DOPENSSLDIR="\"/opt/ossl-static/ssl\"" -DENGINESDIR="\"/opt/ossl-static/lib/engines-3\"" -DMODULESDIR="\"/opt/ossl-static/lib/ossl-modules\"" -DOPENSSL_BUILDING_OPENSSL -DNDEBUG  -MMD -MF crypto/pkcs7/libcrypto-lib-pk7_attr.d.tmp -MT crypto/pkcs7/libcrypto-lib-pk7_attr.o -c -o crypto/pkcs7/libcrypto-lib-pk7_attr.o crypto/pkcs7/pk7_attr.c
gcc  -I. -Iinclude -Iproviders/common/include -Iproviders/implementations/include  -DBSAES_ASM -DECP_NISTZ256_ASM -DECP_SM2P256_ASM -DKECCAK1600_ASM -DMD5_ASM -DOPENSSL_BN_ASM_MONT -DOPENSSL_CPUID_OBJ -DOPENSSL_SM3_ASM -DPOLY1305_ASM -DSHA1_ASM -DSHA256_ASM -DSHA512_ASM -DSM4_ASM -DVPAES_ASM -DVPSM4_ASM -fPIC -pthread -Wa,--noexecstack -Wall -O3 -DOPENSSL_USE_NODELETE -DOPENSSL_PIC -DOPENSSLDIR="\"/opt/ossl-static/ssl\"" -DENGINESDIR="\"/opt/ossl-static/lib/engines-3\"" -DMODULESDIR="\"/opt/ossl-static/lib/ossl-modules\"" -DOPENSSL_BUILDING_OPENSSL -DNDEBUG  -MMD -MF crypto/pkcs7/libcrypto-lib-pk7_doit.d.tmp -MT crypto/pkcs7/libcrypto-lib-pk7_doit.o -c -o crypto/pkcs7/libcrypto-lib-pk7_doit.o crypto/pkcs7/pk7_doit.c
gcc  -I. -Iinclude -Iproviders/common/include -Iproviders/implementations/include  -DBSAES_ASM -DECP_NISTZ256_ASM -DECP_SM2P256_ASM -DKECCAK1600_ASM -DMD5_ASM -DOPENSSL_BN_ASM_MONT -DOPENSSL_CPUID_OBJ -DOPENSSL_SM3_ASM -DPOLY1305_ASM -DSHA1_ASM -DSHA256_ASM -DSHA512_ASM -DSM4_ASM -DVPAES_ASM -DVPSM4_ASM -fPIC -pthread -Wa,--noexecstack -Wall -O3 -DOPENSSL_USE_NODELETE -DOPENSSL_PIC -DOPENSSLDIR="\"/opt/ossl-static/ssl\"" -DENGINESDIR="\"/opt/ossl-static/lib/engines-3\"" -DMODULESDIR="\"/opt/ossl-static/lib/ossl-modules\"" -DOPENSSL_BUILDING_OPENSSL -DNDEBUG  -MMD -MF crypto/pkcs7/libcrypto-lib-pk7_lib.d.tmp -MT crypto/pkcs7/libcrypto-lib-pk7_lib.o -c -o crypto/pkcs7/libcrypto-lib-pk7_lib.o crypto/pkcs7/pk7_lib.c
gcc  -I. -Iinclude -Iproviders/common/include -Iproviders/implementations/include  -DBSAES_ASM -DECP_NISTZ256_ASM -DECP_SM2P256_ASM -DKECCAK1600_ASM -DMD5_ASM -DOPENSSL_BN_ASM_MONT -DOPENSSL_CPUID_OBJ -DOPENSSL_SM3_ASM -DPOLY1305_ASM -DSHA1_ASM -DSHA256_ASM -DSHA512_ASM -DSM4_ASM -DVPAES_ASM -DVPSM4_ASM -fPIC -pthread -Wa,--noexecstack -Wall -O3 -DOPENSSL_USE_NODELETE -DOPENSSL_PIC -DOPENSSLDIR="\"/opt/ossl-static/ssl\"" -DENGINESDIR="\"/opt/ossl-static/lib/engines-3\"" -DMODULESDIR="\"/opt/ossl-static/lib/ossl-modules\"" -DOPENSSL_BUILDING_OPENSSL -DNDEBUG  -MMD -MF crypto/pkcs7/libcrypto-lib-pk7_mime.d.tmp -MT crypto/pkcs7/libcrypto-lib-pk7_mime.o -c -o crypto/pkcs7/libcrypto-lib-pk7_mime.o crypto/pkcs7/pk7_mime.c
gcc  -I. -Iinclude -Iproviders/common/include -Iproviders/implementations/include  -DBSAES_ASM -DECP_NISTZ256_ASM -DECP_SM2P256_ASM -DKECCAK1600_ASM -DMD5_ASM -DOPENSSL_BN_ASM_MONT -DOPENSSL_CPUID_OBJ -DOPENSSL_SM3_ASM -DPOLY1305_ASM -DSHA1_ASM -DSHA256_ASM -DSHA512_ASM -DSM4_ASM -DVPAES_ASM -DVPSM4_ASM -fPIC -pthread -Wa,--noexecstack -Wall -O3 -DOPENSSL_USE_NODELETE -DOPENSSL_PIC -DOPENSSLDIR="\"/opt/ossl-static/ssl\"" -DENGINESDIR="\"/opt/ossl-static/lib/engines-3\"" -DMODULESDIR="\"/opt/ossl-static/lib/ossl-modules\"" -DOPENSSL_BUILDING_OPENSSL -DNDEBUG  -MMD -MF crypto/pkcs7/libcrypto-lib-pk7_smime.d.tmp -MT crypto/pkcs7/libcrypto-lib-pk7_smime.o -c -o crypto/pkcs7/libcrypto-lib-pk7_smime.o crypto/pkcs7/pk7_smime.c
gcc  -I. -Iinclude -Iproviders/common/include -Iproviders/implementations/include  -DBSAES_ASM -DECP_NISTZ256_ASM -DECP_SM2P256_ASM -DKECCAK1600_ASM -DMD5_ASM -DOPENSSL_BN_ASM_MONT -DOPENSSL_CPUID_OBJ -DOPENSSL_SM3_ASM -DPOLY1305_ASM -DSHA1_ASM -DSHA256_ASM -DSHA512_ASM -DSM4_ASM -DVPAES_ASM -DVPSM4_ASM -fPIC -pthread -Wa,--noexecstack -Wall -O3 -DOPENSSL_USE_NODELETE -DOPENSSL_PIC -DOPENSSLDIR="\"/opt/ossl-static/ssl\"" -DENGINESDIR="\"/opt/ossl-static/lib/engines-3\"" -DMODULESDIR="\"/opt/ossl-static/lib/ossl-modules\"" -DOPENSSL_BUILDING_OPENSSL -DNDEBUG  -MMD -MF crypto/pkcs7/libcrypto-lib-pkcs7err.d.tmp -MT crypto/pkcs7/libcrypto-lib-pkcs7err.o -c -o crypto/pkcs7/libcrypto-lib-pkcs7err.o crypto/pkcs7/pkcs7err.c
CC="gcc" perl crypto/poly1305/asm/poly1305-armv8.pl "linux64" -Icrypto -I. -Iinclude -Iproviders/common/include -Iproviders/implementations/include -fPIC -pthread -Wa,--noexecstack -Wall -O3 -DOPENSSL_USE_NODELETE -DOPENSSL_PIC -DOPENSSLDIR="\"/opt/ossl-static/ssl\"" -DENGINESDIR="\"/opt/ossl-static/lib/engines-3\"" -DMODULESDIR="\"/opt/ossl-static/lib/ossl-modules\"" -DOPENSSL_BUILDING_OPENSSL -DNDEBUG  -DBSAES_ASM -DECP_NISTZ256_ASM -DECP_SM2P256_ASM -DKECCAK1600_ASM -DMD5_ASM -DOPENSSL_BN_ASM_MONT -DOPENSSL_CPUID_OBJ -DOPENSSL_SM3_ASM -DPOLY1305_ASM -DSHA1_ASM -DSHA256_ASM -DSHA512_ASM -DSM4_ASM -DVPAES_ASM -DVPSM4_ASM  crypto/poly1305/poly1305-armv8.S
gcc  -I. -Iinclude -Iproviders/common/include -Iproviders/implementations/include  -DBSAES_ASM -DECP_NISTZ256_ASM -DECP_SM2P256_ASM -DKECCAK1600_ASM -DMD5_ASM -DOPENSSL_BN_ASM_MONT -DOPENSSL_CPUID_OBJ -DOPENSSL_SM3_ASM -DPOLY1305_ASM -DSHA1_ASM -DSHA256_ASM -DSHA512_ASM -DSM4_ASM -DVPAES_ASM -DVPSM4_ASM -fPIC -pthread -Wa,--noexecstack -Wall -O3 -DOPENSSL_USE_NODELETE -DOPENSSL_PIC -DOPENSSLDIR="\"/opt/ossl-static/ssl\"" -DENGINESDIR="\"/opt/ossl-static/lib/engines-3\"" -DMODULESDIR="\"/opt/ossl-static/lib/ossl-modules\"" -DOPENSSL_BUILDING_OPENSSL -DNDEBUG  -MMD -MF crypto/poly1305/libcrypto-lib-poly1305.d.tmp -MT crypto/poly1305/libcrypto-lib-poly1305.o -c -o crypto/poly1305/libcrypto-lib-poly1305.o crypto/poly1305/poly1305.c
gcc  -I. -Iinclude -Iproviders/common/include -Iproviders/implementations/include  -DBSAES_ASM -DECP_NISTZ256_ASM -DECP_SM2P256_ASM -DKECCAK1600_ASM -DMD5_ASM -DOPENSSL_BN_ASM_MONT -DOPENSSL_CPUID_OBJ -DOPENSSL_SM3_ASM -DPOLY1305_ASM -DSHA1_ASM -DSHA256_ASM -DSHA512_ASM -DSM4_ASM -DVPAES_ASM -DVPSM4_ASM -fPIC -pthread -Wa,--noexecstack -Wall -O3 -DOPENSSL_USE_NODELETE -DOPENSSL_PIC -DOPENSSLDIR="\"/opt/ossl-static/ssl\"" -DENGINESDIR="\"/opt/ossl-static/lib/engines-3\"" -DMODULESDIR="\"/opt/ossl-static/lib/ossl-modules\"" -DOPENSSL_BUILDING_OPENSSL -DNDEBUG  -MMD -MF crypto/property/libcrypto-lib-defn_cache.d.tmp -MT crypto/property/libcrypto-lib-defn_cache.o -c -o crypto/property/libcrypto-lib-defn_cache.o crypto/property/defn_cache.c
gcc  -I. -Iinclude -Iproviders/common/include -Iproviders/implementations/include  -DBSAES_ASM -DECP_NISTZ256_ASM -DECP_SM2P256_ASM -DKECCAK1600_ASM -DMD5_ASM -DOPENSSL_BN_ASM_MONT -DOPENSSL_CPUID_OBJ -DOPENSSL_SM3_ASM -DPOLY1305_ASM -DSHA1_ASM -DSHA256_ASM -DSHA512_ASM -DSM4_ASM -DVPAES_ASM -DVPSM4_ASM -fPIC -pthread -Wa,--noexecstack -Wall -O3 -DOPENSSL_USE_NODELETE -DOPENSSL_PIC -DOPENSSLDIR="\"/opt/ossl-static/ssl\"" -DENGINESDIR="\"/opt/ossl-static/lib/engines-3\"" -DMODULESDIR="\"/opt/ossl-static/lib/ossl-modules\"" -DOPENSSL_BUILDING_OPENSSL -DNDEBUG  -MMD -MF crypto/property/libcrypto-lib-property.d.tmp -MT crypto/property/libcrypto-lib-property.o -c -o crypto/property/libcrypto-lib-property.o crypto/property/property.c
gcc  -I. -Iinclude -Iproviders/common/include -Iproviders/implementations/include  -DBSAES_ASM -DECP_NISTZ256_ASM -DECP_SM2P256_ASM -DKECCAK1600_ASM -DMD5_ASM -DOPENSSL_BN_ASM_MONT -DOPENSSL_CPUID_OBJ -DOPENSSL_SM3_ASM -DPOLY1305_ASM -DSHA1_ASM -DSHA256_ASM -DSHA512_ASM -DSM4_ASM -DVPAES_ASM -DVPSM4_ASM -fPIC -pthread -Wa,--noexecstack -Wall -O3 -DOPENSSL_USE_NODELETE -DOPENSSL_PIC -DOPENSSLDIR="\"/opt/ossl-static/ssl\"" -DENGINESDIR="\"/opt/ossl-static/lib/engines-3\"" -DMODULESDIR="\"/opt/ossl-static/lib/ossl-modules\"" -DOPENSSL_BUILDING_OPENSSL -DNDEBUG  -MMD -MF crypto/property/libcrypto-lib-property_err.d.tmp -MT crypto/property/libcrypto-lib-property_err.o -c -o crypto/property/libcrypto-lib-property_err.o crypto/property/property_err.c
gcc  -I. -Iinclude -Iproviders/common/include -Iproviders/implementations/include  -DBSAES_ASM -DECP_NISTZ256_ASM -DECP_SM2P256_ASM -DKECCAK1600_ASM -DMD5_ASM -DOPENSSL_BN_ASM_MONT -DOPENSSL_CPUID_OBJ -DOPENSSL_SM3_ASM -DPOLY1305_ASM -DSHA1_ASM -DSHA256_ASM -DSHA512_ASM -DSM4_ASM -DVPAES_ASM -DVPSM4_ASM -fPIC -pthread -Wa,--noexecstack -Wall -O3 -DOPENSSL_USE_NODELETE -DOPENSSL_PIC -DOPENSSLDIR="\"/opt/ossl-static/ssl\"" -DENGINESDIR="\"/opt/ossl-static/lib/engines-3\"" -DMODULESDIR="\"/opt/ossl-static/lib/ossl-modules\"" -DOPENSSL_BUILDING_OPENSSL -DNDEBUG  -MMD -MF crypto/property/libcrypto-lib-property_parse.d.tmp -MT crypto/property/libcrypto-lib-property_parse.o -c -o crypto/property/libcrypto-lib-property_parse.o crypto/property/property_parse.c
gcc  -I. -Iinclude -Iproviders/common/include -Iproviders/implementations/include  -DBSAES_ASM -DECP_NISTZ256_ASM -DECP_SM2P256_ASM -DKECCAK1600_ASM -DMD5_ASM -DOPENSSL_BN_ASM_MONT -DOPENSSL_CPUID_OBJ -DOPENSSL_SM3_ASM -DPOLY1305_ASM -DSHA1_ASM -DSHA256_ASM -DSHA512_ASM -DSM4_ASM -DVPAES_ASM -DVPSM4_ASM -fPIC -pthread -Wa,--noexecstack -Wall -O3 -DOPENSSL_USE_NODELETE -DOPENSSL_PIC -DOPENSSLDIR="\"/opt/ossl-static/ssl\"" -DENGINESDIR="\"/opt/ossl-static/lib/engines-3\"" -DMODULESDIR="\"/opt/ossl-static/lib/ossl-modules\"" -DOPENSSL_BUILDING_OPENSSL -DNDEBUG  -MMD -MF crypto/property/libcrypto-lib-property_query.d.tmp -MT crypto/property/libcrypto-lib-property_query.o -c -o crypto/property/libcrypto-lib-property_query.o crypto/property/property_query.c
gcc  -I. -Iinclude -Iproviders/common/include -Iproviders/implementations/include  -DBSAES_ASM -DECP_NISTZ256_ASM -DECP_SM2P256_ASM -DKECCAK1600_ASM -DMD5_ASM -DOPENSSL_BN_ASM_MONT -DOPENSSL_CPUID_OBJ -DOPENSSL_SM3_ASM -DPOLY1305_ASM -DSHA1_ASM -DSHA256_ASM -DSHA512_ASM -DSM4_ASM -DVPAES_ASM -DVPSM4_ASM -fPIC -pthread -Wa,--noexecstack -Wall -O3 -DOPENSSL_USE_NODELETE -DOPENSSL_PIC -DOPENSSLDIR="\"/opt/ossl-static/ssl\"" -DENGINESDIR="\"/opt/ossl-static/lib/engines-3\"" -DMODULESDIR="\"/opt/ossl-static/lib/ossl-modules\"" -DOPENSSL_BUILDING_OPENSSL -DNDEBUG  -MMD -MF crypto/property/libcrypto-lib-property_string.d.tmp -MT crypto/property/libcrypto-lib-property_string.o -c -o crypto/property/libcrypto-lib-property_string.o crypto/property/property_string.c
gcc  -I. -Iinclude -Iproviders/common/include -Iproviders/implementations/include  -DBSAES_ASM -DECP_NISTZ256_ASM -DECP_SM2P256_ASM -DKECCAK1600_ASM -DMD5_ASM -DOPENSSL_BN_ASM_MONT -DOPENSSL_CPUID_OBJ -DOPENSSL_SM3_ASM -DPOLY1305_ASM -DSHA1_ASM -DSHA256_ASM -DSHA512_ASM -DSM4_ASM -DVPAES_ASM -DVPSM4_ASM -fPIC -pthread -Wa,--noexecstack -Wall -O3 -DOPENSSL_USE_NODELETE -DOPENSSL_PIC -DOPENSSLDIR="\"/opt/ossl-static/ssl\"" -DENGINESDIR="\"/opt/ossl-static/lib/engines-3\"" -DMODULESDIR="\"/opt/ossl-static/lib/ossl-modules\"" -DOPENSSL_BUILDING_OPENSSL -DNDEBUG  -MMD -MF crypto/rand/libcrypto-lib-prov_seed.d.tmp -MT crypto/rand/libcrypto-lib-prov_seed.o -c -o crypto/rand/libcrypto-lib-prov_seed.o crypto/rand/prov_seed.c
gcc  -I. -Iinclude -Iproviders/common/include -Iproviders/implementations/include  -DBSAES_ASM -DECP_NISTZ256_ASM -DECP_SM2P256_ASM -DKECCAK1600_ASM -DMD5_ASM -DOPENSSL_BN_ASM_MONT -DOPENSSL_CPUID_OBJ -DOPENSSL_SM3_ASM -DPOLY1305_ASM -DSHA1_ASM -DSHA256_ASM -DSHA512_ASM -DSM4_ASM -DVPAES_ASM -DVPSM4_ASM -fPIC -pthread -Wa,--noexecstack -Wall -O3 -DOPENSSL_USE_NODELETE -DOPENSSL_PIC -DOPENSSLDIR="\"/opt/ossl-static/ssl\"" -DENGINESDIR="\"/opt/ossl-static/lib/engines-3\"" -DMODULESDIR="\"/opt/ossl-static/lib/ossl-modules\"" -DOPENSSL_BUILDING_OPENSSL -DNDEBUG  -MMD -MF crypto/rand/libcrypto-lib-rand_deprecated.d.tmp -MT crypto/rand/libcrypto-lib-rand_deprecated.o -c -o crypto/rand/libcrypto-lib-rand_deprecated.o crypto/rand/rand_deprecated.c
gcc  -I. -Iinclude -Iproviders/common/include -Iproviders/implementations/include  -DBSAES_ASM -DECP_NISTZ256_ASM -DECP_SM2P256_ASM -DKECCAK1600_ASM -DMD5_ASM -DOPENSSL_BN_ASM_MONT -DOPENSSL_CPUID_OBJ -DOPENSSL_SM3_ASM -DPOLY1305_ASM -DSHA1_ASM -DSHA256_ASM -DSHA512_ASM -DSM4_ASM -DVPAES_ASM -DVPSM4_ASM -fPIC -pthread -Wa,--noexecstack -Wall -O3 -DOPENSSL_USE_NODELETE -DOPENSSL_PIC -DOPENSSLDIR="\"/opt/ossl-static/ssl\"" -DENGINESDIR="\"/opt/ossl-static/lib/engines-3\"" -DMODULESDIR="\"/opt/ossl-static/lib/ossl-modules\"" -DOPENSSL_BUILDING_OPENSSL -DNDEBUG  -MMD -MF crypto/rand/libcrypto-lib-rand_err.d.tmp -MT crypto/rand/libcrypto-lib-rand_err.o -c -o crypto/rand/libcrypto-lib-rand_err.o crypto/rand/rand_err.c
gcc  -I. -Iinclude -Iproviders/common/include -Iproviders/implementations/include  -DBSAES_ASM -DECP_NISTZ256_ASM -DECP_SM2P256_ASM -DKECCAK1600_ASM -DMD5_ASM -DOPENSSL_BN_ASM_MONT -DOPENSSL_CPUID_OBJ -DOPENSSL_SM3_ASM -DPOLY1305_ASM -DSHA1_ASM -DSHA256_ASM -DSHA512_ASM -DSM4_ASM -DVPAES_ASM -DVPSM4_ASM -fPIC -pthread -Wa,--noexecstack -Wall -O3 -DOPENSSL_USE_NODELETE -DOPENSSL_PIC -DOPENSSLDIR="\"/opt/ossl-static/ssl\"" -DENGINESDIR="\"/opt/ossl-static/lib/engines-3\"" -DMODULESDIR="\"/opt/ossl-static/lib/ossl-modules\"" -DOPENSSL_BUILDING_OPENSSL -DNDEBUG  -MMD -MF crypto/rand/libcrypto-lib-rand_lib.d.tmp -MT crypto/rand/libcrypto-lib-rand_lib.o -c -o crypto/rand/libcrypto-lib-rand_lib.o crypto/rand/rand_lib.c
gcc  -I. -Iinclude -Iproviders/common/include -Iproviders/implementations/include  -DBSAES_ASM -DECP_NISTZ256_ASM -DECP_SM2P256_ASM -DKECCAK1600_ASM -DMD5_ASM -DOPENSSL_BN_ASM_MONT -DOPENSSL_CPUID_OBJ -DOPENSSL_SM3_ASM -DPOLY1305_ASM -DSHA1_ASM -DSHA256_ASM -DSHA512_ASM -DSM4_ASM -DVPAES_ASM -DVPSM4_ASM -fPIC -pthread -Wa,--noexecstack -Wall -O3 -DOPENSSL_USE_NODELETE -DOPENSSL_PIC -DOPENSSLDIR="\"/opt/ossl-static/ssl\"" -DENGINESDIR="\"/opt/ossl-static/lib/engines-3\"" -DMODULESDIR="\"/opt/ossl-static/lib/ossl-modules\"" -DOPENSSL_BUILDING_OPENSSL -DNDEBUG  -MMD -MF crypto/rand/libcrypto-lib-rand_meth.d.tmp -MT crypto/rand/libcrypto-lib-rand_meth.o -c -o crypto/rand/libcrypto-lib-rand_meth.o crypto/rand/rand_meth.c
gcc  -I. -Iinclude -Iproviders/common/include -Iproviders/implementations/include  -DBSAES_ASM -DECP_NISTZ256_ASM -DECP_SM2P256_ASM -DKECCAK1600_ASM -DMD5_ASM -DOPENSSL_BN_ASM_MONT -DOPENSSL_CPUID_OBJ -DOPENSSL_SM3_ASM -DPOLY1305_ASM -DSHA1_ASM -DSHA256_ASM -DSHA512_ASM -DSM4_ASM -DVPAES_ASM -DVPSM4_ASM -fPIC -pthread -Wa,--noexecstack -Wall -O3 -DOPENSSL_USE_NODELETE -DOPENSSL_PIC -DOPENSSLDIR="\"/opt/ossl-static/ssl\"" -DENGINESDIR="\"/opt/ossl-static/lib/engines-3\"" -DMODULESDIR="\"/opt/ossl-static/lib/ossl-modules\"" -DOPENSSL_BUILDING_OPENSSL -DNDEBUG  -MMD -MF crypto/rand/libcrypto-lib-rand_pool.d.tmp -MT crypto/rand/libcrypto-lib-rand_pool.o -c -o crypto/rand/libcrypto-lib-rand_pool.o crypto/rand/rand_pool.c
gcc  -I. -Iinclude -Iproviders/common/include -Iproviders/implementations/include  -DBSAES_ASM -DECP_NISTZ256_ASM -DECP_SM2P256_ASM -DKECCAK1600_ASM -DMD5_ASM -DOPENSSL_BN_ASM_MONT -DOPENSSL_CPUID_OBJ -DOPENSSL_SM3_ASM -DPOLY1305_ASM -DSHA1_ASM -DSHA256_ASM -DSHA512_ASM -DSM4_ASM -DVPAES_ASM -DVPSM4_ASM -fPIC -pthread -Wa,--noexecstack -Wall -O3 -DOPENSSL_USE_NODELETE -DOPENSSL_PIC -DOPENSSLDIR="\"/opt/ossl-static/ssl\"" -DENGINESDIR="\"/opt/ossl-static/lib/engines-3\"" -DMODULESDIR="\"/opt/ossl-static/lib/ossl-modules\"" -DOPENSSL_BUILDING_OPENSSL -DNDEBUG  -MMD -MF crypto/rand/libcrypto-lib-rand_uniform.d.tmp -MT crypto/rand/libcrypto-lib-rand_uniform.o -c -o crypto/rand/libcrypto-lib-rand_uniform.o crypto/rand/rand_uniform.c
gcc  -I. -Iinclude -Iproviders/common/include -Iproviders/implementations/include  -DBSAES_ASM -DECP_NISTZ256_ASM -DECP_SM2P256_ASM -DKECCAK1600_ASM -DMD5_ASM -DOPENSSL_BN_ASM_MONT -DOPENSSL_CPUID_OBJ -DOPENSSL_SM3_ASM -DPOLY1305_ASM -DSHA1_ASM -DSHA256_ASM -DSHA512_ASM -DSM4_ASM -DVPAES_ASM -DVPSM4_ASM -fPIC -pthread -Wa,--noexecstack -Wall -O3 -DOPENSSL_USE_NODELETE -DOPENSSL_PIC -DOPENSSLDIR="\"/opt/ossl-static/ssl\"" -DENGINESDIR="\"/opt/ossl-static/lib/engines-3\"" -DMODULESDIR="\"/opt/ossl-static/lib/ossl-modules\"" -DOPENSSL_BUILDING_OPENSSL -DNDEBUG  -MMD -MF crypto/rand/libcrypto-lib-randfile.d.tmp -MT crypto/rand/libcrypto-lib-randfile.o -c -o crypto/rand/libcrypto-lib-randfile.o crypto/rand/randfile.c
gcc  -I. -Iinclude -Iproviders/common/include -Iproviders/implementations/include  -DBSAES_ASM -DECP_NISTZ256_ASM -DECP_SM2P256_ASM -DKECCAK1600_ASM -DMD5_ASM -DOPENSSL_BN_ASM_MONT -DOPENSSL_CPUID_OBJ -DOPENSSL_SM3_ASM -DPOLY1305_ASM -DSHA1_ASM -DSHA256_ASM -DSHA512_ASM -DSM4_ASM -DVPAES_ASM -DVPSM4_ASM -fPIC -pthread -Wa,--noexecstack -Wall -O3 -DOPENSSL_USE_NODELETE -DOPENSSL_PIC -DOPENSSLDIR="\"/opt/ossl-static/ssl\"" -DENGINESDIR="\"/opt/ossl-static/lib/engines-3\"" -DMODULESDIR="\"/opt/ossl-static/lib/ossl-modules\"" -DOPENSSL_BUILDING_OPENSSL -DNDEBUG  -MMD -MF crypto/rc2/libcrypto-lib-rc2_cbc.d.tmp -MT crypto/rc2/libcrypto-lib-rc2_cbc.o -c -o crypto/rc2/libcrypto-lib-rc2_cbc.o crypto/rc2/rc2_cbc.c
gcc  -I. -Iinclude -Iproviders/common/include -Iproviders/implementations/include  -DBSAES_ASM -DECP_NISTZ256_ASM -DECP_SM2P256_ASM -DKECCAK1600_ASM -DMD5_ASM -DOPENSSL_BN_ASM_MONT -DOPENSSL_CPUID_OBJ -DOPENSSL_SM3_ASM -DPOLY1305_ASM -DSHA1_ASM -DSHA256_ASM -DSHA512_ASM -DSM4_ASM -DVPAES_ASM -DVPSM4_ASM -fPIC -pthread -Wa,--noexecstack -Wall -O3 -DOPENSSL_USE_NODELETE -DOPENSSL_PIC -DOPENSSLDIR="\"/opt/ossl-static/ssl\"" -DENGINESDIR="\"/opt/ossl-static/lib/engines-3\"" -DMODULESDIR="\"/opt/ossl-static/lib/ossl-modules\"" -DOPENSSL_BUILDING_OPENSSL -DNDEBUG  -MMD -MF crypto/rc2/libcrypto-lib-rc2_ecb.d.tmp -MT crypto/rc2/libcrypto-lib-rc2_ecb.o -c -o crypto/rc2/libcrypto-lib-rc2_ecb.o crypto/rc2/rc2_ecb.c
gcc  -I. -Iinclude -Iproviders/common/include -Iproviders/implementations/include  -DBSAES_ASM -DECP_NISTZ256_ASM -DECP_SM2P256_ASM -DKECCAK1600_ASM -DMD5_ASM -DOPENSSL_BN_ASM_MONT -DOPENSSL_CPUID_OBJ -DOPENSSL_SM3_ASM -DPOLY1305_ASM -DSHA1_ASM -DSHA256_ASM -DSHA512_ASM -DSM4_ASM -DVPAES_ASM -DVPSM4_ASM -fPIC -pthread -Wa,--noexecstack -Wall -O3 -DOPENSSL_USE_NODELETE -DOPENSSL_PIC -DOPENSSLDIR="\"/opt/ossl-static/ssl\"" -DENGINESDIR="\"/opt/ossl-static/lib/engines-3\"" -DMODULESDIR="\"/opt/ossl-static/lib/ossl-modules\"" -DOPENSSL_BUILDING_OPENSSL -DNDEBUG  -MMD -MF crypto/rc2/libcrypto-lib-rc2_skey.d.tmp -MT crypto/rc2/libcrypto-lib-rc2_skey.o -c -o crypto/rc2/libcrypto-lib-rc2_skey.o crypto/rc2/rc2_skey.c
gcc  -I. -Iinclude -Iproviders/common/include -Iproviders/implementations/include  -DBSAES_ASM -DECP_NISTZ256_ASM -DECP_SM2P256_ASM -DKECCAK1600_ASM -DMD5_ASM -DOPENSSL_BN_ASM_MONT -DOPENSSL_CPUID_OBJ -DOPENSSL_SM3_ASM -DPOLY1305_ASM -DSHA1_ASM -DSHA256_ASM -DSHA512_ASM -DSM4_ASM -DVPAES_ASM -DVPSM4_ASM -fPIC -pthread -Wa,--noexecstack -Wall -O3 -DOPENSSL_USE_NODELETE -DOPENSSL_PIC -DOPENSSLDIR="\"/opt/ossl-static/ssl\"" -DENGINESDIR="\"/opt/ossl-static/lib/engines-3\"" -DMODULESDIR="\"/opt/ossl-static/lib/ossl-modules\"" -DOPENSSL_BUILDING_OPENSSL -DNDEBUG  -MMD -MF crypto/rc2/libcrypto-lib-rc2cfb64.d.tmp -MT crypto/rc2/libcrypto-lib-rc2cfb64.o -c -o crypto/rc2/libcrypto-lib-rc2cfb64.o crypto/rc2/rc2cfb64.c
gcc  -I. -Iinclude -Iproviders/common/include -Iproviders/implementations/include  -DBSAES_ASM -DECP_NISTZ256_ASM -DECP_SM2P256_ASM -DKECCAK1600_ASM -DMD5_ASM -DOPENSSL_BN_ASM_MONT -DOPENSSL_CPUID_OBJ -DOPENSSL_SM3_ASM -DPOLY1305_ASM -DSHA1_ASM -DSHA256_ASM -DSHA512_ASM -DSM4_ASM -DVPAES_ASM -DVPSM4_ASM -fPIC -pthread -Wa,--noexecstack -Wall -O3 -DOPENSSL_USE_NODELETE -DOPENSSL_PIC -DOPENSSLDIR="\"/opt/ossl-static/ssl\"" -DENGINESDIR="\"/opt/ossl-static/lib/engines-3\"" -DMODULESDIR="\"/opt/ossl-static/lib/ossl-modules\"" -DOPENSSL_BUILDING_OPENSSL -DNDEBUG  -MMD -MF crypto/rc2/libcrypto-lib-rc2ofb64.d.tmp -MT crypto/rc2/libcrypto-lib-rc2ofb64.o -c -o crypto/rc2/libcrypto-lib-rc2ofb64.o crypto/rc2/rc2ofb64.c
gcc  -I. -Iinclude -Iproviders/common/include -Iproviders/implementations/include  -DBSAES_ASM -DECP_NISTZ256_ASM -DECP_SM2P256_ASM -DKECCAK1600_ASM -DMD5_ASM -DOPENSSL_BN_ASM_MONT -DOPENSSL_CPUID_OBJ -DOPENSSL_SM3_ASM -DPOLY1305_ASM -DSHA1_ASM -DSHA256_ASM -DSHA512_ASM -DSM4_ASM -DVPAES_ASM -DVPSM4_ASM -fPIC -pthread -Wa,--noexecstack -Wall -O3 -DOPENSSL_USE_NODELETE -DOPENSSL_PIC -DOPENSSLDIR="\"/opt/ossl-static/ssl\"" -DENGINESDIR="\"/opt/ossl-static/lib/engines-3\"" -DMODULESDIR="\"/opt/ossl-static/lib/ossl-modules\"" -DOPENSSL_BUILDING_OPENSSL -DNDEBUG  -MMD -MF crypto/rc4/libcrypto-lib-rc4_enc.d.tmp -MT crypto/rc4/libcrypto-lib-rc4_enc.o -c -o crypto/rc4/libcrypto-lib-rc4_enc.o crypto/rc4/rc4_enc.c
gcc  -I. -Iinclude -Iproviders/common/include -Iproviders/implementations/include  -DBSAES_ASM -DECP_NISTZ256_ASM -DECP_SM2P256_ASM -DKECCAK1600_ASM -DMD5_ASM -DOPENSSL_BN_ASM_MONT -DOPENSSL_CPUID_OBJ -DOPENSSL_SM3_ASM -DPOLY1305_ASM -DSHA1_ASM -DSHA256_ASM -DSHA512_ASM -DSM4_ASM -DVPAES_ASM -DVPSM4_ASM -fPIC -pthread -Wa,--noexecstack -Wall -O3 -DOPENSSL_USE_NODELETE -DOPENSSL_PIC -DOPENSSLDIR="\"/opt/ossl-static/ssl\"" -DENGINESDIR="\"/opt/ossl-static/lib/engines-3\"" -DMODULESDIR="\"/opt/ossl-static/lib/ossl-modules\"" -DOPENSSL_BUILDING_OPENSSL -DNDEBUG  -MMD -MF crypto/rc4/libcrypto-lib-rc4_skey.d.tmp -MT crypto/rc4/libcrypto-lib-rc4_skey.o -c -o crypto/rc4/libcrypto-lib-rc4_skey.o crypto/rc4/rc4_skey.c
gcc  -I. -Iinclude -Iproviders/common/include -Iproviders/implementations/include  -DBSAES_ASM -DECP_NISTZ256_ASM -DECP_SM2P256_ASM -DKECCAK1600_ASM -DMD5_ASM -DOPENSSL_BN_ASM_MONT -DOPENSSL_CPUID_OBJ -DOPENSSL_SM3_ASM -DPOLY1305_ASM -DSHA1_ASM -DSHA256_ASM -DSHA512_ASM -DSM4_ASM -DVPAES_ASM -DVPSM4_ASM -fPIC -pthread -Wa,--noexecstack -Wall -O3 -DOPENSSL_USE_NODELETE -DOPENSSL_PIC -DOPENSSLDIR="\"/opt/ossl-static/ssl\"" -DENGINESDIR="\"/opt/ossl-static/lib/engines-3\"" -DMODULESDIR="\"/opt/ossl-static/lib/ossl-modules\"" -DOPENSSL_BUILDING_OPENSSL -DNDEBUG  -MMD -MF crypto/ripemd/libcrypto-lib-rmd_dgst.d.tmp -MT crypto/ripemd/libcrypto-lib-rmd_dgst.o -c -o crypto/ripemd/libcrypto-lib-rmd_dgst.o crypto/ripemd/rmd_dgst.c
gcc  -I. -Iinclude -Iproviders/common/include -Iproviders/implementations/include  -DBSAES_ASM -DECP_NISTZ256_ASM -DECP_SM2P256_ASM -DKECCAK1600_ASM -DMD5_ASM -DOPENSSL_BN_ASM_MONT -DOPENSSL_CPUID_OBJ -DOPENSSL_SM3_ASM -DPOLY1305_ASM -DSHA1_ASM -DSHA256_ASM -DSHA512_ASM -DSM4_ASM -DVPAES_ASM -DVPSM4_ASM -fPIC -pthread -Wa,--noexecstack -Wall -O3 -DOPENSSL_USE_NODELETE -DOPENSSL_PIC -DOPENSSLDIR="\"/opt/ossl-static/ssl\"" -DENGINESDIR="\"/opt/ossl-static/lib/engines-3\"" -DMODULESDIR="\"/opt/ossl-static/lib/ossl-modules\"" -DOPENSSL_BUILDING_OPENSSL -DNDEBUG  -MMD -MF crypto/ripemd/libcrypto-lib-rmd_one.d.tmp -MT crypto/ripemd/libcrypto-lib-rmd_one.o -c -o crypto/ripemd/libcrypto-lib-rmd_one.o crypto/ripemd/rmd_one.c
gcc  -I. -Iinclude -Iproviders/common/include -Iproviders/implementations/include  -DBSAES_ASM -DECP_NISTZ256_ASM -DECP_SM2P256_ASM -DKECCAK1600_ASM -DMD5_ASM -DOPENSSL_BN_ASM_MONT -DOPENSSL_CPUID_OBJ -DOPENSSL_SM3_ASM -DPOLY1305_ASM -DSHA1_ASM -DSHA256_ASM -DSHA512_ASM -DSM4_ASM -DVPAES_ASM -DVPSM4_ASM -fPIC -pthread -Wa,--noexecstack -Wall -O3 -DOPENSSL_USE_NODELETE -DOPENSSL_PIC -DOPENSSLDIR="\"/opt/ossl-static/ssl\"" -DENGINESDIR="\"/opt/ossl-static/lib/engines-3\"" -DMODULESDIR="\"/opt/ossl-static/lib/ossl-modules\"" -DOPENSSL_BUILDING_OPENSSL -DNDEBUG  -MMD -MF crypto/rsa/libcrypto-lib-rsa_ameth.d.tmp -MT crypto/rsa/libcrypto-lib-rsa_ameth.o -c -o crypto/rsa/libcrypto-lib-rsa_ameth.o crypto/rsa/rsa_ameth.c
gcc  -I. -Iinclude -Iproviders/common/include -Iproviders/implementations/include  -DBSAES_ASM -DECP_NISTZ256_ASM -DECP_SM2P256_ASM -DKECCAK1600_ASM -DMD5_ASM -DOPENSSL_BN_ASM_MONT -DOPENSSL_CPUID_OBJ -DOPENSSL_SM3_ASM -DPOLY1305_ASM -DSHA1_ASM -DSHA256_ASM -DSHA512_ASM -DSM4_ASM -DVPAES_ASM -DVPSM4_ASM -fPIC -pthread -Wa,--noexecstack -Wall -O3 -DOPENSSL_USE_NODELETE -DOPENSSL_PIC -DOPENSSLDIR="\"/opt/ossl-static/ssl\"" -DENGINESDIR="\"/opt/ossl-static/lib/engines-3\"" -DMODULESDIR="\"/opt/ossl-static/lib/ossl-modules\"" -DOPENSSL_BUILDING_OPENSSL -DNDEBUG  -MMD -MF crypto/rsa/libcrypto-lib-rsa_asn1.d.tmp -MT crypto/rsa/libcrypto-lib-rsa_asn1.o -c -o crypto/rsa/libcrypto-lib-rsa_asn1.o crypto/rsa/rsa_asn1.c
gcc  -I. -Iinclude -Iproviders/common/include -Iproviders/implementations/include  -DBSAES_ASM -DECP_NISTZ256_ASM -DECP_SM2P256_ASM -DKECCAK1600_ASM -DMD5_ASM -DOPENSSL_BN_ASM_MONT -DOPENSSL_CPUID_OBJ -DOPENSSL_SM3_ASM -DPOLY1305_ASM -DSHA1_ASM -DSHA256_ASM -DSHA512_ASM -DSM4_ASM -DVPAES_ASM -DVPSM4_ASM -fPIC -pthread -Wa,--noexecstack -Wall -O3 -DOPENSSL_USE_NODELETE -DOPENSSL_PIC -DOPENSSLDIR="\"/opt/ossl-static/ssl\"" -DENGINESDIR="\"/opt/ossl-static/lib/engines-3\"" -DMODULESDIR="\"/opt/ossl-static/lib/ossl-modules\"" -DOPENSSL_BUILDING_OPENSSL -DNDEBUG  -MMD -MF crypto/rsa/libcrypto-lib-rsa_backend.d.tmp -MT crypto/rsa/libcrypto-lib-rsa_backend.o -c -o crypto/rsa/libcrypto-lib-rsa_backend.o crypto/rsa/rsa_backend.c
gcc  -I. -Iinclude -Iproviders/common/include -Iproviders/implementations/include  -DBSAES_ASM -DECP_NISTZ256_ASM -DECP_SM2P256_ASM -DKECCAK1600_ASM -DMD5_ASM -DOPENSSL_BN_ASM_MONT -DOPENSSL_CPUID_OBJ -DOPENSSL_SM3_ASM -DPOLY1305_ASM -DSHA1_ASM -DSHA256_ASM -DSHA512_ASM -DSM4_ASM -DVPAES_ASM -DVPSM4_ASM -fPIC -pthread -Wa,--noexecstack -Wall -O3 -DOPENSSL_USE_NODELETE -DOPENSSL_PIC -DOPENSSLDIR="\"/opt/ossl-static/ssl\"" -DENGINESDIR="\"/opt/ossl-static/lib/engines-3\"" -DMODULESDIR="\"/opt/ossl-static/lib/ossl-modules\"" -DOPENSSL_BUILDING_OPENSSL -DNDEBUG  -MMD -MF crypto/rsa/libcrypto-lib-rsa_chk.d.tmp -MT crypto/rsa/libcrypto-lib-rsa_chk.o -c -o crypto/rsa/libcrypto-lib-rsa_chk.o crypto/rsa/rsa_chk.c
gcc  -I. -Iinclude -Iproviders/common/include -Iproviders/implementations/include  -DBSAES_ASM -DECP_NISTZ256_ASM -DECP_SM2P256_ASM -DKECCAK1600_ASM -DMD5_ASM -DOPENSSL_BN_ASM_MONT -DOPENSSL_CPUID_OBJ -DOPENSSL_SM3_ASM -DPOLY1305_ASM -DSHA1_ASM -DSHA256_ASM -DSHA512_ASM -DSM4_ASM -DVPAES_ASM -DVPSM4_ASM -fPIC -pthread -Wa,--noexecstack -Wall -O3 -DOPENSSL_USE_NODELETE -DOPENSSL_PIC -DOPENSSLDIR="\"/opt/ossl-static/ssl\"" -DENGINESDIR="\"/opt/ossl-static/lib/engines-3\"" -DMODULESDIR="\"/opt/ossl-static/lib/ossl-modules\"" -DOPENSSL_BUILDING_OPENSSL -DNDEBUG  -MMD -MF crypto/rsa/libcrypto-lib-rsa_crpt.d.tmp -MT crypto/rsa/libcrypto-lib-rsa_crpt.o -c -o crypto/rsa/libcrypto-lib-rsa_crpt.o crypto/rsa/rsa_crpt.c
gcc  -I. -Iinclude -Iproviders/common/include -Iproviders/implementations/include  -DBSAES_ASM -DECP_NISTZ256_ASM -DECP_SM2P256_ASM -DKECCAK1600_ASM -DMD5_ASM -DOPENSSL_BN_ASM_MONT -DOPENSSL_CPUID_OBJ -DOPENSSL_SM3_ASM -DPOLY1305_ASM -DSHA1_ASM -DSHA256_ASM -DSHA512_ASM -DSM4_ASM -DVPAES_ASM -DVPSM4_ASM -fPIC -pthread -Wa,--noexecstack -Wall -O3 -DOPENSSL_USE_NODELETE -DOPENSSL_PIC -DOPENSSLDIR="\"/opt/ossl-static/ssl\"" -DENGINESDIR="\"/opt/ossl-static/lib/engines-3\"" -DMODULESDIR="\"/opt/ossl-static/lib/ossl-modules\"" -DOPENSSL_BUILDING_OPENSSL -DNDEBUG  -MMD -MF crypto/rsa/libcrypto-lib-rsa_depr.d.tmp -MT crypto/rsa/libcrypto-lib-rsa_depr.o -c -o crypto/rsa/libcrypto-lib-rsa_depr.o crypto/rsa/rsa_depr.c
gcc  -I. -Iinclude -Iproviders/common/include -Iproviders/implementations/include  -DBSAES_ASM -DECP_NISTZ256_ASM -DECP_SM2P256_ASM -DKECCAK1600_ASM -DMD5_ASM -DOPENSSL_BN_ASM_MONT -DOPENSSL_CPUID_OBJ -DOPENSSL_SM3_ASM -DPOLY1305_ASM -DSHA1_ASM -DSHA256_ASM -DSHA512_ASM -DSM4_ASM -DVPAES_ASM -DVPSM4_ASM -fPIC -pthread -Wa,--noexecstack -Wall -O3 -DOPENSSL_USE_NODELETE -DOPENSSL_PIC -DOPENSSLDIR="\"/opt/ossl-static/ssl\"" -DENGINESDIR="\"/opt/ossl-static/lib/engines-3\"" -DMODULESDIR="\"/opt/ossl-static/lib/ossl-modules\"" -DOPENSSL_BUILDING_OPENSSL -DNDEBUG  -MMD -MF crypto/rsa/libcrypto-lib-rsa_err.d.tmp -MT crypto/rsa/libcrypto-lib-rsa_err.o -c -o crypto/rsa/libcrypto-lib-rsa_err.o crypto/rsa/rsa_err.c
gcc  -I. -Iinclude -Iproviders/common/include -Iproviders/implementations/include  -DBSAES_ASM -DECP_NISTZ256_ASM -DECP_SM2P256_ASM -DKECCAK1600_ASM -DMD5_ASM -DOPENSSL_BN_ASM_MONT -DOPENSSL_CPUID_OBJ -DOPENSSL_SM3_ASM -DPOLY1305_ASM -DSHA1_ASM -DSHA256_ASM -DSHA512_ASM -DSM4_ASM -DVPAES_ASM -DVPSM4_ASM -fPIC -pthread -Wa,--noexecstack -Wall -O3 -DOPENSSL_USE_NODELETE -DOPENSSL_PIC -DOPENSSLDIR="\"/opt/ossl-static/ssl\"" -DENGINESDIR="\"/opt/ossl-static/lib/engines-3\"" -DMODULESDIR="\"/opt/ossl-static/lib/ossl-modules\"" -DOPENSSL_BUILDING_OPENSSL -DNDEBUG  -MMD -MF crypto/rsa/libcrypto-lib-rsa_gen.d.tmp -MT crypto/rsa/libcrypto-lib-rsa_gen.o -c -o crypto/rsa/libcrypto-lib-rsa_gen.o crypto/rsa/rsa_gen.c
gcc  -I. -Iinclude -Iproviders/common/include -Iproviders/implementations/include  -DBSAES_ASM -DECP_NISTZ256_ASM -DECP_SM2P256_ASM -DKECCAK1600_ASM -DMD5_ASM -DOPENSSL_BN_ASM_MONT -DOPENSSL_CPUID_OBJ -DOPENSSL_SM3_ASM -DPOLY1305_ASM -DSHA1_ASM -DSHA256_ASM -DSHA512_ASM -DSM4_ASM -DVPAES_ASM -DVPSM4_ASM -fPIC -pthread -Wa,--noexecstack -Wall -O3 -DOPENSSL_USE_NODELETE -DOPENSSL_PIC -DOPENSSLDIR="\"/opt/ossl-static/ssl\"" -DENGINESDIR="\"/opt/ossl-static/lib/engines-3\"" -DMODULESDIR="\"/opt/ossl-static/lib/ossl-modules\"" -DOPENSSL_BUILDING_OPENSSL -DNDEBUG  -MMD -MF crypto/rsa/libcrypto-lib-rsa_lib.d.tmp -MT crypto/rsa/libcrypto-lib-rsa_lib.o -c -o crypto/rsa/libcrypto-lib-rsa_lib.o crypto/rsa/rsa_lib.c
gcc  -I. -Iinclude -Iproviders/common/include -Iproviders/implementations/include  -DBSAES_ASM -DECP_NISTZ256_ASM -DECP_SM2P256_ASM -DKECCAK1600_ASM -DMD5_ASM -DOPENSSL_BN_ASM_MONT -DOPENSSL_CPUID_OBJ -DOPENSSL_SM3_ASM -DPOLY1305_ASM -DSHA1_ASM -DSHA256_ASM -DSHA512_ASM -DSM4_ASM -DVPAES_ASM -DVPSM4_ASM -fPIC -pthread -Wa,--noexecstack -Wall -O3 -DOPENSSL_USE_NODELETE -DOPENSSL_PIC -DOPENSSLDIR="\"/opt/ossl-static/ssl\"" -DENGINESDIR="\"/opt/ossl-static/lib/engines-3\"" -DMODULESDIR="\"/opt/ossl-static/lib/ossl-modules\"" -DOPENSSL_BUILDING_OPENSSL -DNDEBUG  -MMD -MF crypto/rsa/libcrypto-lib-rsa_meth.d.tmp -MT crypto/rsa/libcrypto-lib-rsa_meth.o -c -o crypto/rsa/libcrypto-lib-rsa_meth.o crypto/rsa/rsa_meth.c
gcc  -I. -Iinclude -Iproviders/common/include -Iproviders/implementations/include  -DBSAES_ASM -DECP_NISTZ256_ASM -DECP_SM2P256_ASM -DKECCAK1600_ASM -DMD5_ASM -DOPENSSL_BN_ASM_MONT -DOPENSSL_CPUID_OBJ -DOPENSSL_SM3_ASM -DPOLY1305_ASM -DSHA1_ASM -DSHA256_ASM -DSHA512_ASM -DSM4_ASM -DVPAES_ASM -DVPSM4_ASM -fPIC -pthread -Wa,--noexecstack -Wall -O3 -DOPENSSL_USE_NODELETE -DOPENSSL_PIC -DOPENSSLDIR="\"/opt/ossl-static/ssl\"" -DENGINESDIR="\"/opt/ossl-static/lib/engines-3\"" -DMODULESDIR="\"/opt/ossl-static/lib/ossl-modules\"" -DOPENSSL_BUILDING_OPENSSL -DNDEBUG  -MMD -MF crypto/rsa/libcrypto-lib-rsa_mp.d.tmp -MT crypto/rsa/libcrypto-lib-rsa_mp.o -c -o crypto/rsa/libcrypto-lib-rsa_mp.o crypto/rsa/rsa_mp.c
gcc  -I. -Iinclude -Iproviders/common/include -Iproviders/implementations/include  -DBSAES_ASM -DECP_NISTZ256_ASM -DECP_SM2P256_ASM -DKECCAK1600_ASM -DMD5_ASM -DOPENSSL_BN_ASM_MONT -DOPENSSL_CPUID_OBJ -DOPENSSL_SM3_ASM -DPOLY1305_ASM -DSHA1_ASM -DSHA256_ASM -DSHA512_ASM -DSM4_ASM -DVPAES_ASM -DVPSM4_ASM -fPIC -pthread -Wa,--noexecstack -Wall -O3 -DOPENSSL_USE_NODELETE -DOPENSSL_PIC -DOPENSSLDIR="\"/opt/ossl-static/ssl\"" -DENGINESDIR="\"/opt/ossl-static/lib/engines-3\"" -DMODULESDIR="\"/opt/ossl-static/lib/ossl-modules\"" -DOPENSSL_BUILDING_OPENSSL -DNDEBUG  -MMD -MF crypto/rsa/libcrypto-lib-rsa_mp_names.d.tmp -MT crypto/rsa/libcrypto-lib-rsa_mp_names.o -c -o crypto/rsa/libcrypto-lib-rsa_mp_names.o crypto/rsa/rsa_mp_names.c
gcc  -I. -Iinclude -Iproviders/common/include -Iproviders/implementations/include  -DBSAES_ASM -DECP_NISTZ256_ASM -DECP_SM2P256_ASM -DKECCAK1600_ASM -DMD5_ASM -DOPENSSL_BN_ASM_MONT -DOPENSSL_CPUID_OBJ -DOPENSSL_SM3_ASM -DPOLY1305_ASM -DSHA1_ASM -DSHA256_ASM -DSHA512_ASM -DSM4_ASM -DVPAES_ASM -DVPSM4_ASM -fPIC -pthread -Wa,--noexecstack -Wall -O3 -DOPENSSL_USE_NODELETE -DOPENSSL_PIC -DOPENSSLDIR="\"/opt/ossl-static/ssl\"" -DENGINESDIR="\"/opt/ossl-static/lib/engines-3\"" -DMODULESDIR="\"/opt/ossl-static/lib/ossl-modules\"" -DOPENSSL_BUILDING_OPENSSL -DNDEBUG  -MMD -MF crypto/rsa/libcrypto-lib-rsa_none.d.tmp -MT crypto/rsa/libcrypto-lib-rsa_none.o -c -o crypto/rsa/libcrypto-lib-rsa_none.o crypto/rsa/rsa_none.c
gcc  -I. -Iinclude -Iproviders/common/include -Iproviders/implementations/include  -DBSAES_ASM -DECP_NISTZ256_ASM -DECP_SM2P256_ASM -DKECCAK1600_ASM -DMD5_ASM -DOPENSSL_BN_ASM_MONT -DOPENSSL_CPUID_OBJ -DOPENSSL_SM3_ASM -DPOLY1305_ASM -DSHA1_ASM -DSHA256_ASM -DSHA512_ASM -DSM4_ASM -DVPAES_ASM -DVPSM4_ASM -fPIC -pthread -Wa,--noexecstack -Wall -O3 -DOPENSSL_USE_NODELETE -DOPENSSL_PIC -DOPENSSLDIR="\"/opt/ossl-static/ssl\"" -DENGINESDIR="\"/opt/ossl-static/lib/engines-3\"" -DMODULESDIR="\"/opt/ossl-static/lib/ossl-modules\"" -DOPENSSL_BUILDING_OPENSSL -DNDEBUG  -MMD -MF crypto/rsa/libcrypto-lib-rsa_oaep.d.tmp -MT crypto/rsa/libcrypto-lib-rsa_oaep.o -c -o crypto/rsa/libcrypto-lib-rsa_oaep.o crypto/rsa/rsa_oaep.c
gcc  -I. -Iinclude -Iproviders/common/include -Iproviders/implementations/include  -DBSAES_ASM -DECP_NISTZ256_ASM -DECP_SM2P256_ASM -DKECCAK1600_ASM -DMD5_ASM -DOPENSSL_BN_ASM_MONT -DOPENSSL_CPUID_OBJ -DOPENSSL_SM3_ASM -DPOLY1305_ASM -DSHA1_ASM -DSHA256_ASM -DSHA512_ASM -DSM4_ASM -DVPAES_ASM -DVPSM4_ASM -fPIC -pthread -Wa,--noexecstack -Wall -O3 -DOPENSSL_USE_NODELETE -DOPENSSL_PIC -DOPENSSLDIR="\"/opt/ossl-static/ssl\"" -DENGINESDIR="\"/opt/ossl-static/lib/engines-3\"" -DMODULESDIR="\"/opt/ossl-static/lib/ossl-modules\"" -DOPENSSL_BUILDING_OPENSSL -DNDEBUG  -MMD -MF crypto/rsa/libcrypto-lib-rsa_ossl.d.tmp -MT crypto/rsa/libcrypto-lib-rsa_ossl.o -c -o crypto/rsa/libcrypto-lib-rsa_ossl.o crypto/rsa/rsa_ossl.c
gcc  -I. -Iinclude -Iproviders/common/include -Iproviders/implementations/include  -DBSAES_ASM -DECP_NISTZ256_ASM -DECP_SM2P256_ASM -DKECCAK1600_ASM -DMD5_ASM -DOPENSSL_BN_ASM_MONT -DOPENSSL_CPUID_OBJ -DOPENSSL_SM3_ASM -DPOLY1305_ASM -DSHA1_ASM -DSHA256_ASM -DSHA512_ASM -DSM4_ASM -DVPAES_ASM -DVPSM4_ASM -fPIC -pthread -Wa,--noexecstack -Wall -O3 -DOPENSSL_USE_NODELETE -DOPENSSL_PIC -DOPENSSLDIR="\"/opt/ossl-static/ssl\"" -DENGINESDIR="\"/opt/ossl-static/lib/engines-3\"" -DMODULESDIR="\"/opt/ossl-static/lib/ossl-modules\"" -DOPENSSL_BUILDING_OPENSSL -DNDEBUG  -MMD -MF crypto/rsa/libcrypto-lib-rsa_pk1.d.tmp -MT crypto/rsa/libcrypto-lib-rsa_pk1.o -c -o crypto/rsa/libcrypto-lib-rsa_pk1.o crypto/rsa/rsa_pk1.c
gcc  -I. -Iinclude -Iproviders/common/include -Iproviders/implementations/include  -DBSAES_ASM -DECP_NISTZ256_ASM -DECP_SM2P256_ASM -DKECCAK1600_ASM -DMD5_ASM -DOPENSSL_BN_ASM_MONT -DOPENSSL_CPUID_OBJ -DOPENSSL_SM3_ASM -DPOLY1305_ASM -DSHA1_ASM -DSHA256_ASM -DSHA512_ASM -DSM4_ASM -DVPAES_ASM -DVPSM4_ASM -fPIC -pthread -Wa,--noexecstack -Wall -O3 -DOPENSSL_USE_NODELETE -DOPENSSL_PIC -DOPENSSLDIR="\"/opt/ossl-static/ssl\"" -DENGINESDIR="\"/opt/ossl-static/lib/engines-3\"" -DMODULESDIR="\"/opt/ossl-static/lib/ossl-modules\"" -DOPENSSL_BUILDING_OPENSSL -DNDEBUG  -MMD -MF crypto/rsa/libcrypto-lib-rsa_pmeth.d.tmp -MT crypto/rsa/libcrypto-lib-rsa_pmeth.o -c -o crypto/rsa/libcrypto-lib-rsa_pmeth.o crypto/rsa/rsa_pmeth.c
gcc  -I. -Iinclude -Iproviders/common/include -Iproviders/implementations/include  -DBSAES_ASM -DECP_NISTZ256_ASM -DECP_SM2P256_ASM -DKECCAK1600_ASM -DMD5_ASM -DOPENSSL_BN_ASM_MONT -DOPENSSL_CPUID_OBJ -DOPENSSL_SM3_ASM -DPOLY1305_ASM -DSHA1_ASM -DSHA256_ASM -DSHA512_ASM -DSM4_ASM -DVPAES_ASM -DVPSM4_ASM -fPIC -pthread -Wa,--noexecstack -Wall -O3 -DOPENSSL_USE_NODELETE -DOPENSSL_PIC -DOPENSSLDIR="\"/opt/ossl-static/ssl\"" -DENGINESDIR="\"/opt/ossl-static/lib/engines-3\"" -DMODULESDIR="\"/opt/ossl-static/lib/ossl-modules\"" -DOPENSSL_BUILDING_OPENSSL -DNDEBUG  -MMD -MF crypto/rsa/libcrypto-lib-rsa_prn.d.tmp -MT crypto/rsa/libcrypto-lib-rsa_prn.o -c -o crypto/rsa/libcrypto-lib-rsa_prn.o crypto/rsa/rsa_prn.c
gcc  -I. -Iinclude -Iproviders/common/include -Iproviders/implementations/include  -DBSAES_ASM -DECP_NISTZ256_ASM -DECP_SM2P256_ASM -DKECCAK1600_ASM -DMD5_ASM -DOPENSSL_BN_ASM_MONT -DOPENSSL_CPUID_OBJ -DOPENSSL_SM3_ASM -DPOLY1305_ASM -DSHA1_ASM -DSHA256_ASM -DSHA512_ASM -DSM4_ASM -DVPAES_ASM -DVPSM4_ASM -fPIC -pthread -Wa,--noexecstack -Wall -O3 -DOPENSSL_USE_NODELETE -DOPENSSL_PIC -DOPENSSLDIR="\"/opt/ossl-static/ssl\"" -DENGINESDIR="\"/opt/ossl-static/lib/engines-3\"" -DMODULESDIR="\"/opt/ossl-static/lib/ossl-modules\"" -DOPENSSL_BUILDING_OPENSSL -DNDEBUG  -MMD -MF crypto/rsa/libcrypto-lib-rsa_pss.d.tmp -MT crypto/rsa/libcrypto-lib-rsa_pss.o -c -o crypto/rsa/libcrypto-lib-rsa_pss.o crypto/rsa/rsa_pss.c
gcc  -I. -Iinclude -Iproviders/common/include -Iproviders/implementations/include  -DBSAES_ASM -DECP_NISTZ256_ASM -DECP_SM2P256_ASM -DKECCAK1600_ASM -DMD5_ASM -DOPENSSL_BN_ASM_MONT -DOPENSSL_CPUID_OBJ -DOPENSSL_SM3_ASM -DPOLY1305_ASM -DSHA1_ASM -DSHA256_ASM -DSHA512_ASM -DSM4_ASM -DVPAES_ASM -DVPSM4_ASM -fPIC -pthread -Wa,--noexecstack -Wall -O3 -DOPENSSL_USE_NODELETE -DOPENSSL_PIC -DOPENSSLDIR="\"/opt/ossl-static/ssl\"" -DENGINESDIR="\"/opt/ossl-static/lib/engines-3\"" -DMODULESDIR="\"/opt/ossl-static/lib/ossl-modules\"" -DOPENSSL_BUILDING_OPENSSL -DNDEBUG  -MMD -MF crypto/rsa/libcrypto-lib-rsa_saos.d.tmp -MT crypto/rsa/libcrypto-lib-rsa_saos.o -c -o crypto/rsa/libcrypto-lib-rsa_saos.o crypto/rsa/rsa_saos.c
gcc  -I. -Iinclude -Iproviders/common/include -Iproviders/implementations/include  -DBSAES_ASM -DECP_NISTZ256_ASM -DECP_SM2P256_ASM -DKECCAK1600_ASM -DMD5_ASM -DOPENSSL_BN_ASM_MONT -DOPENSSL_CPUID_OBJ -DOPENSSL_SM3_ASM -DPOLY1305_ASM -DSHA1_ASM -DSHA256_ASM -DSHA512_ASM -DSM4_ASM -DVPAES_ASM -DVPSM4_ASM -fPIC -pthread -Wa,--noexecstack -Wall -O3 -DOPENSSL_USE_NODELETE -DOPENSSL_PIC -DOPENSSLDIR="\"/opt/ossl-static/ssl\"" -DENGINESDIR="\"/opt/ossl-static/lib/engines-3\"" -DMODULESDIR="\"/opt/ossl-static/lib/ossl-modules\"" -DOPENSSL_BUILDING_OPENSSL -DNDEBUG  -MMD -MF crypto/rsa/libcrypto-lib-rsa_schemes.d.tmp -MT crypto/rsa/libcrypto-lib-rsa_schemes.o -c -o crypto/rsa/libcrypto-lib-rsa_schemes.o crypto/rsa/rsa_schemes.c
gcc  -I. -Iinclude -Iproviders/common/include -Iproviders/implementations/include  -DBSAES_ASM -DECP_NISTZ256_ASM -DECP_SM2P256_ASM -DKECCAK1600_ASM -DMD5_ASM -DOPENSSL_BN_ASM_MONT -DOPENSSL_CPUID_OBJ -DOPENSSL_SM3_ASM -DPOLY1305_ASM -DSHA1_ASM -DSHA256_ASM -DSHA512_ASM -DSM4_ASM -DVPAES_ASM -DVPSM4_ASM -fPIC -pthread -Wa,--noexecstack -Wall -O3 -DOPENSSL_USE_NODELETE -DOPENSSL_PIC -DOPENSSLDIR="\"/opt/ossl-static/ssl\"" -DENGINESDIR="\"/opt/ossl-static/lib/engines-3\"" -DMODULESDIR="\"/opt/ossl-static/lib/ossl-modules\"" -DOPENSSL_BUILDING_OPENSSL -DNDEBUG  -MMD -MF crypto/rsa/libcrypto-lib-rsa_sign.d.tmp -MT crypto/rsa/libcrypto-lib-rsa_sign.o -c -o crypto/rsa/libcrypto-lib-rsa_sign.o crypto/rsa/rsa_sign.c
gcc  -I. -Iinclude -Iproviders/common/include -Iproviders/implementations/include  -DBSAES_ASM -DECP_NISTZ256_ASM -DECP_SM2P256_ASM -DKECCAK1600_ASM -DMD5_ASM -DOPENSSL_BN_ASM_MONT -DOPENSSL_CPUID_OBJ -DOPENSSL_SM3_ASM -DPOLY1305_ASM -DSHA1_ASM -DSHA256_ASM -DSHA512_ASM -DSM4_ASM -DVPAES_ASM -DVPSM4_ASM -fPIC -pthread -Wa,--noexecstack -Wall -O3 -DOPENSSL_USE_NODELETE -DOPENSSL_PIC -DOPENSSLDIR="\"/opt/ossl-static/ssl\"" -DENGINESDIR="\"/opt/ossl-static/lib/engines-3\"" -DMODULESDIR="\"/opt/ossl-static/lib/ossl-modules\"" -DOPENSSL_BUILDING_OPENSSL -DNDEBUG  -MMD -MF crypto/rsa/libcrypto-lib-rsa_sp800_56b_check.d.tmp -MT crypto/rsa/libcrypto-lib-rsa_sp800_56b_check.o -c -o crypto/rsa/libcrypto-lib-rsa_sp800_56b_check.o crypto/rsa/rsa_sp800_56b_check.c
gcc  -I. -Iinclude -Iproviders/common/include -Iproviders/implementations/include  -DBSAES_ASM -DECP_NISTZ256_ASM -DECP_SM2P256_ASM -DKECCAK1600_ASM -DMD5_ASM -DOPENSSL_BN_ASM_MONT -DOPENSSL_CPUID_OBJ -DOPENSSL_SM3_ASM -DPOLY1305_ASM -DSHA1_ASM -DSHA256_ASM -DSHA512_ASM -DSM4_ASM -DVPAES_ASM -DVPSM4_ASM -fPIC -pthread -Wa,--noexecstack -Wall -O3 -DOPENSSL_USE_NODELETE -DOPENSSL_PIC -DOPENSSLDIR="\"/opt/ossl-static/ssl\"" -DENGINESDIR="\"/opt/ossl-static/lib/engines-3\"" -DMODULESDIR="\"/opt/ossl-static/lib/ossl-modules\"" -DOPENSSL_BUILDING_OPENSSL -DNDEBUG  -MMD -MF crypto/rsa/libcrypto-lib-rsa_sp800_56b_gen.d.tmp -MT crypto/rsa/libcrypto-lib-rsa_sp800_56b_gen.o -c -o crypto/rsa/libcrypto-lib-rsa_sp800_56b_gen.o crypto/rsa/rsa_sp800_56b_gen.c
gcc  -I. -Iinclude -Iproviders/common/include -Iproviders/implementations/include  -DBSAES_ASM -DECP_NISTZ256_ASM -DECP_SM2P256_ASM -DKECCAK1600_ASM -DMD5_ASM -DOPENSSL_BN_ASM_MONT -DOPENSSL_CPUID_OBJ -DOPENSSL_SM3_ASM -DPOLY1305_ASM -DSHA1_ASM -DSHA256_ASM -DSHA512_ASM -DSM4_ASM -DVPAES_ASM -DVPSM4_ASM -fPIC -pthread -Wa,--noexecstack -Wall -O3 -DOPENSSL_USE_NODELETE -DOPENSSL_PIC -DOPENSSLDIR="\"/opt/ossl-static/ssl\"" -DENGINESDIR="\"/opt/ossl-static/lib/engines-3\"" -DMODULESDIR="\"/opt/ossl-static/lib/ossl-modules\"" -DOPENSSL_BUILDING_OPENSSL -DNDEBUG  -MMD -MF crypto/rsa/libcrypto-lib-rsa_x931.d.tmp -MT crypto/rsa/libcrypto-lib-rsa_x931.o -c -o crypto/rsa/libcrypto-lib-rsa_x931.o crypto/rsa/rsa_x931.c
gcc  -I. -Iinclude -Iproviders/common/include -Iproviders/implementations/include  -DBSAES_ASM -DECP_NISTZ256_ASM -DECP_SM2P256_ASM -DKECCAK1600_ASM -DMD5_ASM -DOPENSSL_BN_ASM_MONT -DOPENSSL_CPUID_OBJ -DOPENSSL_SM3_ASM -DPOLY1305_ASM -DSHA1_ASM -DSHA256_ASM -DSHA512_ASM -DSM4_ASM -DVPAES_ASM -DVPSM4_ASM -fPIC -pthread -Wa,--noexecstack -Wall -O3 -DOPENSSL_USE_NODELETE -DOPENSSL_PIC -DOPENSSLDIR="\"/opt/ossl-static/ssl\"" -DENGINESDIR="\"/opt/ossl-static/lib/engines-3\"" -DMODULESDIR="\"/opt/ossl-static/lib/ossl-modules\"" -DOPENSSL_BUILDING_OPENSSL -DNDEBUG  -MMD -MF crypto/rsa/libcrypto-lib-rsa_x931g.d.tmp -MT crypto/rsa/libcrypto-lib-rsa_x931g.o -c -o crypto/rsa/libcrypto-lib-rsa_x931g.o crypto/rsa/rsa_x931g.c
gcc  -I. -Iinclude -Iproviders/common/include -Iproviders/implementations/include  -DBSAES_ASM -DECP_NISTZ256_ASM -DECP_SM2P256_ASM -DKECCAK1600_ASM -DMD5_ASM -DOPENSSL_BN_ASM_MONT -DOPENSSL_CPUID_OBJ -DOPENSSL_SM3_ASM -DPOLY1305_ASM -DSHA1_ASM -DSHA256_ASM -DSHA512_ASM -DSM4_ASM -DVPAES_ASM -DVPSM4_ASM -fPIC -pthread -Wa,--noexecstack -Wall -O3 -DOPENSSL_USE_NODELETE -DOPENSSL_PIC -DOPENSSLDIR="\"/opt/ossl-static/ssl\"" -DENGINESDIR="\"/opt/ossl-static/lib/engines-3\"" -DMODULESDIR="\"/opt/ossl-static/lib/ossl-modules\"" -DOPENSSL_BUILDING_OPENSSL -DNDEBUG  -MMD -MF crypto/seed/libcrypto-lib-seed.d.tmp -MT crypto/seed/libcrypto-lib-seed.o -c -o crypto/seed/libcrypto-lib-seed.o crypto/seed/seed.c
gcc  -I. -Iinclude -Iproviders/common/include -Iproviders/implementations/include  -DBSAES_ASM -DECP_NISTZ256_ASM -DECP_SM2P256_ASM -DKECCAK1600_ASM -DMD5_ASM -DOPENSSL_BN_ASM_MONT -DOPENSSL_CPUID_OBJ -DOPENSSL_SM3_ASM -DPOLY1305_ASM -DSHA1_ASM -DSHA256_ASM -DSHA512_ASM -DSM4_ASM -DVPAES_ASM -DVPSM4_ASM -fPIC -pthread -Wa,--noexecstack -Wall -O3 -DOPENSSL_USE_NODELETE -DOPENSSL_PIC -DOPENSSLDIR="\"/opt/ossl-static/ssl\"" -DENGINESDIR="\"/opt/ossl-static/lib/engines-3\"" -DMODULESDIR="\"/opt/ossl-static/lib/ossl-modules\"" -DOPENSSL_BUILDING_OPENSSL -DNDEBUG  -MMD -MF crypto/seed/libcrypto-lib-seed_cbc.d.tmp -MT crypto/seed/libcrypto-lib-seed_cbc.o -c -o crypto/seed/libcrypto-lib-seed_cbc.o crypto/seed/seed_cbc.c
gcc  -I. -Iinclude -Iproviders/common/include -Iproviders/implementations/include  -DBSAES_ASM -DECP_NISTZ256_ASM -DECP_SM2P256_ASM -DKECCAK1600_ASM -DMD5_ASM -DOPENSSL_BN_ASM_MONT -DOPENSSL_CPUID_OBJ -DOPENSSL_SM3_ASM -DPOLY1305_ASM -DSHA1_ASM -DSHA256_ASM -DSHA512_ASM -DSM4_ASM -DVPAES_ASM -DVPSM4_ASM -fPIC -pthread -Wa,--noexecstack -Wall -O3 -DOPENSSL_USE_NODELETE -DOPENSSL_PIC -DOPENSSLDIR="\"/opt/ossl-static/ssl\"" -DENGINESDIR="\"/opt/ossl-static/lib/engines-3\"" -DMODULESDIR="\"/opt/ossl-static/lib/ossl-modules\"" -DOPENSSL_BUILDING_OPENSSL -DNDEBUG  -MMD -MF crypto/seed/libcrypto-lib-seed_cfb.d.tmp -MT crypto/seed/libcrypto-lib-seed_cfb.o -c -o crypto/seed/libcrypto-lib-seed_cfb.o crypto/seed/seed_cfb.c
gcc  -I. -Iinclude -Iproviders/common/include -Iproviders/implementations/include  -DBSAES_ASM -DECP_NISTZ256_ASM -DECP_SM2P256_ASM -DKECCAK1600_ASM -DMD5_ASM -DOPENSSL_BN_ASM_MONT -DOPENSSL_CPUID_OBJ -DOPENSSL_SM3_ASM -DPOLY1305_ASM -DSHA1_ASM -DSHA256_ASM -DSHA512_ASM -DSM4_ASM -DVPAES_ASM -DVPSM4_ASM -fPIC -pthread -Wa,--noexecstack -Wall -O3 -DOPENSSL_USE_NODELETE -DOPENSSL_PIC -DOPENSSLDIR="\"/opt/ossl-static/ssl\"" -DENGINESDIR="\"/opt/ossl-static/lib/engines-3\"" -DMODULESDIR="\"/opt/ossl-static/lib/ossl-modules\"" -DOPENSSL_BUILDING_OPENSSL -DNDEBUG  -MMD -MF crypto/seed/libcrypto-lib-seed_ecb.d.tmp -MT crypto/seed/libcrypto-lib-seed_ecb.o -c -o crypto/seed/libcrypto-lib-seed_ecb.o crypto/seed/seed_ecb.c
gcc  -I. -Iinclude -Iproviders/common/include -Iproviders/implementations/include  -DBSAES_ASM -DECP_NISTZ256_ASM -DECP_SM2P256_ASM -DKECCAK1600_ASM -DMD5_ASM -DOPENSSL_BN_ASM_MONT -DOPENSSL_CPUID_OBJ -DOPENSSL_SM3_ASM -DPOLY1305_ASM -DSHA1_ASM -DSHA256_ASM -DSHA512_ASM -DSM4_ASM -DVPAES_ASM -DVPSM4_ASM -fPIC -pthread -Wa,--noexecstack -Wall -O3 -DOPENSSL_USE_NODELETE -DOPENSSL_PIC -DOPENSSLDIR="\"/opt/ossl-static/ssl\"" -DENGINESDIR="\"/opt/ossl-static/lib/engines-3\"" -DMODULESDIR="\"/opt/ossl-static/lib/ossl-modules\"" -DOPENSSL_BUILDING_OPENSSL -DNDEBUG  -MMD -MF crypto/seed/libcrypto-lib-seed_ofb.d.tmp -MT crypto/seed/libcrypto-lib-seed_ofb.o -c -o crypto/seed/libcrypto-lib-seed_ofb.o crypto/seed/seed_ofb.c
CC="gcc" perl crypto/sha/asm/keccak1600-armv8.pl "linux64" -Icrypto -I. -Iinclude -Iproviders/common/include -Iproviders/implementations/include -fPIC -pthread -Wa,--noexecstack -Wall -O3 -DOPENSSL_USE_NODELETE -DOPENSSL_PIC -DOPENSSLDIR="\"/opt/ossl-static/ssl\"" -DENGINESDIR="\"/opt/ossl-static/lib/engines-3\"" -DMODULESDIR="\"/opt/ossl-static/lib/ossl-modules\"" -DOPENSSL_BUILDING_OPENSSL -DNDEBUG  -DBSAES_ASM -DECP_NISTZ256_ASM -DECP_SM2P256_ASM -DKECCAK1600_ASM -DMD5_ASM -DOPENSSL_BN_ASM_MONT -DOPENSSL_CPUID_OBJ -DOPENSSL_SM3_ASM -DPOLY1305_ASM -DSHA1_ASM -DSHA256_ASM -DSHA512_ASM -DSM4_ASM -DVPAES_ASM -DVPSM4_ASM  crypto/sha/keccak1600-armv8.S
CC="gcc" perl crypto/sha/asm/sha1-armv8.pl "linux64" -Icrypto -I. -Iinclude -Iproviders/common/include -Iproviders/implementations/include -fPIC -pthread -Wa,--noexecstack -Wall -O3 -DOPENSSL_USE_NODELETE -DOPENSSL_PIC -DOPENSSLDIR="\"/opt/ossl-static/ssl\"" -DENGINESDIR="\"/opt/ossl-static/lib/engines-3\"" -DMODULESDIR="\"/opt/ossl-static/lib/ossl-modules\"" -DOPENSSL_BUILDING_OPENSSL -DNDEBUG  -DBSAES_ASM -DECP_NISTZ256_ASM -DECP_SM2P256_ASM -DKECCAK1600_ASM -DMD5_ASM -DOPENSSL_BN_ASM_MONT -DOPENSSL_CPUID_OBJ -DOPENSSL_SM3_ASM -DPOLY1305_ASM -DSHA1_ASM -DSHA256_ASM -DSHA512_ASM -DSM4_ASM -DVPAES_ASM -DVPSM4_ASM  crypto/sha/sha1-armv8.S
gcc  -I. -Iinclude -Iproviders/common/include -Iproviders/implementations/include  -DBSAES_ASM -DECP_NISTZ256_ASM -DECP_SM2P256_ASM -DKECCAK1600_ASM -DMD5_ASM -DOPENSSL_BN_ASM_MONT -DOPENSSL_CPUID_OBJ -DOPENSSL_SM3_ASM -DPOLY1305_ASM -DSHA1_ASM -DSHA256_ASM -DSHA512_ASM -DSM4_ASM -DVPAES_ASM -DVPSM4_ASM -fPIC -pthread -Wa,--noexecstack -Wall -O3 -DOPENSSL_USE_NODELETE -DOPENSSL_PIC -DOPENSSLDIR="\"/opt/ossl-static/ssl\"" -DENGINESDIR="\"/opt/ossl-static/lib/engines-3\"" -DMODULESDIR="\"/opt/ossl-static/lib/ossl-modules\"" -DOPENSSL_BUILDING_OPENSSL -DNDEBUG  -MMD -MF crypto/sha/libcrypto-lib-sha1_one.d.tmp -MT crypto/sha/libcrypto-lib-sha1_one.o -c -o crypto/sha/libcrypto-lib-sha1_one.o crypto/sha/sha1_one.c
gcc  -I. -Iinclude -Iproviders/common/include -Iproviders/implementations/include  -DBSAES_ASM -DECP_NISTZ256_ASM -DECP_SM2P256_ASM -DKECCAK1600_ASM -DMD5_ASM -DOPENSSL_BN_ASM_MONT -DOPENSSL_CPUID_OBJ -DOPENSSL_SM3_ASM -DPOLY1305_ASM -DSHA1_ASM -DSHA256_ASM -DSHA512_ASM -DSM4_ASM -DVPAES_ASM -DVPSM4_ASM -fPIC -pthread -Wa,--noexecstack -Wall -O3 -DOPENSSL_USE_NODELETE -DOPENSSL_PIC -DOPENSSLDIR="\"/opt/ossl-static/ssl\"" -DENGINESDIR="\"/opt/ossl-static/lib/engines-3\"" -DMODULESDIR="\"/opt/ossl-static/lib/ossl-modules\"" -DOPENSSL_BUILDING_OPENSSL -DNDEBUG  -MMD -MF crypto/sha/libcrypto-lib-sha1dgst.d.tmp -MT crypto/sha/libcrypto-lib-sha1dgst.o -c -o crypto/sha/libcrypto-lib-sha1dgst.o crypto/sha/sha1dgst.c
CC="gcc" perl crypto/sha/asm/sha512-armv8.pl "linux64" -Icrypto -I. -Iinclude -Iproviders/common/include -Iproviders/implementations/include -fPIC -pthread -Wa,--noexecstack -Wall -O3 -DOPENSSL_USE_NODELETE -DOPENSSL_PIC -DOPENSSLDIR="\"/opt/ossl-static/ssl\"" -DENGINESDIR="\"/opt/ossl-static/lib/engines-3\"" -DMODULESDIR="\"/opt/ossl-static/lib/ossl-modules\"" -DOPENSSL_BUILDING_OPENSSL -DNDEBUG  -DBSAES_ASM -DECP_NISTZ256_ASM -DECP_SM2P256_ASM -DKECCAK1600_ASM -DMD5_ASM -DOPENSSL_BN_ASM_MONT -DOPENSSL_CPUID_OBJ -DOPENSSL_SM3_ASM -DPOLY1305_ASM -DSHA1_ASM -DSHA256_ASM -DSHA512_ASM -DSM4_ASM -DVPAES_ASM -DVPSM4_ASM  crypto/sha/sha256-armv8.S
gcc  -I. -Iinclude -Iproviders/common/include -Iproviders/implementations/include  -DBSAES_ASM -DECP_NISTZ256_ASM -DECP_SM2P256_ASM -DKECCAK1600_ASM -DMD5_ASM -DOPENSSL_BN_ASM_MONT -DOPENSSL_CPUID_OBJ -DOPENSSL_SM3_ASM -DPOLY1305_ASM -DSHA1_ASM -DSHA256_ASM -DSHA512_ASM -DSM4_ASM -DVPAES_ASM -DVPSM4_ASM -fPIC -pthread -Wa,--noexecstack -Wall -O3 -DOPENSSL_USE_NODELETE -DOPENSSL_PIC -DOPENSSLDIR="\"/opt/ossl-static/ssl\"" -DENGINESDIR="\"/opt/ossl-static/lib/engines-3\"" -DMODULESDIR="\"/opt/ossl-static/lib/ossl-modules\"" -DOPENSSL_BUILDING_OPENSSL -DNDEBUG  -MMD -MF crypto/sha/libcrypto-lib-sha256.d.tmp -MT crypto/sha/libcrypto-lib-sha256.o -c -o crypto/sha/libcrypto-lib-sha256.o crypto/sha/sha256.c
gcc  -I. -Iinclude -Iproviders/common/include -Iproviders/implementations/include  -DBSAES_ASM -DECP_NISTZ256_ASM -DECP_SM2P256_ASM -DKECCAK1600_ASM -DMD5_ASM -DOPENSSL_BN_ASM_MONT -DOPENSSL_CPUID_OBJ -DOPENSSL_SM3_ASM -DPOLY1305_ASM -DSHA1_ASM -DSHA256_ASM -DSHA512_ASM -DSM4_ASM -DVPAES_ASM -DVPSM4_ASM -fPIC -pthread -Wa,--noexecstack -Wall -O3 -DOPENSSL_USE_NODELETE -DOPENSSL_PIC -DOPENSSLDIR="\"/opt/ossl-static/ssl\"" -DENGINESDIR="\"/opt/ossl-static/lib/engines-3\"" -DMODULESDIR="\"/opt/ossl-static/lib/ossl-modules\"" -DOPENSSL_BUILDING_OPENSSL -DNDEBUG  -MMD -MF crypto/sha/libcrypto-lib-sha3.d.tmp -MT crypto/sha/libcrypto-lib-sha3.o -c -o crypto/sha/libcrypto-lib-sha3.o crypto/sha/sha3.c
CC="gcc" perl crypto/sha/asm/sha512-armv8.pl "linux64" -Icrypto -I. -Iinclude -Iproviders/common/include -Iproviders/implementations/include -fPIC -pthread -Wa,--noexecstack -Wall -O3 -DOPENSSL_USE_NODELETE -DOPENSSL_PIC -DOPENSSLDIR="\"/opt/ossl-static/ssl\"" -DENGINESDIR="\"/opt/ossl-static/lib/engines-3\"" -DMODULESDIR="\"/opt/ossl-static/lib/ossl-modules\"" -DOPENSSL_BUILDING_OPENSSL -DNDEBUG  -DBSAES_ASM -DECP_NISTZ256_ASM -DECP_SM2P256_ASM -DKECCAK1600_ASM -DMD5_ASM -DOPENSSL_BN_ASM_MONT -DOPENSSL_CPUID_OBJ -DOPENSSL_SM3_ASM -DPOLY1305_ASM -DSHA1_ASM -DSHA256_ASM -DSHA512_ASM -DSM4_ASM -DVPAES_ASM -DVPSM4_ASM  crypto/sha/sha512-armv8.S
gcc  -I. -Iinclude -Iproviders/common/include -Iproviders/implementations/include  -DBSAES_ASM -DECP_NISTZ256_ASM -DECP_SM2P256_ASM -DKECCAK1600_ASM -DMD5_ASM -DOPENSSL_BN_ASM_MONT -DOPENSSL_CPUID_OBJ -DOPENSSL_SM3_ASM -DPOLY1305_ASM -DSHA1_ASM -DSHA256_ASM -DSHA512_ASM -DSM4_ASM -DVPAES_ASM -DVPSM4_ASM -fPIC -pthread -Wa,--noexecstack -Wall -O3 -DOPENSSL_USE_NODELETE -DOPENSSL_PIC -DOPENSSLDIR="\"/opt/ossl-static/ssl\"" -DENGINESDIR="\"/opt/ossl-static/lib/engines-3\"" -DMODULESDIR="\"/opt/ossl-static/lib/ossl-modules\"" -DOPENSSL_BUILDING_OPENSSL -DNDEBUG  -MMD -MF crypto/sha/libcrypto-lib-sha512.d.tmp -MT crypto/sha/libcrypto-lib-sha512.o -c -o crypto/sha/libcrypto-lib-sha512.o crypto/sha/sha512.c
gcc  -I. -Iinclude -Iproviders/common/include -Iproviders/implementations/include  -DBSAES_ASM -DECP_NISTZ256_ASM -DECP_SM2P256_ASM -DKECCAK1600_ASM -DMD5_ASM -DOPENSSL_BN_ASM_MONT -DOPENSSL_CPUID_OBJ -DOPENSSL_SM3_ASM -DPOLY1305_ASM -DSHA1_ASM -DSHA256_ASM -DSHA512_ASM -DSM4_ASM -DVPAES_ASM -DVPSM4_ASM -fPIC -pthread -Wa,--noexecstack -Wall -O3 -DOPENSSL_USE_NODELETE -DOPENSSL_PIC -DOPENSSLDIR="\"/opt/ossl-static/ssl\"" -DENGINESDIR="\"/opt/ossl-static/lib/engines-3\"" -DMODULESDIR="\"/opt/ossl-static/lib/ossl-modules\"" -DOPENSSL_BUILDING_OPENSSL -DNDEBUG  -MMD -MF crypto/siphash/libcrypto-lib-siphash.d.tmp -MT crypto/siphash/libcrypto-lib-siphash.o -c -o crypto/siphash/libcrypto-lib-siphash.o crypto/siphash/siphash.c
gcc  -I. -Iinclude -Iproviders/common/include -Iproviders/implementations/include  -DBSAES_ASM -DECP_NISTZ256_ASM -DECP_SM2P256_ASM -DKECCAK1600_ASM -DMD5_ASM -DOPENSSL_BN_ASM_MONT -DOPENSSL_CPUID_OBJ -DOPENSSL_SM3_ASM -DPOLY1305_ASM -DSHA1_ASM -DSHA256_ASM -DSHA512_ASM -DSM4_ASM -DVPAES_ASM -DVPSM4_ASM -fPIC -pthread -Wa,--noexecstack -Wall -O3 -DOPENSSL_USE_NODELETE -DOPENSSL_PIC -DOPENSSLDIR="\"/opt/ossl-static/ssl\"" -DENGINESDIR="\"/opt/ossl-static/lib/engines-3\"" -DMODULESDIR="\"/opt/ossl-static/lib/ossl-modules\"" -DOPENSSL_BUILDING_OPENSSL -DNDEBUG  -MMD -MF crypto/sm2/libcrypto-lib-sm2_crypt.d.tmp -MT crypto/sm2/libcrypto-lib-sm2_crypt.o -c -o crypto/sm2/libcrypto-lib-sm2_crypt.o crypto/sm2/sm2_crypt.c
gcc  -I. -Iinclude -Iproviders/common/include -Iproviders/implementations/include  -DBSAES_ASM -DECP_NISTZ256_ASM -DECP_SM2P256_ASM -DKECCAK1600_ASM -DMD5_ASM -DOPENSSL_BN_ASM_MONT -DOPENSSL_CPUID_OBJ -DOPENSSL_SM3_ASM -DPOLY1305_ASM -DSHA1_ASM -DSHA256_ASM -DSHA512_ASM -DSM4_ASM -DVPAES_ASM -DVPSM4_ASM -fPIC -pthread -Wa,--noexecstack -Wall -O3 -DOPENSSL_USE_NODELETE -DOPENSSL_PIC -DOPENSSLDIR="\"/opt/ossl-static/ssl\"" -DENGINESDIR="\"/opt/ossl-static/lib/engines-3\"" -DMODULESDIR="\"/opt/ossl-static/lib/ossl-modules\"" -DOPENSSL_BUILDING_OPENSSL -DNDEBUG  -MMD -MF crypto/sm2/libcrypto-lib-sm2_err.d.tmp -MT crypto/sm2/libcrypto-lib-sm2_err.o -c -o crypto/sm2/libcrypto-lib-sm2_err.o crypto/sm2/sm2_err.c
gcc  -I. -Iinclude -Iproviders/common/include -Iproviders/implementations/include  -DBSAES_ASM -DECP_NISTZ256_ASM -DECP_SM2P256_ASM -DKECCAK1600_ASM -DMD5_ASM -DOPENSSL_BN_ASM_MONT -DOPENSSL_CPUID_OBJ -DOPENSSL_SM3_ASM -DPOLY1305_ASM -DSHA1_ASM -DSHA256_ASM -DSHA512_ASM -DSM4_ASM -DVPAES_ASM -DVPSM4_ASM -fPIC -pthread -Wa,--noexecstack -Wall -O3 -DOPENSSL_USE_NODELETE -DOPENSSL_PIC -DOPENSSLDIR="\"/opt/ossl-static/ssl\"" -DENGINESDIR="\"/opt/ossl-static/lib/engines-3\"" -DMODULESDIR="\"/opt/ossl-static/lib/ossl-modules\"" -DOPENSSL_BUILDING_OPENSSL -DNDEBUG  -MMD -MF crypto/sm2/libcrypto-lib-sm2_key.d.tmp -MT crypto/sm2/libcrypto-lib-sm2_key.o -c -o crypto/sm2/libcrypto-lib-sm2_key.o crypto/sm2/sm2_key.c
gcc  -I. -Iinclude -Iproviders/common/include -Iproviders/implementations/include  -DBSAES_ASM -DECP_NISTZ256_ASM -DECP_SM2P256_ASM -DKECCAK1600_ASM -DMD5_ASM -DOPENSSL_BN_ASM_MONT -DOPENSSL_CPUID_OBJ -DOPENSSL_SM3_ASM -DPOLY1305_ASM -DSHA1_ASM -DSHA256_ASM -DSHA512_ASM -DSM4_ASM -DVPAES_ASM -DVPSM4_ASM -fPIC -pthread -Wa,--noexecstack -Wall -O3 -DOPENSSL_USE_NODELETE -DOPENSSL_PIC -DOPENSSLDIR="\"/opt/ossl-static/ssl\"" -DENGINESDIR="\"/opt/ossl-static/lib/engines-3\"" -DMODULESDIR="\"/opt/ossl-static/lib/ossl-modules\"" -DOPENSSL_BUILDING_OPENSSL -DNDEBUG  -MMD -MF crypto/sm2/libcrypto-lib-sm2_sign.d.tmp -MT crypto/sm2/libcrypto-lib-sm2_sign.o -c -o crypto/sm2/libcrypto-lib-sm2_sign.o crypto/sm2/sm2_sign.c
gcc  -I. -Iinclude -Iproviders/common/include -Iproviders/implementations/include  -DBSAES_ASM -DECP_NISTZ256_ASM -DECP_SM2P256_ASM -DKECCAK1600_ASM -DMD5_ASM -DOPENSSL_BN_ASM_MONT -DOPENSSL_CPUID_OBJ -DOPENSSL_SM3_ASM -DPOLY1305_ASM -DSHA1_ASM -DSHA256_ASM -DSHA512_ASM -DSM4_ASM -DVPAES_ASM -DVPSM4_ASM -fPIC -pthread -Wa,--noexecstack -Wall -O3 -DOPENSSL_USE_NODELETE -DOPENSSL_PIC -DOPENSSLDIR="\"/opt/ossl-static/ssl\"" -DENGINESDIR="\"/opt/ossl-static/lib/engines-3\"" -DMODULESDIR="\"/opt/ossl-static/lib/ossl-modules\"" -DOPENSSL_BUILDING_OPENSSL -DNDEBUG  -MMD -MF crypto/sm3/libcrypto-lib-legacy_sm3.d.tmp -MT crypto/sm3/libcrypto-lib-legacy_sm3.o -c -o crypto/sm3/libcrypto-lib-legacy_sm3.o crypto/sm3/legacy_sm3.c
CC="gcc" perl crypto/sm3/asm/sm3-armv8.pl "linux64" -Icrypto -I. -Iinclude -Iproviders/common/include -Iproviders/implementations/include -fPIC -pthread -Wa,--noexecstack -Wall -O3 -DOPENSSL_USE_NODELETE -DOPENSSL_PIC -DOPENSSLDIR="\"/opt/ossl-static/ssl\"" -DENGINESDIR="\"/opt/ossl-static/lib/engines-3\"" -DMODULESDIR="\"/opt/ossl-static/lib/ossl-modules\"" -DOPENSSL_BUILDING_OPENSSL -DNDEBUG  -DBSAES_ASM -DECP_NISTZ256_ASM -DECP_SM2P256_ASM -DKECCAK1600_ASM -DMD5_ASM -DOPENSSL_BN_ASM_MONT -DOPENSSL_CPUID_OBJ -DOPENSSL_SM3_ASM -DPOLY1305_ASM -DSHA1_ASM -DSHA256_ASM -DSHA512_ASM -DSM4_ASM -DVPAES_ASM -DVPSM4_ASM  crypto/sm3/sm3-armv8.S
gcc  -I. -Iinclude -Iproviders/common/include -Iproviders/implementations/include  -DBSAES_ASM -DECP_NISTZ256_ASM -DECP_SM2P256_ASM -DKECCAK1600_ASM -DMD5_ASM -DOPENSSL_BN_ASM_MONT -DOPENSSL_CPUID_OBJ -DOPENSSL_SM3_ASM -DPOLY1305_ASM -DSHA1_ASM -DSHA256_ASM -DSHA512_ASM -DSM4_ASM -DVPAES_ASM -DVPSM4_ASM -fPIC -pthread -Wa,--noexecstack -Wall -O3 -DOPENSSL_USE_NODELETE -DOPENSSL_PIC -DOPENSSLDIR="\"/opt/ossl-static/ssl\"" -DENGINESDIR="\"/opt/ossl-static/lib/engines-3\"" -DMODULESDIR="\"/opt/ossl-static/lib/ossl-modules\"" -DOPENSSL_BUILDING_OPENSSL -DNDEBUG  -MMD -MF crypto/sm3/libcrypto-lib-sm3.d.tmp -MT crypto/sm3/libcrypto-lib-sm3.o -c -o crypto/sm3/libcrypto-lib-sm3.o crypto/sm3/sm3.c
CC="gcc" perl crypto/sm4/asm/sm4-armv8.pl "linux64" -Icrypto -I. -Iinclude -Iproviders/common/include -Iproviders/implementations/include -fPIC -pthread -Wa,--noexecstack -Wall -O3 -DOPENSSL_USE_NODELETE -DOPENSSL_PIC -DOPENSSLDIR="\"/opt/ossl-static/ssl\"" -DENGINESDIR="\"/opt/ossl-static/lib/engines-3\"" -DMODULESDIR="\"/opt/ossl-static/lib/ossl-modules\"" -DOPENSSL_BUILDING_OPENSSL -DNDEBUG  -DBSAES_ASM -DECP_NISTZ256_ASM -DECP_SM2P256_ASM -DKECCAK1600_ASM -DMD5_ASM -DOPENSSL_BN_ASM_MONT -DOPENSSL_CPUID_OBJ -DOPENSSL_SM3_ASM -DPOLY1305_ASM -DSHA1_ASM -DSHA256_ASM -DSHA512_ASM -DSM4_ASM -DVPAES_ASM -DVPSM4_ASM  crypto/sm4/sm4-armv8.S
gcc  -I. -Iinclude -Iproviders/common/include -Iproviders/implementations/include  -DBSAES_ASM -DECP_NISTZ256_ASM -DECP_SM2P256_ASM -DKECCAK1600_ASM -DMD5_ASM -DOPENSSL_BN_ASM_MONT -DOPENSSL_CPUID_OBJ -DOPENSSL_SM3_ASM -DPOLY1305_ASM -DSHA1_ASM -DSHA256_ASM -DSHA512_ASM -DSM4_ASM -DVPAES_ASM -DVPSM4_ASM -fPIC -pthread -Wa,--noexecstack -Wall -O3 -DOPENSSL_USE_NODELETE -DOPENSSL_PIC -DOPENSSLDIR="\"/opt/ossl-static/ssl\"" -DENGINESDIR="\"/opt/ossl-static/lib/engines-3\"" -DMODULESDIR="\"/opt/ossl-static/lib/ossl-modules\"" -DOPENSSL_BUILDING_OPENSSL -DNDEBUG  -MMD -MF crypto/sm4/libcrypto-lib-sm4.d.tmp -MT crypto/sm4/libcrypto-lib-sm4.o -c -o crypto/sm4/libcrypto-lib-sm4.o crypto/sm4/sm4.c
CC="gcc" perl crypto/sm4/asm/vpsm4-armv8.pl "linux64" -Icrypto -I. -Iinclude -Iproviders/common/include -Iproviders/implementations/include -fPIC -pthread -Wa,--noexecstack -Wall -O3 -DOPENSSL_USE_NODELETE -DOPENSSL_PIC -DOPENSSLDIR="\"/opt/ossl-static/ssl\"" -DENGINESDIR="\"/opt/ossl-static/lib/engines-3\"" -DMODULESDIR="\"/opt/ossl-static/lib/ossl-modules\"" -DOPENSSL_BUILDING_OPENSSL -DNDEBUG  -DBSAES_ASM -DECP_NISTZ256_ASM -DECP_SM2P256_ASM -DKECCAK1600_ASM -DMD5_ASM -DOPENSSL_BN_ASM_MONT -DOPENSSL_CPUID_OBJ -DOPENSSL_SM3_ASM -DPOLY1305_ASM -DSHA1_ASM -DSHA256_ASM -DSHA512_ASM -DSM4_ASM -DVPAES_ASM -DVPSM4_ASM  crypto/sm4/vpsm4-armv8.S
CC="gcc" perl crypto/sm4/asm/vpsm4_ex-armv8.pl "linux64" -Icrypto -I. -Iinclude -Iproviders/common/include -Iproviders/implementations/include -fPIC -pthread -Wa,--noexecstack -Wall -O3 -DOPENSSL_USE_NODELETE -DOPENSSL_PIC -DOPENSSLDIR="\"/opt/ossl-static/ssl\"" -DENGINESDIR="\"/opt/ossl-static/lib/engines-3\"" -DMODULESDIR="\"/opt/ossl-static/lib/ossl-modules\"" -DOPENSSL_BUILDING_OPENSSL -DNDEBUG  -DBSAES_ASM -DECP_NISTZ256_ASM -DECP_SM2P256_ASM -DKECCAK1600_ASM -DMD5_ASM -DOPENSSL_BN_ASM_MONT -DOPENSSL_CPUID_OBJ -DOPENSSL_SM3_ASM -DPOLY1305_ASM -DSHA1_ASM -DSHA256_ASM -DSHA512_ASM -DSM4_ASM -DVPAES_ASM -DVPSM4_ASM  crypto/sm4/vpsm4_ex-armv8.S
gcc  -I. -Iinclude -Iproviders/common/include -Iproviders/implementations/include  -DBSAES_ASM -DECP_NISTZ256_ASM -DECP_SM2P256_ASM -DKECCAK1600_ASM -DMD5_ASM -DOPENSSL_BN_ASM_MONT -DOPENSSL_CPUID_OBJ -DOPENSSL_SM3_ASM -DPOLY1305_ASM -DSHA1_ASM -DSHA256_ASM -DSHA512_ASM -DSM4_ASM -DVPAES_ASM -DVPSM4_ASM -fPIC -pthread -Wa,--noexecstack -Wall -O3 -DOPENSSL_USE_NODELETE -DOPENSSL_PIC -DOPENSSLDIR="\"/opt/ossl-static/ssl\"" -DENGINESDIR="\"/opt/ossl-static/lib/engines-3\"" -DMODULESDIR="\"/opt/ossl-static/lib/ossl-modules\"" -DOPENSSL_BUILDING_OPENSSL -DNDEBUG  -MMD -MF crypto/srp/libcrypto-lib-srp_lib.d.tmp -MT crypto/srp/libcrypto-lib-srp_lib.o -c -o crypto/srp/libcrypto-lib-srp_lib.o crypto/srp/srp_lib.c
gcc  -I. -Iinclude -Iproviders/common/include -Iproviders/implementations/include  -DBSAES_ASM -DECP_NISTZ256_ASM -DECP_SM2P256_ASM -DKECCAK1600_ASM -DMD5_ASM -DOPENSSL_BN_ASM_MONT -DOPENSSL_CPUID_OBJ -DOPENSSL_SM3_ASM -DPOLY1305_ASM -DSHA1_ASM -DSHA256_ASM -DSHA512_ASM -DSM4_ASM -DVPAES_ASM -DVPSM4_ASM -fPIC -pthread -Wa,--noexecstack -Wall -O3 -DOPENSSL_USE_NODELETE -DOPENSSL_PIC -DOPENSSLDIR="\"/opt/ossl-static/ssl\"" -DENGINESDIR="\"/opt/ossl-static/lib/engines-3\"" -DMODULESDIR="\"/opt/ossl-static/lib/ossl-modules\"" -DOPENSSL_BUILDING_OPENSSL -DNDEBUG  -MMD -MF crypto/srp/libcrypto-lib-srp_vfy.d.tmp -MT crypto/srp/libcrypto-lib-srp_vfy.o -c -o crypto/srp/libcrypto-lib-srp_vfy.o crypto/srp/srp_vfy.c
gcc  -I. -Iinclude -Iproviders/common/include -Iproviders/implementations/include  -DBSAES_ASM -DECP_NISTZ256_ASM -DECP_SM2P256_ASM -DKECCAK1600_ASM -DMD5_ASM -DOPENSSL_BN_ASM_MONT -DOPENSSL_CPUID_OBJ -DOPENSSL_SM3_ASM -DPOLY1305_ASM -DSHA1_ASM -DSHA256_ASM -DSHA512_ASM -DSM4_ASM -DVPAES_ASM -DVPSM4_ASM -fPIC -pthread -Wa,--noexecstack -Wall -O3 -DOPENSSL_USE_NODELETE -DOPENSSL_PIC -DOPENSSLDIR="\"/opt/ossl-static/ssl\"" -DENGINESDIR="\"/opt/ossl-static/lib/engines-3\"" -DMODULESDIR="\"/opt/ossl-static/lib/ossl-modules\"" -DOPENSSL_BUILDING_OPENSSL -DNDEBUG  -MMD -MF crypto/stack/libcrypto-lib-stack.d.tmp -MT crypto/stack/libcrypto-lib-stack.o -c -o crypto/stack/libcrypto-lib-stack.o crypto/stack/stack.c
gcc  -I. -Iinclude -Iproviders/common/include -Iproviders/implementations/include  -DBSAES_ASM -DECP_NISTZ256_ASM -DECP_SM2P256_ASM -DKECCAK1600_ASM -DMD5_ASM -DOPENSSL_BN_ASM_MONT -DOPENSSL_CPUID_OBJ -DOPENSSL_SM3_ASM -DPOLY1305_ASM -DSHA1_ASM -DSHA256_ASM -DSHA512_ASM -DSM4_ASM -DVPAES_ASM -DVPSM4_ASM -fPIC -pthread -Wa,--noexecstack -Wall -O3 -DOPENSSL_USE_NODELETE -DOPENSSL_PIC -DOPENSSLDIR="\"/opt/ossl-static/ssl\"" -DENGINESDIR="\"/opt/ossl-static/lib/engines-3\"" -DMODULESDIR="\"/opt/ossl-static/lib/ossl-modules\"" -DOPENSSL_BUILDING_OPENSSL -DNDEBUG  -MMD -MF crypto/store/libcrypto-lib-store_err.d.tmp -MT crypto/store/libcrypto-lib-store_err.o -c -o crypto/store/libcrypto-lib-store_err.o crypto/store/store_err.c
gcc  -I. -Iinclude -Iproviders/common/include -Iproviders/implementations/include  -DBSAES_ASM -DECP_NISTZ256_ASM -DECP_SM2P256_ASM -DKECCAK1600_ASM -DMD5_ASM -DOPENSSL_BN_ASM_MONT -DOPENSSL_CPUID_OBJ -DOPENSSL_SM3_ASM -DPOLY1305_ASM -DSHA1_ASM -DSHA256_ASM -DSHA512_ASM -DSM4_ASM -DVPAES_ASM -DVPSM4_ASM -fPIC -pthread -Wa,--noexecstack -Wall -O3 -DOPENSSL_USE_NODELETE -DOPENSSL_PIC -DOPENSSLDIR="\"/opt/ossl-static/ssl\"" -DENGINESDIR="\"/opt/ossl-static/lib/engines-3\"" -DMODULESDIR="\"/opt/ossl-static/lib/ossl-modules\"" -DOPENSSL_BUILDING_OPENSSL -DNDEBUG  -MMD -MF crypto/store/libcrypto-lib-store_init.d.tmp -MT crypto/store/libcrypto-lib-store_init.o -c -o crypto/store/libcrypto-lib-store_init.o crypto/store/store_init.c
gcc  -I. -Iinclude -Iproviders/common/include -Iproviders/implementations/include  -DBSAES_ASM -DECP_NISTZ256_ASM -DECP_SM2P256_ASM -DKECCAK1600_ASM -DMD5_ASM -DOPENSSL_BN_ASM_MONT -DOPENSSL_CPUID_OBJ -DOPENSSL_SM3_ASM -DPOLY1305_ASM -DSHA1_ASM -DSHA256_ASM -DSHA512_ASM -DSM4_ASM -DVPAES_ASM -DVPSM4_ASM -fPIC -pthread -Wa,--noexecstack -Wall -O3 -DOPENSSL_USE_NODELETE -DOPENSSL_PIC -DOPENSSLDIR="\"/opt/ossl-static/ssl\"" -DENGINESDIR="\"/opt/ossl-static/lib/engines-3\"" -DMODULESDIR="\"/opt/ossl-static/lib/ossl-modules\"" -DOPENSSL_BUILDING_OPENSSL -DNDEBUG  -MMD -MF crypto/store/libcrypto-lib-store_lib.d.tmp -MT crypto/store/libcrypto-lib-store_lib.o -c -o crypto/store/libcrypto-lib-store_lib.o crypto/store/store_lib.c
gcc  -I. -Iinclude -Iproviders/common/include -Iproviders/implementations/include  -DBSAES_ASM -DECP_NISTZ256_ASM -DECP_SM2P256_ASM -DKECCAK1600_ASM -DMD5_ASM -DOPENSSL_BN_ASM_MONT -DOPENSSL_CPUID_OBJ -DOPENSSL_SM3_ASM -DPOLY1305_ASM -DSHA1_ASM -DSHA256_ASM -DSHA512_ASM -DSM4_ASM -DVPAES_ASM -DVPSM4_ASM -fPIC -pthread -Wa,--noexecstack -Wall -O3 -DOPENSSL_USE_NODELETE -DOPENSSL_PIC -DOPENSSLDIR="\"/opt/ossl-static/ssl\"" -DENGINESDIR="\"/opt/ossl-static/lib/engines-3\"" -DMODULESDIR="\"/opt/ossl-static/lib/ossl-modules\"" -DOPENSSL_BUILDING_OPENSSL -DNDEBUG  -MMD -MF crypto/store/libcrypto-lib-store_meth.d.tmp -MT crypto/store/libcrypto-lib-store_meth.o -c -o crypto/store/libcrypto-lib-store_meth.o crypto/store/store_meth.c
gcc  -I. -Iinclude -Iproviders/common/include -Iproviders/implementations/include  -DBSAES_ASM -DECP_NISTZ256_ASM -DECP_SM2P256_ASM -DKECCAK1600_ASM -DMD5_ASM -DOPENSSL_BN_ASM_MONT -DOPENSSL_CPUID_OBJ -DOPENSSL_SM3_ASM -DPOLY1305_ASM -DSHA1_ASM -DSHA256_ASM -DSHA512_ASM -DSM4_ASM -DVPAES_ASM -DVPSM4_ASM -fPIC -pthread -Wa,--noexecstack -Wall -O3 -DOPENSSL_USE_NODELETE -DOPENSSL_PIC -DOPENSSLDIR="\"/opt/ossl-static/ssl\"" -DENGINESDIR="\"/opt/ossl-static/lib/engines-3\"" -DMODULESDIR="\"/opt/ossl-static/lib/ossl-modules\"" -DOPENSSL_BUILDING_OPENSSL -DNDEBUG  -MMD -MF crypto/store/libcrypto-lib-store_register.d.tmp -MT crypto/store/libcrypto-lib-store_register.o -c -o crypto/store/libcrypto-lib-store_register.o crypto/store/store_register.c
gcc  -I. -Iinclude -Iproviders/common/include -Iproviders/implementations/include  -DBSAES_ASM -DECP_NISTZ256_ASM -DECP_SM2P256_ASM -DKECCAK1600_ASM -DMD5_ASM -DOPENSSL_BN_ASM_MONT -DOPENSSL_CPUID_OBJ -DOPENSSL_SM3_ASM -DPOLY1305_ASM -DSHA1_ASM -DSHA256_ASM -DSHA512_ASM -DSM4_ASM -DVPAES_ASM -DVPSM4_ASM -fPIC -pthread -Wa,--noexecstack -Wall -O3 -DOPENSSL_USE_NODELETE -DOPENSSL_PIC -DOPENSSLDIR="\"/opt/ossl-static/ssl\"" -DENGINESDIR="\"/opt/ossl-static/lib/engines-3\"" -DMODULESDIR="\"/opt/ossl-static/lib/ossl-modules\"" -DOPENSSL_BUILDING_OPENSSL -DNDEBUG  -MMD -MF crypto/store/libcrypto-lib-store_result.d.tmp -MT crypto/store/libcrypto-lib-store_result.o -c -o crypto/store/libcrypto-lib-store_result.o crypto/store/store_result.c
gcc  -I. -Iinclude -Iproviders/common/include -Iproviders/implementations/include  -DBSAES_ASM -DECP_NISTZ256_ASM -DECP_SM2P256_ASM -DKECCAK1600_ASM -DMD5_ASM -DOPENSSL_BN_ASM_MONT -DOPENSSL_CPUID_OBJ -DOPENSSL_SM3_ASM -DPOLY1305_ASM -DSHA1_ASM -DSHA256_ASM -DSHA512_ASM -DSM4_ASM -DVPAES_ASM -DVPSM4_ASM -fPIC -pthread -Wa,--noexecstack -Wall -O3 -DOPENSSL_USE_NODELETE -DOPENSSL_PIC -DOPENSSLDIR="\"/opt/ossl-static/ssl\"" -DENGINESDIR="\"/opt/ossl-static/lib/engines-3\"" -DMODULESDIR="\"/opt/ossl-static/lib/ossl-modules\"" -DOPENSSL_BUILDING_OPENSSL -DNDEBUG  -MMD -MF crypto/store/libcrypto-lib-store_strings.d.tmp -MT crypto/store/libcrypto-lib-store_strings.o -c -o crypto/store/libcrypto-lib-store_strings.o crypto/store/store_strings.c
gcc  -I. -Iinclude -Iproviders/common/include -Iproviders/implementations/include  -DBSAES_ASM -DECP_NISTZ256_ASM -DECP_SM2P256_ASM -DKECCAK1600_ASM -DMD5_ASM -DOPENSSL_BN_ASM_MONT -DOPENSSL_CPUID_OBJ -DOPENSSL_SM3_ASM -DPOLY1305_ASM -DSHA1_ASM -DSHA256_ASM -DSHA512_ASM -DSM4_ASM -DVPAES_ASM -DVPSM4_ASM -fPIC -pthread -Wa,--noexecstack -Wall -O3 -DOPENSSL_USE_NODELETE -DOPENSSL_PIC -DOPENSSLDIR="\"/opt/ossl-static/ssl\"" -DENGINESDIR="\"/opt/ossl-static/lib/engines-3\"" -DMODULESDIR="\"/opt/ossl-static/lib/ossl-modules\"" -DOPENSSL_BUILDING_OPENSSL -DNDEBUG  -MMD -MF crypto/thread/arch/libcrypto-lib-thread_none.d.tmp -MT crypto/thread/arch/libcrypto-lib-thread_none.o -c -o crypto/thread/arch/libcrypto-lib-thread_none.o crypto/thread/arch/thread_none.c
gcc  -I. -Iinclude -Iproviders/common/include -Iproviders/implementations/include  -DBSAES_ASM -DECP_NISTZ256_ASM -DECP_SM2P256_ASM -DKECCAK1600_ASM -DMD5_ASM -DOPENSSL_BN_ASM_MONT -DOPENSSL_CPUID_OBJ -DOPENSSL_SM3_ASM -DPOLY1305_ASM -DSHA1_ASM -DSHA256_ASM -DSHA512_ASM -DSM4_ASM -DVPAES_ASM -DVPSM4_ASM -fPIC -pthread -Wa,--noexecstack -Wall -O3 -DOPENSSL_USE_NODELETE -DOPENSSL_PIC -DOPENSSLDIR="\"/opt/ossl-static/ssl\"" -DENGINESDIR="\"/opt/ossl-static/lib/engines-3\"" -DMODULESDIR="\"/opt/ossl-static/lib/ossl-modules\"" -DOPENSSL_BUILDING_OPENSSL -DNDEBUG  -MMD -MF crypto/thread/arch/libcrypto-lib-thread_posix.d.tmp -MT crypto/thread/arch/libcrypto-lib-thread_posix.o -c -o crypto/thread/arch/libcrypto-lib-thread_posix.o crypto/thread/arch/thread_posix.c
gcc  -I. -Iinclude -Iproviders/common/include -Iproviders/implementations/include  -DBSAES_ASM -DECP_NISTZ256_ASM -DECP_SM2P256_ASM -DKECCAK1600_ASM -DMD5_ASM -DOPENSSL_BN_ASM_MONT -DOPENSSL_CPUID_OBJ -DOPENSSL_SM3_ASM -DPOLY1305_ASM -DSHA1_ASM -DSHA256_ASM -DSHA512_ASM -DSM4_ASM -DVPAES_ASM -DVPSM4_ASM -fPIC -pthread -Wa,--noexecstack -Wall -O3 -DOPENSSL_USE_NODELETE -DOPENSSL_PIC -DOPENSSLDIR="\"/opt/ossl-static/ssl\"" -DENGINESDIR="\"/opt/ossl-static/lib/engines-3\"" -DMODULESDIR="\"/opt/ossl-static/lib/ossl-modules\"" -DOPENSSL_BUILDING_OPENSSL -DNDEBUG  -MMD -MF crypto/thread/arch/libcrypto-lib-thread_win.d.tmp -MT crypto/thread/arch/libcrypto-lib-thread_win.o -c -o crypto/thread/arch/libcrypto-lib-thread_win.o crypto/thread/arch/thread_win.c
gcc  -I. -Iinclude -Iproviders/common/include -Iproviders/implementations/include  -DBSAES_ASM -DECP_NISTZ256_ASM -DECP_SM2P256_ASM -DKECCAK1600_ASM -DMD5_ASM -DOPENSSL_BN_ASM_MONT -DOPENSSL_CPUID_OBJ -DOPENSSL_SM3_ASM -DPOLY1305_ASM -DSHA1_ASM -DSHA256_ASM -DSHA512_ASM -DSM4_ASM -DVPAES_ASM -DVPSM4_ASM -fPIC -pthread -Wa,--noexecstack -Wall -O3 -DOPENSSL_USE_NODELETE -DOPENSSL_PIC -DOPENSSLDIR="\"/opt/ossl-static/ssl\"" -DENGINESDIR="\"/opt/ossl-static/lib/engines-3\"" -DMODULESDIR="\"/opt/ossl-static/lib/ossl-modules\"" -DOPENSSL_BUILDING_OPENSSL -DNDEBUG  -MMD -MF crypto/thread/libcrypto-lib-api.d.tmp -MT crypto/thread/libcrypto-lib-api.o -c -o crypto/thread/libcrypto-lib-api.o crypto/thread/api.c
gcc  -I. -Iinclude -Iproviders/common/include -Iproviders/implementations/include  -DBSAES_ASM -DECP_NISTZ256_ASM -DECP_SM2P256_ASM -DKECCAK1600_ASM -DMD5_ASM -DOPENSSL_BN_ASM_MONT -DOPENSSL_CPUID_OBJ -DOPENSSL_SM3_ASM -DPOLY1305_ASM -DSHA1_ASM -DSHA256_ASM -DSHA512_ASM -DSM4_ASM -DVPAES_ASM -DVPSM4_ASM -fPIC -pthread -Wa,--noexecstack -Wall -O3 -DOPENSSL_USE_NODELETE -DOPENSSL_PIC -DOPENSSLDIR="\"/opt/ossl-static/ssl\"" -DENGINESDIR="\"/opt/ossl-static/lib/engines-3\"" -DMODULESDIR="\"/opt/ossl-static/lib/ossl-modules\"" -DOPENSSL_BUILDING_OPENSSL -DNDEBUG  -MMD -MF crypto/thread/libcrypto-lib-arch.d.tmp -MT crypto/thread/libcrypto-lib-arch.o -c -o crypto/thread/libcrypto-lib-arch.o crypto/thread/arch.c
gcc  -I. -Iinclude -Iproviders/common/include -Iproviders/implementations/include  -DBSAES_ASM -DECP_NISTZ256_ASM -DECP_SM2P256_ASM -DKECCAK1600_ASM -DMD5_ASM -DOPENSSL_BN_ASM_MONT -DOPENSSL_CPUID_OBJ -DOPENSSL_SM3_ASM -DPOLY1305_ASM -DSHA1_ASM -DSHA256_ASM -DSHA512_ASM -DSM4_ASM -DVPAES_ASM -DVPSM4_ASM -fPIC -pthread -Wa,--noexecstack -Wall -O3 -DOPENSSL_USE_NODELETE -DOPENSSL_PIC -DOPENSSLDIR="\"/opt/ossl-static/ssl\"" -DENGINESDIR="\"/opt/ossl-static/lib/engines-3\"" -DMODULESDIR="\"/opt/ossl-static/lib/ossl-modules\"" -DOPENSSL_BUILDING_OPENSSL -DNDEBUG  -MMD -MF crypto/thread/libcrypto-lib-internal.d.tmp -MT crypto/thread/libcrypto-lib-internal.o -c -o crypto/thread/libcrypto-lib-internal.o crypto/thread/internal.c
gcc  -I. -Iinclude -Iproviders/common/include -Iproviders/implementations/include  -DBSAES_ASM -DECP_NISTZ256_ASM -DECP_SM2P256_ASM -DKECCAK1600_ASM -DMD5_ASM -DOPENSSL_BN_ASM_MONT -DOPENSSL_CPUID_OBJ -DOPENSSL_SM3_ASM -DPOLY1305_ASM -DSHA1_ASM -DSHA256_ASM -DSHA512_ASM -DSM4_ASM -DVPAES_ASM -DVPSM4_ASM -fPIC -pthread -Wa,--noexecstack -Wall -O3 -DOPENSSL_USE_NODELETE -DOPENSSL_PIC -DOPENSSLDIR="\"/opt/ossl-static/ssl\"" -DENGINESDIR="\"/opt/ossl-static/lib/engines-3\"" -DMODULESDIR="\"/opt/ossl-static/lib/ossl-modules\"" -DOPENSSL_BUILDING_OPENSSL -DNDEBUG  -MMD -MF crypto/ts/libcrypto-lib-ts_asn1.d.tmp -MT crypto/ts/libcrypto-lib-ts_asn1.o -c -o crypto/ts/libcrypto-lib-ts_asn1.o crypto/ts/ts_asn1.c
gcc  -I. -Iinclude -Iproviders/common/include -Iproviders/implementations/include  -DBSAES_ASM -DECP_NISTZ256_ASM -DECP_SM2P256_ASM -DKECCAK1600_ASM -DMD5_ASM -DOPENSSL_BN_ASM_MONT -DOPENSSL_CPUID_OBJ -DOPENSSL_SM3_ASM -DPOLY1305_ASM -DSHA1_ASM -DSHA256_ASM -DSHA512_ASM -DSM4_ASM -DVPAES_ASM -DVPSM4_ASM -fPIC -pthread -Wa,--noexecstack -Wall -O3 -DOPENSSL_USE_NODELETE -DOPENSSL_PIC -DOPENSSLDIR="\"/opt/ossl-static/ssl\"" -DENGINESDIR="\"/opt/ossl-static/lib/engines-3\"" -DMODULESDIR="\"/opt/ossl-static/lib/ossl-modules\"" -DOPENSSL_BUILDING_OPENSSL -DNDEBUG  -MMD -MF crypto/ts/libcrypto-lib-ts_conf.d.tmp -MT crypto/ts/libcrypto-lib-ts_conf.o -c -o crypto/ts/libcrypto-lib-ts_conf.o crypto/ts/ts_conf.c
gcc  -I. -Iinclude -Iproviders/common/include -Iproviders/implementations/include  -DBSAES_ASM -DECP_NISTZ256_ASM -DECP_SM2P256_ASM -DKECCAK1600_ASM -DMD5_ASM -DOPENSSL_BN_ASM_MONT -DOPENSSL_CPUID_OBJ -DOPENSSL_SM3_ASM -DPOLY1305_ASM -DSHA1_ASM -DSHA256_ASM -DSHA512_ASM -DSM4_ASM -DVPAES_ASM -DVPSM4_ASM -fPIC -pthread -Wa,--noexecstack -Wall -O3 -DOPENSSL_USE_NODELETE -DOPENSSL_PIC -DOPENSSLDIR="\"/opt/ossl-static/ssl\"" -DENGINESDIR="\"/opt/ossl-static/lib/engines-3\"" -DMODULESDIR="\"/opt/ossl-static/lib/ossl-modules\"" -DOPENSSL_BUILDING_OPENSSL -DNDEBUG  -MMD -MF crypto/ts/libcrypto-lib-ts_err.d.tmp -MT crypto/ts/libcrypto-lib-ts_err.o -c -o crypto/ts/libcrypto-lib-ts_err.o crypto/ts/ts_err.c
gcc  -I. -Iinclude -Iproviders/common/include -Iproviders/implementations/include  -DBSAES_ASM -DECP_NISTZ256_ASM -DECP_SM2P256_ASM -DKECCAK1600_ASM -DMD5_ASM -DOPENSSL_BN_ASM_MONT -DOPENSSL_CPUID_OBJ -DOPENSSL_SM3_ASM -DPOLY1305_ASM -DSHA1_ASM -DSHA256_ASM -DSHA512_ASM -DSM4_ASM -DVPAES_ASM -DVPSM4_ASM -fPIC -pthread -Wa,--noexecstack -Wall -O3 -DOPENSSL_USE_NODELETE -DOPENSSL_PIC -DOPENSSLDIR="\"/opt/ossl-static/ssl\"" -DENGINESDIR="\"/opt/ossl-static/lib/engines-3\"" -DMODULESDIR="\"/opt/ossl-static/lib/ossl-modules\"" -DOPENSSL_BUILDING_OPENSSL -DNDEBUG  -MMD -MF crypto/ts/libcrypto-lib-ts_lib.d.tmp -MT crypto/ts/libcrypto-lib-ts_lib.o -c -o crypto/ts/libcrypto-lib-ts_lib.o crypto/ts/ts_lib.c
gcc  -I. -Iinclude -Iproviders/common/include -Iproviders/implementations/include  -DBSAES_ASM -DECP_NISTZ256_ASM -DECP_SM2P256_ASM -DKECCAK1600_ASM -DMD5_ASM -DOPENSSL_BN_ASM_MONT -DOPENSSL_CPUID_OBJ -DOPENSSL_SM3_ASM -DPOLY1305_ASM -DSHA1_ASM -DSHA256_ASM -DSHA512_ASM -DSM4_ASM -DVPAES_ASM -DVPSM4_ASM -fPIC -pthread -Wa,--noexecstack -Wall -O3 -DOPENSSL_USE_NODELETE -DOPENSSL_PIC -DOPENSSLDIR="\"/opt/ossl-static/ssl\"" -DENGINESDIR="\"/opt/ossl-static/lib/engines-3\"" -DMODULESDIR="\"/opt/ossl-static/lib/ossl-modules\"" -DOPENSSL_BUILDING_OPENSSL -DNDEBUG  -MMD -MF crypto/ts/libcrypto-lib-ts_req_print.d.tmp -MT crypto/ts/libcrypto-lib-ts_req_print.o -c -o crypto/ts/libcrypto-lib-ts_req_print.o crypto/ts/ts_req_print.c
gcc  -I. -Iinclude -Iproviders/common/include -Iproviders/implementations/include  -DBSAES_ASM -DECP_NISTZ256_ASM -DECP_SM2P256_ASM -DKECCAK1600_ASM -DMD5_ASM -DOPENSSL_BN_ASM_MONT -DOPENSSL_CPUID_OBJ -DOPENSSL_SM3_ASM -DPOLY1305_ASM -DSHA1_ASM -DSHA256_ASM -DSHA512_ASM -DSM4_ASM -DVPAES_ASM -DVPSM4_ASM -fPIC -pthread -Wa,--noexecstack -Wall -O3 -DOPENSSL_USE_NODELETE -DOPENSSL_PIC -DOPENSSLDIR="\"/opt/ossl-static/ssl\"" -DENGINESDIR="\"/opt/ossl-static/lib/engines-3\"" -DMODULESDIR="\"/opt/ossl-static/lib/ossl-modules\"" -DOPENSSL_BUILDING_OPENSSL -DNDEBUG  -MMD -MF crypto/ts/libcrypto-lib-ts_req_utils.d.tmp -MT crypto/ts/libcrypto-lib-ts_req_utils.o -c -o crypto/ts/libcrypto-lib-ts_req_utils.o crypto/ts/ts_req_utils.c
gcc  -I. -Iinclude -Iproviders/common/include -Iproviders/implementations/include  -DBSAES_ASM -DECP_NISTZ256_ASM -DECP_SM2P256_ASM -DKECCAK1600_ASM -DMD5_ASM -DOPENSSL_BN_ASM_MONT -DOPENSSL_CPUID_OBJ -DOPENSSL_SM3_ASM -DPOLY1305_ASM -DSHA1_ASM -DSHA256_ASM -DSHA512_ASM -DSM4_ASM -DVPAES_ASM -DVPSM4_ASM -fPIC -pthread -Wa,--noexecstack -Wall -O3 -DOPENSSL_USE_NODELETE -DOPENSSL_PIC -DOPENSSLDIR="\"/opt/ossl-static/ssl\"" -DENGINESDIR="\"/opt/ossl-static/lib/engines-3\"" -DMODULESDIR="\"/opt/ossl-static/lib/ossl-modules\"" -DOPENSSL_BUILDING_OPENSSL -DNDEBUG  -MMD -MF crypto/ts/libcrypto-lib-ts_rsp_print.d.tmp -MT crypto/ts/libcrypto-lib-ts_rsp_print.o -c -o crypto/ts/libcrypto-lib-ts_rsp_print.o crypto/ts/ts_rsp_print.c
gcc  -I. -Iinclude -Iproviders/common/include -Iproviders/implementations/include  -DBSAES_ASM -DECP_NISTZ256_ASM -DECP_SM2P256_ASM -DKECCAK1600_ASM -DMD5_ASM -DOPENSSL_BN_ASM_MONT -DOPENSSL_CPUID_OBJ -DOPENSSL_SM3_ASM -DPOLY1305_ASM -DSHA1_ASM -DSHA256_ASM -DSHA512_ASM -DSM4_ASM -DVPAES_ASM -DVPSM4_ASM -fPIC -pthread -Wa,--noexecstack -Wall -O3 -DOPENSSL_USE_NODELETE -DOPENSSL_PIC -DOPENSSLDIR="\"/opt/ossl-static/ssl\"" -DENGINESDIR="\"/opt/ossl-static/lib/engines-3\"" -DMODULESDIR="\"/opt/ossl-static/lib/ossl-modules\"" -DOPENSSL_BUILDING_OPENSSL -DNDEBUG  -MMD -MF crypto/ts/libcrypto-lib-ts_rsp_sign.d.tmp -MT crypto/ts/libcrypto-lib-ts_rsp_sign.o -c -o crypto/ts/libcrypto-lib-ts_rsp_sign.o crypto/ts/ts_rsp_sign.c
gcc  -I. -Iinclude -Iproviders/common/include -Iproviders/implementations/include  -DBSAES_ASM -DECP_NISTZ256_ASM -DECP_SM2P256_ASM -DKECCAK1600_ASM -DMD5_ASM -DOPENSSL_BN_ASM_MONT -DOPENSSL_CPUID_OBJ -DOPENSSL_SM3_ASM -DPOLY1305_ASM -DSHA1_ASM -DSHA256_ASM -DSHA512_ASM -DSM4_ASM -DVPAES_ASM -DVPSM4_ASM -fPIC -pthread -Wa,--noexecstack -Wall -O3 -DOPENSSL_USE_NODELETE -DOPENSSL_PIC -DOPENSSLDIR="\"/opt/ossl-static/ssl\"" -DENGINESDIR="\"/opt/ossl-static/lib/engines-3\"" -DMODULESDIR="\"/opt/ossl-static/lib/ossl-modules\"" -DOPENSSL_BUILDING_OPENSSL -DNDEBUG  -MMD -MF crypto/ts/libcrypto-lib-ts_rsp_utils.d.tmp -MT crypto/ts/libcrypto-lib-ts_rsp_utils.o -c -o crypto/ts/libcrypto-lib-ts_rsp_utils.o crypto/ts/ts_rsp_utils.c
gcc  -I. -Iinclude -Iproviders/common/include -Iproviders/implementations/include  -DBSAES_ASM -DECP_NISTZ256_ASM -DECP_SM2P256_ASM -DKECCAK1600_ASM -DMD5_ASM -DOPENSSL_BN_ASM_MONT -DOPENSSL_CPUID_OBJ -DOPENSSL_SM3_ASM -DPOLY1305_ASM -DSHA1_ASM -DSHA256_ASM -DSHA512_ASM -DSM4_ASM -DVPAES_ASM -DVPSM4_ASM -fPIC -pthread -Wa,--noexecstack -Wall -O3 -DOPENSSL_USE_NODELETE -DOPENSSL_PIC -DOPENSSLDIR="\"/opt/ossl-static/ssl\"" -DENGINESDIR="\"/opt/ossl-static/lib/engines-3\"" -DMODULESDIR="\"/opt/ossl-static/lib/ossl-modules\"" -DOPENSSL_BUILDING_OPENSSL -DNDEBUG  -MMD -MF crypto/ts/libcrypto-lib-ts_rsp_verify.d.tmp -MT crypto/ts/libcrypto-lib-ts_rsp_verify.o -c -o crypto/ts/libcrypto-lib-ts_rsp_verify.o crypto/ts/ts_rsp_verify.c
gcc  -I. -Iinclude -Iproviders/common/include -Iproviders/implementations/include  -DBSAES_ASM -DECP_NISTZ256_ASM -DECP_SM2P256_ASM -DKECCAK1600_ASM -DMD5_ASM -DOPENSSL_BN_ASM_MONT -DOPENSSL_CPUID_OBJ -DOPENSSL_SM3_ASM -DPOLY1305_ASM -DSHA1_ASM -DSHA256_ASM -DSHA512_ASM -DSM4_ASM -DVPAES_ASM -DVPSM4_ASM -fPIC -pthread -Wa,--noexecstack -Wall -O3 -DOPENSSL_USE_NODELETE -DOPENSSL_PIC -DOPENSSLDIR="\"/opt/ossl-static/ssl\"" -DENGINESDIR="\"/opt/ossl-static/lib/engines-3\"" -DMODULESDIR="\"/opt/ossl-static/lib/ossl-modules\"" -DOPENSSL_BUILDING_OPENSSL -DNDEBUG  -MMD -MF crypto/ts/libcrypto-lib-ts_verify_ctx.d.tmp -MT crypto/ts/libcrypto-lib-ts_verify_ctx.o -c -o crypto/ts/libcrypto-lib-ts_verify_ctx.o crypto/ts/ts_verify_ctx.c
gcc  -I. -Iinclude -Iproviders/common/include -Iproviders/implementations/include  -DBSAES_ASM -DECP_NISTZ256_ASM -DECP_SM2P256_ASM -DKECCAK1600_ASM -DMD5_ASM -DOPENSSL_BN_ASM_MONT -DOPENSSL_CPUID_OBJ -DOPENSSL_SM3_ASM -DPOLY1305_ASM -DSHA1_ASM -DSHA256_ASM -DSHA512_ASM -DSM4_ASM -DVPAES_ASM -DVPSM4_ASM -fPIC -pthread -Wa,--noexecstack -Wall -O3 -DOPENSSL_USE_NODELETE -DOPENSSL_PIC -DOPENSSLDIR="\"/opt/ossl-static/ssl\"" -DENGINESDIR="\"/opt/ossl-static/lib/engines-3\"" -DMODULESDIR="\"/opt/ossl-static/lib/ossl-modules\"" -DOPENSSL_BUILDING_OPENSSL -DNDEBUG  -MMD -MF crypto/txt_db/libcrypto-lib-txt_db.d.tmp -MT crypto/txt_db/libcrypto-lib-txt_db.o -c -o crypto/txt_db/libcrypto-lib-txt_db.o crypto/txt_db/txt_db.c
gcc  -I. -Iinclude -Iproviders/common/include -Iproviders/implementations/include  -DBSAES_ASM -DECP_NISTZ256_ASM -DECP_SM2P256_ASM -DKECCAK1600_ASM -DMD5_ASM -DOPENSSL_BN_ASM_MONT -DOPENSSL_CPUID_OBJ -DOPENSSL_SM3_ASM -DPOLY1305_ASM -DSHA1_ASM -DSHA256_ASM -DSHA512_ASM -DSM4_ASM -DVPAES_ASM -DVPSM4_ASM -fPIC -pthread -Wa,--noexecstack -Wall -O3 -DOPENSSL_USE_NODELETE -DOPENSSL_PIC -DOPENSSLDIR="\"/opt/ossl-static/ssl\"" -DENGINESDIR="\"/opt/ossl-static/lib/engines-3\"" -DMODULESDIR="\"/opt/ossl-static/lib/ossl-modules\"" -DOPENSSL_BUILDING_OPENSSL -DNDEBUG  -MMD -MF crypto/ui/libcrypto-lib-ui_err.d.tmp -MT crypto/ui/libcrypto-lib-ui_err.o -c -o crypto/ui/libcrypto-lib-ui_err.o crypto/ui/ui_err.c
gcc  -I. -Iinclude -Iproviders/common/include -Iproviders/implementations/include  -DBSAES_ASM -DECP_NISTZ256_ASM -DECP_SM2P256_ASM -DKECCAK1600_ASM -DMD5_ASM -DOPENSSL_BN_ASM_MONT -DOPENSSL_CPUID_OBJ -DOPENSSL_SM3_ASM -DPOLY1305_ASM -DSHA1_ASM -DSHA256_ASM -DSHA512_ASM -DSM4_ASM -DVPAES_ASM -DVPSM4_ASM -fPIC -pthread -Wa,--noexecstack -Wall -O3 -DOPENSSL_USE_NODELETE -DOPENSSL_PIC -DOPENSSLDIR="\"/opt/ossl-static/ssl\"" -DENGINESDIR="\"/opt/ossl-static/lib/engines-3\"" -DMODULESDIR="\"/opt/ossl-static/lib/ossl-modules\"" -DOPENSSL_BUILDING_OPENSSL -DNDEBUG  -MMD -MF crypto/ui/libcrypto-lib-ui_lib.d.tmp -MT crypto/ui/libcrypto-lib-ui_lib.o -c -o crypto/ui/libcrypto-lib-ui_lib.o crypto/ui/ui_lib.c
gcc  -I. -Iinclude -Iproviders/common/include -Iproviders/implementations/include  -DBSAES_ASM -DECP_NISTZ256_ASM -DECP_SM2P256_ASM -DKECCAK1600_ASM -DMD5_ASM -DOPENSSL_BN_ASM_MONT -DOPENSSL_CPUID_OBJ -DOPENSSL_SM3_ASM -DPOLY1305_ASM -DSHA1_ASM -DSHA256_ASM -DSHA512_ASM -DSM4_ASM -DVPAES_ASM -DVPSM4_ASM -fPIC -pthread -Wa,--noexecstack -Wall -O3 -DOPENSSL_USE_NODELETE -DOPENSSL_PIC -DOPENSSLDIR="\"/opt/ossl-static/ssl\"" -DENGINESDIR="\"/opt/ossl-static/lib/engines-3\"" -DMODULESDIR="\"/opt/ossl-static/lib/ossl-modules\"" -DOPENSSL_BUILDING_OPENSSL -DNDEBUG  -MMD -MF crypto/ui/libcrypto-lib-ui_null.d.tmp -MT crypto/ui/libcrypto-lib-ui_null.o -c -o crypto/ui/libcrypto-lib-ui_null.o crypto/ui/ui_null.c
gcc  -I. -Iinclude -Iproviders/common/include -Iproviders/implementations/include  -DBSAES_ASM -DECP_NISTZ256_ASM -DECP_SM2P256_ASM -DKECCAK1600_ASM -DMD5_ASM -DOPENSSL_BN_ASM_MONT -DOPENSSL_CPUID_OBJ -DOPENSSL_SM3_ASM -DPOLY1305_ASM -DSHA1_ASM -DSHA256_ASM -DSHA512_ASM -DSM4_ASM -DVPAES_ASM -DVPSM4_ASM -fPIC -pthread -Wa,--noexecstack -Wall -O3 -DOPENSSL_USE_NODELETE -DOPENSSL_PIC -DOPENSSLDIR="\"/opt/ossl-static/ssl\"" -DENGINESDIR="\"/opt/ossl-static/lib/engines-3\"" -DMODULESDIR="\"/opt/ossl-static/lib/ossl-modules\"" -DOPENSSL_BUILDING_OPENSSL -DNDEBUG  -MMD -MF crypto/ui/libcrypto-lib-ui_openssl.d.tmp -MT crypto/ui/libcrypto-lib-ui_openssl.o -c -o crypto/ui/libcrypto-lib-ui_openssl.o crypto/ui/ui_openssl.c
gcc  -I. -Iinclude -Iproviders/common/include -Iproviders/implementations/include  -DBSAES_ASM -DECP_NISTZ256_ASM -DECP_SM2P256_ASM -DKECCAK1600_ASM -DMD5_ASM -DOPENSSL_BN_ASM_MONT -DOPENSSL_CPUID_OBJ -DOPENSSL_SM3_ASM -DPOLY1305_ASM -DSHA1_ASM -DSHA256_ASM -DSHA512_ASM -DSM4_ASM -DVPAES_ASM -DVPSM4_ASM -fPIC -pthread -Wa,--noexecstack -Wall -O3 -DOPENSSL_USE_NODELETE -DOPENSSL_PIC -DOPENSSLDIR="\"/opt/ossl-static/ssl\"" -DENGINESDIR="\"/opt/ossl-static/lib/engines-3\"" -DMODULESDIR="\"/opt/ossl-static/lib/ossl-modules\"" -DOPENSSL_BUILDING_OPENSSL -DNDEBUG  -MMD -MF crypto/ui/libcrypto-lib-ui_util.d.tmp -MT crypto/ui/libcrypto-lib-ui_util.o -c -o crypto/ui/libcrypto-lib-ui_util.o crypto/ui/ui_util.c
gcc  -I. -Iinclude -Iproviders/common/include -Iproviders/implementations/include  -DBSAES_ASM -DECP_NISTZ256_ASM -DECP_SM2P256_ASM -DKECCAK1600_ASM -DMD5_ASM -DOPENSSL_BN_ASM_MONT -DOPENSSL_CPUID_OBJ -DOPENSSL_SM3_ASM -DPOLY1305_ASM -DSHA1_ASM -DSHA256_ASM -DSHA512_ASM -DSM4_ASM -DVPAES_ASM -DVPSM4_ASM -fPIC -pthread -Wa,--noexecstack -Wall -O3 -DOPENSSL_USE_NODELETE -DOPENSSL_PIC -DOPENSSLDIR="\"/opt/ossl-static/ssl\"" -DENGINESDIR="\"/opt/ossl-static/lib/engines-3\"" -DMODULESDIR="\"/opt/ossl-static/lib/ossl-modules\"" -DOPENSSL_BUILDING_OPENSSL -DNDEBUG  -MMD -MF crypto/whrlpool/libcrypto-lib-wp_block.d.tmp -MT crypto/whrlpool/libcrypto-lib-wp_block.o -c -o crypto/whrlpool/libcrypto-lib-wp_block.o crypto/whrlpool/wp_block.c
gcc  -I. -Iinclude -Iproviders/common/include -Iproviders/implementations/include  -DBSAES_ASM -DECP_NISTZ256_ASM -DECP_SM2P256_ASM -DKECCAK1600_ASM -DMD5_ASM -DOPENSSL_BN_ASM_MONT -DOPENSSL_CPUID_OBJ -DOPENSSL_SM3_ASM -DPOLY1305_ASM -DSHA1_ASM -DSHA256_ASM -DSHA512_ASM -DSM4_ASM -DVPAES_ASM -DVPSM4_ASM -fPIC -pthread -Wa,--noexecstack -Wall -O3 -DOPENSSL_USE_NODELETE -DOPENSSL_PIC -DOPENSSLDIR="\"/opt/ossl-static/ssl\"" -DENGINESDIR="\"/opt/ossl-static/lib/engines-3\"" -DMODULESDIR="\"/opt/ossl-static/lib/ossl-modules\"" -DOPENSSL_BUILDING_OPENSSL -DNDEBUG  -MMD -MF crypto/whrlpool/libcrypto-lib-wp_dgst.d.tmp -MT crypto/whrlpool/libcrypto-lib-wp_dgst.o -c -o crypto/whrlpool/libcrypto-lib-wp_dgst.o crypto/whrlpool/wp_dgst.c
gcc  -I. -Iinclude -Iproviders/common/include -Iproviders/implementations/include  -DBSAES_ASM -DECP_NISTZ256_ASM -DECP_SM2P256_ASM -DKECCAK1600_ASM -DMD5_ASM -DOPENSSL_BN_ASM_MONT -DOPENSSL_CPUID_OBJ -DOPENSSL_SM3_ASM -DPOLY1305_ASM -DSHA1_ASM -DSHA256_ASM -DSHA512_ASM -DSM4_ASM -DVPAES_ASM -DVPSM4_ASM -fPIC -pthread -Wa,--noexecstack -Wall -O3 -DOPENSSL_USE_NODELETE -DOPENSSL_PIC -DOPENSSLDIR="\"/opt/ossl-static/ssl\"" -DENGINESDIR="\"/opt/ossl-static/lib/engines-3\"" -DMODULESDIR="\"/opt/ossl-static/lib/ossl-modules\"" -DOPENSSL_BUILDING_OPENSSL -DNDEBUG  -MMD -MF crypto/x509/libcrypto-lib-by_dir.d.tmp -MT crypto/x509/libcrypto-lib-by_dir.o -c -o crypto/x509/libcrypto-lib-by_dir.o crypto/x509/by_dir.c
gcc  -I. -Iinclude -Iproviders/common/include -Iproviders/implementations/include  -DBSAES_ASM -DECP_NISTZ256_ASM -DECP_SM2P256_ASM -DKECCAK1600_ASM -DMD5_ASM -DOPENSSL_BN_ASM_MONT -DOPENSSL_CPUID_OBJ -DOPENSSL_SM3_ASM -DPOLY1305_ASM -DSHA1_ASM -DSHA256_ASM -DSHA512_ASM -DSM4_ASM -DVPAES_ASM -DVPSM4_ASM -fPIC -pthread -Wa,--noexecstack -Wall -O3 -DOPENSSL_USE_NODELETE -DOPENSSL_PIC -DOPENSSLDIR="\"/opt/ossl-static/ssl\"" -DENGINESDIR="\"/opt/ossl-static/lib/engines-3\"" -DMODULESDIR="\"/opt/ossl-static/lib/ossl-modules\"" -DOPENSSL_BUILDING_OPENSSL -DNDEBUG  -MMD -MF crypto/x509/libcrypto-lib-by_file.d.tmp -MT crypto/x509/libcrypto-lib-by_file.o -c -o crypto/x509/libcrypto-lib-by_file.o crypto/x509/by_file.c
gcc  -I. -Iinclude -Iproviders/common/include -Iproviders/implementations/include  -DBSAES_ASM -DECP_NISTZ256_ASM -DECP_SM2P256_ASM -DKECCAK1600_ASM -DMD5_ASM -DOPENSSL_BN_ASM_MONT -DOPENSSL_CPUID_OBJ -DOPENSSL_SM3_ASM -DPOLY1305_ASM -DSHA1_ASM -DSHA256_ASM -DSHA512_ASM -DSM4_ASM -DVPAES_ASM -DVPSM4_ASM -fPIC -pthread -Wa,--noexecstack -Wall -O3 -DOPENSSL_USE_NODELETE -DOPENSSL_PIC -DOPENSSLDIR="\"/opt/ossl-static/ssl\"" -DENGINESDIR="\"/opt/ossl-static/lib/engines-3\"" -DMODULESDIR="\"/opt/ossl-static/lib/ossl-modules\"" -DOPENSSL_BUILDING_OPENSSL -DNDEBUG  -MMD -MF crypto/x509/libcrypto-lib-by_store.d.tmp -MT crypto/x509/libcrypto-lib-by_store.o -c -o crypto/x509/libcrypto-lib-by_store.o crypto/x509/by_store.c
gcc  -I. -Iinclude -Iproviders/common/include -Iproviders/implementations/include  -DBSAES_ASM -DECP_NISTZ256_ASM -DECP_SM2P256_ASM -DKECCAK1600_ASM -DMD5_ASM -DOPENSSL_BN_ASM_MONT -DOPENSSL_CPUID_OBJ -DOPENSSL_SM3_ASM -DPOLY1305_ASM -DSHA1_ASM -DSHA256_ASM -DSHA512_ASM -DSM4_ASM -DVPAES_ASM -DVPSM4_ASM -fPIC -pthread -Wa,--noexecstack -Wall -O3 -DOPENSSL_USE_NODELETE -DOPENSSL_PIC -DOPENSSLDIR="\"/opt/ossl-static/ssl\"" -DENGINESDIR="\"/opt/ossl-static/lib/engines-3\"" -DMODULESDIR="\"/opt/ossl-static/lib/ossl-modules\"" -DOPENSSL_BUILDING_OPENSSL -DNDEBUG  -MMD -MF crypto/x509/libcrypto-lib-pcy_cache.d.tmp -MT crypto/x509/libcrypto-lib-pcy_cache.o -c -o crypto/x509/libcrypto-lib-pcy_cache.o crypto/x509/pcy_cache.c
gcc  -I. -Iinclude -Iproviders/common/include -Iproviders/implementations/include  -DBSAES_ASM -DECP_NISTZ256_ASM -DECP_SM2P256_ASM -DKECCAK1600_ASM -DMD5_ASM -DOPENSSL_BN_ASM_MONT -DOPENSSL_CPUID_OBJ -DOPENSSL_SM3_ASM -DPOLY1305_ASM -DSHA1_ASM -DSHA256_ASM -DSHA512_ASM -DSM4_ASM -DVPAES_ASM -DVPSM4_ASM -fPIC -pthread -Wa,--noexecstack -Wall -O3 -DOPENSSL_USE_NODELETE -DOPENSSL_PIC -DOPENSSLDIR="\"/opt/ossl-static/ssl\"" -DENGINESDIR="\"/opt/ossl-static/lib/engines-3\"" -DMODULESDIR="\"/opt/ossl-static/lib/ossl-modules\"" -DOPENSSL_BUILDING_OPENSSL -DNDEBUG  -MMD -MF crypto/x509/libcrypto-lib-pcy_data.d.tmp -MT crypto/x509/libcrypto-lib-pcy_data.o -c -o crypto/x509/libcrypto-lib-pcy_data.o crypto/x509/pcy_data.c
gcc  -I. -Iinclude -Iproviders/common/include -Iproviders/implementations/include  -DBSAES_ASM -DECP_NISTZ256_ASM -DECP_SM2P256_ASM -DKECCAK1600_ASM -DMD5_ASM -DOPENSSL_BN_ASM_MONT -DOPENSSL_CPUID_OBJ -DOPENSSL_SM3_ASM -DPOLY1305_ASM -DSHA1_ASM -DSHA256_ASM -DSHA512_ASM -DSM4_ASM -DVPAES_ASM -DVPSM4_ASM -fPIC -pthread -Wa,--noexecstack -Wall -O3 -DOPENSSL_USE_NODELETE -DOPENSSL_PIC -DOPENSSLDIR="\"/opt/ossl-static/ssl\"" -DENGINESDIR="\"/opt/ossl-static/lib/engines-3\"" -DMODULESDIR="\"/opt/ossl-static/lib/ossl-modules\"" -DOPENSSL_BUILDING_OPENSSL -DNDEBUG  -MMD -MF crypto/x509/libcrypto-lib-pcy_lib.d.tmp -MT crypto/x509/libcrypto-lib-pcy_lib.o -c -o crypto/x509/libcrypto-lib-pcy_lib.o crypto/x509/pcy_lib.c
gcc  -I. -Iinclude -Iproviders/common/include -Iproviders/implementations/include  -DBSAES_ASM -DECP_NISTZ256_ASM -DECP_SM2P256_ASM -DKECCAK1600_ASM -DMD5_ASM -DOPENSSL_BN_ASM_MONT -DOPENSSL_CPUID_OBJ -DOPENSSL_SM3_ASM -DPOLY1305_ASM -DSHA1_ASM -DSHA256_ASM -DSHA512_ASM -DSM4_ASM -DVPAES_ASM -DVPSM4_ASM -fPIC -pthread -Wa,--noexecstack -Wall -O3 -DOPENSSL_USE_NODELETE -DOPENSSL_PIC -DOPENSSLDIR="\"/opt/ossl-static/ssl\"" -DENGINESDIR="\"/opt/ossl-static/lib/engines-3\"" -DMODULESDIR="\"/opt/ossl-static/lib/ossl-modules\"" -DOPENSSL_BUILDING_OPENSSL -DNDEBUG  -MMD -MF crypto/x509/libcrypto-lib-pcy_map.d.tmp -MT crypto/x509/libcrypto-lib-pcy_map.o -c -o crypto/x509/libcrypto-lib-pcy_map.o crypto/x509/pcy_map.c
gcc  -I. -Iinclude -Iproviders/common/include -Iproviders/implementations/include  -DBSAES_ASM -DECP_NISTZ256_ASM -DECP_SM2P256_ASM -DKECCAK1600_ASM -DMD5_ASM -DOPENSSL_BN_ASM_MONT -DOPENSSL_CPUID_OBJ -DOPENSSL_SM3_ASM -DPOLY1305_ASM -DSHA1_ASM -DSHA256_ASM -DSHA512_ASM -DSM4_ASM -DVPAES_ASM -DVPSM4_ASM -fPIC -pthread -Wa,--noexecstack -Wall -O3 -DOPENSSL_USE_NODELETE -DOPENSSL_PIC -DOPENSSLDIR="\"/opt/ossl-static/ssl\"" -DENGINESDIR="\"/opt/ossl-static/lib/engines-3\"" -DMODULESDIR="\"/opt/ossl-static/lib/ossl-modules\"" -DOPENSSL_BUILDING_OPENSSL -DNDEBUG  -MMD -MF crypto/x509/libcrypto-lib-pcy_node.d.tmp -MT crypto/x509/libcrypto-lib-pcy_node.o -c -o crypto/x509/libcrypto-lib-pcy_node.o crypto/x509/pcy_node.c
gcc  -I. -Iinclude -Iproviders/common/include -Iproviders/implementations/include  -DBSAES_ASM -DECP_NISTZ256_ASM -DECP_SM2P256_ASM -DKECCAK1600_ASM -DMD5_ASM -DOPENSSL_BN_ASM_MONT -DOPENSSL_CPUID_OBJ -DOPENSSL_SM3_ASM -DPOLY1305_ASM -DSHA1_ASM -DSHA256_ASM -DSHA512_ASM -DSM4_ASM -DVPAES_ASM -DVPSM4_ASM -fPIC -pthread -Wa,--noexecstack -Wall -O3 -DOPENSSL_USE_NODELETE -DOPENSSL_PIC -DOPENSSLDIR="\"/opt/ossl-static/ssl\"" -DENGINESDIR="\"/opt/ossl-static/lib/engines-3\"" -DMODULESDIR="\"/opt/ossl-static/lib/ossl-modules\"" -DOPENSSL_BUILDING_OPENSSL -DNDEBUG  -MMD -MF crypto/x509/libcrypto-lib-pcy_tree.d.tmp -MT crypto/x509/libcrypto-lib-pcy_tree.o -c -o crypto/x509/libcrypto-lib-pcy_tree.o crypto/x509/pcy_tree.c
gcc  -I. -Iinclude -Iproviders/common/include -Iproviders/implementations/include  -DBSAES_ASM -DECP_NISTZ256_ASM -DECP_SM2P256_ASM -DKECCAK1600_ASM -DMD5_ASM -DOPENSSL_BN_ASM_MONT -DOPENSSL_CPUID_OBJ -DOPENSSL_SM3_ASM -DPOLY1305_ASM -DSHA1_ASM -DSHA256_ASM -DSHA512_ASM -DSM4_ASM -DVPAES_ASM -DVPSM4_ASM -fPIC -pthread -Wa,--noexecstack -Wall -O3 -DOPENSSL_USE_NODELETE -DOPENSSL_PIC -DOPENSSLDIR="\"/opt/ossl-static/ssl\"" -DENGINESDIR="\"/opt/ossl-static/lib/engines-3\"" -DMODULESDIR="\"/opt/ossl-static/lib/ossl-modules\"" -DOPENSSL_BUILDING_OPENSSL -DNDEBUG  -MMD -MF crypto/x509/libcrypto-lib-t_crl.d.tmp -MT crypto/x509/libcrypto-lib-t_crl.o -c -o crypto/x509/libcrypto-lib-t_crl.o crypto/x509/t_crl.c
gcc  -I. -Iinclude -Iproviders/common/include -Iproviders/implementations/include  -DBSAES_ASM -DECP_NISTZ256_ASM -DECP_SM2P256_ASM -DKECCAK1600_ASM -DMD5_ASM -DOPENSSL_BN_ASM_MONT -DOPENSSL_CPUID_OBJ -DOPENSSL_SM3_ASM -DPOLY1305_ASM -DSHA1_ASM -DSHA256_ASM -DSHA512_ASM -DSM4_ASM -DVPAES_ASM -DVPSM4_ASM -fPIC -pthread -Wa,--noexecstack -Wall -O3 -DOPENSSL_USE_NODELETE -DOPENSSL_PIC -DOPENSSLDIR="\"/opt/ossl-static/ssl\"" -DENGINESDIR="\"/opt/ossl-static/lib/engines-3\"" -DMODULESDIR="\"/opt/ossl-static/lib/ossl-modules\"" -DOPENSSL_BUILDING_OPENSSL -DNDEBUG  -MMD -MF crypto/x509/libcrypto-lib-t_req.d.tmp -MT crypto/x509/libcrypto-lib-t_req.o -c -o crypto/x509/libcrypto-lib-t_req.o crypto/x509/t_req.c
gcc  -I. -Iinclude -Iproviders/common/include -Iproviders/implementations/include  -DBSAES_ASM -DECP_NISTZ256_ASM -DECP_SM2P256_ASM -DKECCAK1600_ASM -DMD5_ASM -DOPENSSL_BN_ASM_MONT -DOPENSSL_CPUID_OBJ -DOPENSSL_SM3_ASM -DPOLY1305_ASM -DSHA1_ASM -DSHA256_ASM -DSHA512_ASM -DSM4_ASM -DVPAES_ASM -DVPSM4_ASM -fPIC -pthread -Wa,--noexecstack -Wall -O3 -DOPENSSL_USE_NODELETE -DOPENSSL_PIC -DOPENSSLDIR="\"/opt/ossl-static/ssl\"" -DENGINESDIR="\"/opt/ossl-static/lib/engines-3\"" -DMODULESDIR="\"/opt/ossl-static/lib/ossl-modules\"" -DOPENSSL_BUILDING_OPENSSL -DNDEBUG  -MMD -MF crypto/x509/libcrypto-lib-t_x509.d.tmp -MT crypto/x509/libcrypto-lib-t_x509.o -c -o crypto/x509/libcrypto-lib-t_x509.o crypto/x509/t_x509.c
gcc  -I. -Iinclude -Iproviders/common/include -Iproviders/implementations/include  -DBSAES_ASM -DECP_NISTZ256_ASM -DECP_SM2P256_ASM -DKECCAK1600_ASM -DMD5_ASM -DOPENSSL_BN_ASM_MONT -DOPENSSL_CPUID_OBJ -DOPENSSL_SM3_ASM -DPOLY1305_ASM -DSHA1_ASM -DSHA256_ASM -DSHA512_ASM -DSM4_ASM -DVPAES_ASM -DVPSM4_ASM -fPIC -pthread -Wa,--noexecstack -Wall -O3 -DOPENSSL_USE_NODELETE -DOPENSSL_PIC -DOPENSSLDIR="\"/opt/ossl-static/ssl\"" -DENGINESDIR="\"/opt/ossl-static/lib/engines-3\"" -DMODULESDIR="\"/opt/ossl-static/lib/ossl-modules\"" -DOPENSSL_BUILDING_OPENSSL -DNDEBUG  -MMD -MF crypto/x509/libcrypto-lib-v3_addr.d.tmp -MT crypto/x509/libcrypto-lib-v3_addr.o -c -o crypto/x509/libcrypto-lib-v3_addr.o crypto/x509/v3_addr.c
gcc  -I. -Iinclude -Iproviders/common/include -Iproviders/implementations/include  -DBSAES_ASM -DECP_NISTZ256_ASM -DECP_SM2P256_ASM -DKECCAK1600_ASM -DMD5_ASM -DOPENSSL_BN_ASM_MONT -DOPENSSL_CPUID_OBJ -DOPENSSL_SM3_ASM -DPOLY1305_ASM -DSHA1_ASM -DSHA256_ASM -DSHA512_ASM -DSM4_ASM -DVPAES_ASM -DVPSM4_ASM -fPIC -pthread -Wa,--noexecstack -Wall -O3 -DOPENSSL_USE_NODELETE -DOPENSSL_PIC -DOPENSSLDIR="\"/opt/ossl-static/ssl\"" -DENGINESDIR="\"/opt/ossl-static/lib/engines-3\"" -DMODULESDIR="\"/opt/ossl-static/lib/ossl-modules\"" -DOPENSSL_BUILDING_OPENSSL -DNDEBUG  -MMD -MF crypto/x509/libcrypto-lib-v3_admis.d.tmp -MT crypto/x509/libcrypto-lib-v3_admis.o -c -o crypto/x509/libcrypto-lib-v3_admis.o crypto/x509/v3_admis.c
gcc  -I. -Iinclude -Iproviders/common/include -Iproviders/implementations/include  -DBSAES_ASM -DECP_NISTZ256_ASM -DECP_SM2P256_ASM -DKECCAK1600_ASM -DMD5_ASM -DOPENSSL_BN_ASM_MONT -DOPENSSL_CPUID_OBJ -DOPENSSL_SM3_ASM -DPOLY1305_ASM -DSHA1_ASM -DSHA256_ASM -DSHA512_ASM -DSM4_ASM -DVPAES_ASM -DVPSM4_ASM -fPIC -pthread -Wa,--noexecstack -Wall -O3 -DOPENSSL_USE_NODELETE -DOPENSSL_PIC -DOPENSSLDIR="\"/opt/ossl-static/ssl\"" -DENGINESDIR="\"/opt/ossl-static/lib/engines-3\"" -DMODULESDIR="\"/opt/ossl-static/lib/ossl-modules\"" -DOPENSSL_BUILDING_OPENSSL -DNDEBUG  -MMD -MF crypto/x509/libcrypto-lib-v3_akeya.d.tmp -MT crypto/x509/libcrypto-lib-v3_akeya.o -c -o crypto/x509/libcrypto-lib-v3_akeya.o crypto/x509/v3_akeya.c
gcc  -I. -Iinclude -Iproviders/common/include -Iproviders/implementations/include  -DBSAES_ASM -DECP_NISTZ256_ASM -DECP_SM2P256_ASM -DKECCAK1600_ASM -DMD5_ASM -DOPENSSL_BN_ASM_MONT -DOPENSSL_CPUID_OBJ -DOPENSSL_SM3_ASM -DPOLY1305_ASM -DSHA1_ASM -DSHA256_ASM -DSHA512_ASM -DSM4_ASM -DVPAES_ASM -DVPSM4_ASM -fPIC -pthread -Wa,--noexecstack -Wall -O3 -DOPENSSL_USE_NODELETE -DOPENSSL_PIC -DOPENSSLDIR="\"/opt/ossl-static/ssl\"" -DENGINESDIR="\"/opt/ossl-static/lib/engines-3\"" -DMODULESDIR="\"/opt/ossl-static/lib/ossl-modules\"" -DOPENSSL_BUILDING_OPENSSL -DNDEBUG  -MMD -MF crypto/x509/libcrypto-lib-v3_akid.d.tmp -MT crypto/x509/libcrypto-lib-v3_akid.o -c -o crypto/x509/libcrypto-lib-v3_akid.o crypto/x509/v3_akid.c
gcc  -I. -Iinclude -Iproviders/common/include -Iproviders/implementations/include  -DBSAES_ASM -DECP_NISTZ256_ASM -DECP_SM2P256_ASM -DKECCAK1600_ASM -DMD5_ASM -DOPENSSL_BN_ASM_MONT -DOPENSSL_CPUID_OBJ -DOPENSSL_SM3_ASM -DPOLY1305_ASM -DSHA1_ASM -DSHA256_ASM -DSHA512_ASM -DSM4_ASM -DVPAES_ASM -DVPSM4_ASM -fPIC -pthread -Wa,--noexecstack -Wall -O3 -DOPENSSL_USE_NODELETE -DOPENSSL_PIC -DOPENSSLDIR="\"/opt/ossl-static/ssl\"" -DENGINESDIR="\"/opt/ossl-static/lib/engines-3\"" -DMODULESDIR="\"/opt/ossl-static/lib/ossl-modules\"" -DOPENSSL_BUILDING_OPENSSL -DNDEBUG  -MMD -MF crypto/x509/libcrypto-lib-v3_asid.d.tmp -MT crypto/x509/libcrypto-lib-v3_asid.o -c -o crypto/x509/libcrypto-lib-v3_asid.o crypto/x509/v3_asid.c
gcc  -I. -Iinclude -Iproviders/common/include -Iproviders/implementations/include  -DBSAES_ASM -DECP_NISTZ256_ASM -DECP_SM2P256_ASM -DKECCAK1600_ASM -DMD5_ASM -DOPENSSL_BN_ASM_MONT -DOPENSSL_CPUID_OBJ -DOPENSSL_SM3_ASM -DPOLY1305_ASM -DSHA1_ASM -DSHA256_ASM -DSHA512_ASM -DSM4_ASM -DVPAES_ASM -DVPSM4_ASM -fPIC -pthread -Wa,--noexecstack -Wall -O3 -DOPENSSL_USE_NODELETE -DOPENSSL_PIC -DOPENSSLDIR="\"/opt/ossl-static/ssl\"" -DENGINESDIR="\"/opt/ossl-static/lib/engines-3\"" -DMODULESDIR="\"/opt/ossl-static/lib/ossl-modules\"" -DOPENSSL_BUILDING_OPENSSL -DNDEBUG  -MMD -MF crypto/x509/libcrypto-lib-v3_bcons.d.tmp -MT crypto/x509/libcrypto-lib-v3_bcons.o -c -o crypto/x509/libcrypto-lib-v3_bcons.o crypto/x509/v3_bcons.c
gcc  -I. -Iinclude -Iproviders/common/include -Iproviders/implementations/include  -DBSAES_ASM -DECP_NISTZ256_ASM -DECP_SM2P256_ASM -DKECCAK1600_ASM -DMD5_ASM -DOPENSSL_BN_ASM_MONT -DOPENSSL_CPUID_OBJ -DOPENSSL_SM3_ASM -DPOLY1305_ASM -DSHA1_ASM -DSHA256_ASM -DSHA512_ASM -DSM4_ASM -DVPAES_ASM -DVPSM4_ASM -fPIC -pthread -Wa,--noexecstack -Wall -O3 -DOPENSSL_USE_NODELETE -DOPENSSL_PIC -DOPENSSLDIR="\"/opt/ossl-static/ssl\"" -DENGINESDIR="\"/opt/ossl-static/lib/engines-3\"" -DMODULESDIR="\"/opt/ossl-static/lib/ossl-modules\"" -DOPENSSL_BUILDING_OPENSSL -DNDEBUG  -MMD -MF crypto/x509/libcrypto-lib-v3_bitst.d.tmp -MT crypto/x509/libcrypto-lib-v3_bitst.o -c -o crypto/x509/libcrypto-lib-v3_bitst.o crypto/x509/v3_bitst.c
gcc  -I. -Iinclude -Iproviders/common/include -Iproviders/implementations/include  -DBSAES_ASM -DECP_NISTZ256_ASM -DECP_SM2P256_ASM -DKECCAK1600_ASM -DMD5_ASM -DOPENSSL_BN_ASM_MONT -DOPENSSL_CPUID_OBJ -DOPENSSL_SM3_ASM -DPOLY1305_ASM -DSHA1_ASM -DSHA256_ASM -DSHA512_ASM -DSM4_ASM -DVPAES_ASM -DVPSM4_ASM -fPIC -pthread -Wa,--noexecstack -Wall -O3 -DOPENSSL_USE_NODELETE -DOPENSSL_PIC -DOPENSSLDIR="\"/opt/ossl-static/ssl\"" -DENGINESDIR="\"/opt/ossl-static/lib/engines-3\"" -DMODULESDIR="\"/opt/ossl-static/lib/ossl-modules\"" -DOPENSSL_BUILDING_OPENSSL -DNDEBUG  -MMD -MF crypto/x509/libcrypto-lib-v3_conf.d.tmp -MT crypto/x509/libcrypto-lib-v3_conf.o -c -o crypto/x509/libcrypto-lib-v3_conf.o crypto/x509/v3_conf.c
gcc  -I. -Iinclude -Iproviders/common/include -Iproviders/implementations/include  -DBSAES_ASM -DECP_NISTZ256_ASM -DECP_SM2P256_ASM -DKECCAK1600_ASM -DMD5_ASM -DOPENSSL_BN_ASM_MONT -DOPENSSL_CPUID_OBJ -DOPENSSL_SM3_ASM -DPOLY1305_ASM -DSHA1_ASM -DSHA256_ASM -DSHA512_ASM -DSM4_ASM -DVPAES_ASM -DVPSM4_ASM -fPIC -pthread -Wa,--noexecstack -Wall -O3 -DOPENSSL_USE_NODELETE -DOPENSSL_PIC -DOPENSSLDIR="\"/opt/ossl-static/ssl\"" -DENGINESDIR="\"/opt/ossl-static/lib/engines-3\"" -DMODULESDIR="\"/opt/ossl-static/lib/ossl-modules\"" -DOPENSSL_BUILDING_OPENSSL -DNDEBUG  -MMD -MF crypto/x509/libcrypto-lib-v3_cpols.d.tmp -MT crypto/x509/libcrypto-lib-v3_cpols.o -c -o crypto/x509/libcrypto-lib-v3_cpols.o crypto/x509/v3_cpols.c
gcc  -I. -Iinclude -Iproviders/common/include -Iproviders/implementations/include  -DBSAES_ASM -DECP_NISTZ256_ASM -DECP_SM2P256_ASM -DKECCAK1600_ASM -DMD5_ASM -DOPENSSL_BN_ASM_MONT -DOPENSSL_CPUID_OBJ -DOPENSSL_SM3_ASM -DPOLY1305_ASM -DSHA1_ASM -DSHA256_ASM -DSHA512_ASM -DSM4_ASM -DVPAES_ASM -DVPSM4_ASM -fPIC -pthread -Wa,--noexecstack -Wall -O3 -DOPENSSL_USE_NODELETE -DOPENSSL_PIC -DOPENSSLDIR="\"/opt/ossl-static/ssl\"" -DENGINESDIR="\"/opt/ossl-static/lib/engines-3\"" -DMODULESDIR="\"/opt/ossl-static/lib/ossl-modules\"" -DOPENSSL_BUILDING_OPENSSL -DNDEBUG  -MMD -MF crypto/x509/libcrypto-lib-v3_crld.d.tmp -MT crypto/x509/libcrypto-lib-v3_crld.o -c -o crypto/x509/libcrypto-lib-v3_crld.o crypto/x509/v3_crld.c
gcc  -I. -Iinclude -Iproviders/common/include -Iproviders/implementations/include  -DBSAES_ASM -DECP_NISTZ256_ASM -DECP_SM2P256_ASM -DKECCAK1600_ASM -DMD5_ASM -DOPENSSL_BN_ASM_MONT -DOPENSSL_CPUID_OBJ -DOPENSSL_SM3_ASM -DPOLY1305_ASM -DSHA1_ASM -DSHA256_ASM -DSHA512_ASM -DSM4_ASM -DVPAES_ASM -DVPSM4_ASM -fPIC -pthread -Wa,--noexecstack -Wall -O3 -DOPENSSL_USE_NODELETE -DOPENSSL_PIC -DOPENSSLDIR="\"/opt/ossl-static/ssl\"" -DENGINESDIR="\"/opt/ossl-static/lib/engines-3\"" -DMODULESDIR="\"/opt/ossl-static/lib/ossl-modules\"" -DOPENSSL_BUILDING_OPENSSL -DNDEBUG  -MMD -MF crypto/x509/libcrypto-lib-v3_enum.d.tmp -MT crypto/x509/libcrypto-lib-v3_enum.o -c -o crypto/x509/libcrypto-lib-v3_enum.o crypto/x509/v3_enum.c
gcc  -I. -Iinclude -Iproviders/common/include -Iproviders/implementations/include  -DBSAES_ASM -DECP_NISTZ256_ASM -DECP_SM2P256_ASM -DKECCAK1600_ASM -DMD5_ASM -DOPENSSL_BN_ASM_MONT -DOPENSSL_CPUID_OBJ -DOPENSSL_SM3_ASM -DPOLY1305_ASM -DSHA1_ASM -DSHA256_ASM -DSHA512_ASM -DSM4_ASM -DVPAES_ASM -DVPSM4_ASM -fPIC -pthread -Wa,--noexecstack -Wall -O3 -DOPENSSL_USE_NODELETE -DOPENSSL_PIC -DOPENSSLDIR="\"/opt/ossl-static/ssl\"" -DENGINESDIR="\"/opt/ossl-static/lib/engines-3\"" -DMODULESDIR="\"/opt/ossl-static/lib/ossl-modules\"" -DOPENSSL_BUILDING_OPENSSL -DNDEBUG  -MMD -MF crypto/x509/libcrypto-lib-v3_extku.d.tmp -MT crypto/x509/libcrypto-lib-v3_extku.o -c -o crypto/x509/libcrypto-lib-v3_extku.o crypto/x509/v3_extku.c
gcc  -I. -Iinclude -Iproviders/common/include -Iproviders/implementations/include  -DBSAES_ASM -DECP_NISTZ256_ASM -DECP_SM2P256_ASM -DKECCAK1600_ASM -DMD5_ASM -DOPENSSL_BN_ASM_MONT -DOPENSSL_CPUID_OBJ -DOPENSSL_SM3_ASM -DPOLY1305_ASM -DSHA1_ASM -DSHA256_ASM -DSHA512_ASM -DSM4_ASM -DVPAES_ASM -DVPSM4_ASM -fPIC -pthread -Wa,--noexecstack -Wall -O3 -DOPENSSL_USE_NODELETE -DOPENSSL_PIC -DOPENSSLDIR="\"/opt/ossl-static/ssl\"" -DENGINESDIR="\"/opt/ossl-static/lib/engines-3\"" -DMODULESDIR="\"/opt/ossl-static/lib/ossl-modules\"" -DOPENSSL_BUILDING_OPENSSL -DNDEBUG  -MMD -MF crypto/x509/libcrypto-lib-v3_genn.d.tmp -MT crypto/x509/libcrypto-lib-v3_genn.o -c -o crypto/x509/libcrypto-lib-v3_genn.o crypto/x509/v3_genn.c
gcc  -I. -Iinclude -Iproviders/common/include -Iproviders/implementations/include  -DBSAES_ASM -DECP_NISTZ256_ASM -DECP_SM2P256_ASM -DKECCAK1600_ASM -DMD5_ASM -DOPENSSL_BN_ASM_MONT -DOPENSSL_CPUID_OBJ -DOPENSSL_SM3_ASM -DPOLY1305_ASM -DSHA1_ASM -DSHA256_ASM -DSHA512_ASM -DSM4_ASM -DVPAES_ASM -DVPSM4_ASM -fPIC -pthread -Wa,--noexecstack -Wall -O3 -DOPENSSL_USE_NODELETE -DOPENSSL_PIC -DOPENSSLDIR="\"/opt/ossl-static/ssl\"" -DENGINESDIR="\"/opt/ossl-static/lib/engines-3\"" -DMODULESDIR="\"/opt/ossl-static/lib/ossl-modules\"" -DOPENSSL_BUILDING_OPENSSL -DNDEBUG  -MMD -MF crypto/x509/libcrypto-lib-v3_group_ac.d.tmp -MT crypto/x509/libcrypto-lib-v3_group_ac.o -c -o crypto/x509/libcrypto-lib-v3_group_ac.o crypto/x509/v3_group_ac.c
gcc  -I. -Iinclude -Iproviders/common/include -Iproviders/implementations/include  -DBSAES_ASM -DECP_NISTZ256_ASM -DECP_SM2P256_ASM -DKECCAK1600_ASM -DMD5_ASM -DOPENSSL_BN_ASM_MONT -DOPENSSL_CPUID_OBJ -DOPENSSL_SM3_ASM -DPOLY1305_ASM -DSHA1_ASM -DSHA256_ASM -DSHA512_ASM -DSM4_ASM -DVPAES_ASM -DVPSM4_ASM -fPIC -pthread -Wa,--noexecstack -Wall -O3 -DOPENSSL_USE_NODELETE -DOPENSSL_PIC -DOPENSSLDIR="\"/opt/ossl-static/ssl\"" -DENGINESDIR="\"/opt/ossl-static/lib/engines-3\"" -DMODULESDIR="\"/opt/ossl-static/lib/ossl-modules\"" -DOPENSSL_BUILDING_OPENSSL -DNDEBUG  -MMD -MF crypto/x509/libcrypto-lib-v3_ia5.d.tmp -MT crypto/x509/libcrypto-lib-v3_ia5.o -c -o crypto/x509/libcrypto-lib-v3_ia5.o crypto/x509/v3_ia5.c
gcc  -I. -Iinclude -Iproviders/common/include -Iproviders/implementations/include  -DBSAES_ASM -DECP_NISTZ256_ASM -DECP_SM2P256_ASM -DKECCAK1600_ASM -DMD5_ASM -DOPENSSL_BN_ASM_MONT -DOPENSSL_CPUID_OBJ -DOPENSSL_SM3_ASM -DPOLY1305_ASM -DSHA1_ASM -DSHA256_ASM -DSHA512_ASM -DSM4_ASM -DVPAES_ASM -DVPSM4_ASM -fPIC -pthread -Wa,--noexecstack -Wall -O3 -DOPENSSL_USE_NODELETE -DOPENSSL_PIC -DOPENSSLDIR="\"/opt/ossl-static/ssl\"" -DENGINESDIR="\"/opt/ossl-static/lib/engines-3\"" -DMODULESDIR="\"/opt/ossl-static/lib/ossl-modules\"" -DOPENSSL_BUILDING_OPENSSL -DNDEBUG  -MMD -MF crypto/x509/libcrypto-lib-v3_ind_iss.d.tmp -MT crypto/x509/libcrypto-lib-v3_ind_iss.o -c -o crypto/x509/libcrypto-lib-v3_ind_iss.o crypto/x509/v3_ind_iss.c
gcc  -I. -Iinclude -Iproviders/common/include -Iproviders/implementations/include  -DBSAES_ASM -DECP_NISTZ256_ASM -DECP_SM2P256_ASM -DKECCAK1600_ASM -DMD5_ASM -DOPENSSL_BN_ASM_MONT -DOPENSSL_CPUID_OBJ -DOPENSSL_SM3_ASM -DPOLY1305_ASM -DSHA1_ASM -DSHA256_ASM -DSHA512_ASM -DSM4_ASM -DVPAES_ASM -DVPSM4_ASM -fPIC -pthread -Wa,--noexecstack -Wall -O3 -DOPENSSL_USE_NODELETE -DOPENSSL_PIC -DOPENSSLDIR="\"/opt/ossl-static/ssl\"" -DENGINESDIR="\"/opt/ossl-static/lib/engines-3\"" -DMODULESDIR="\"/opt/ossl-static/lib/ossl-modules\"" -DOPENSSL_BUILDING_OPENSSL -DNDEBUG  -MMD -MF crypto/x509/libcrypto-lib-v3_info.d.tmp -MT crypto/x509/libcrypto-lib-v3_info.o -c -o crypto/x509/libcrypto-lib-v3_info.o crypto/x509/v3_info.c
gcc  -I. -Iinclude -Iproviders/common/include -Iproviders/implementations/include  -DBSAES_ASM -DECP_NISTZ256_ASM -DECP_SM2P256_ASM -DKECCAK1600_ASM -DMD5_ASM -DOPENSSL_BN_ASM_MONT -DOPENSSL_CPUID_OBJ -DOPENSSL_SM3_ASM -DPOLY1305_ASM -DSHA1_ASM -DSHA256_ASM -DSHA512_ASM -DSM4_ASM -DVPAES_ASM -DVPSM4_ASM -fPIC -pthread -Wa,--noexecstack -Wall -O3 -DOPENSSL_USE_NODELETE -DOPENSSL_PIC -DOPENSSLDIR="\"/opt/ossl-static/ssl\"" -DENGINESDIR="\"/opt/ossl-static/lib/engines-3\"" -DMODULESDIR="\"/opt/ossl-static/lib/ossl-modules\"" -DOPENSSL_BUILDING_OPENSSL -DNDEBUG  -MMD -MF crypto/x509/libcrypto-lib-v3_int.d.tmp -MT crypto/x509/libcrypto-lib-v3_int.o -c -o crypto/x509/libcrypto-lib-v3_int.o crypto/x509/v3_int.c
gcc  -I. -Iinclude -Iproviders/common/include -Iproviders/implementations/include  -DBSAES_ASM -DECP_NISTZ256_ASM -DECP_SM2P256_ASM -DKECCAK1600_ASM -DMD5_ASM -DOPENSSL_BN_ASM_MONT -DOPENSSL_CPUID_OBJ -DOPENSSL_SM3_ASM -DPOLY1305_ASM -DSHA1_ASM -DSHA256_ASM -DSHA512_ASM -DSM4_ASM -DVPAES_ASM -DVPSM4_ASM -fPIC -pthread -Wa,--noexecstack -Wall -O3 -DOPENSSL_USE_NODELETE -DOPENSSL_PIC -DOPENSSLDIR="\"/opt/ossl-static/ssl\"" -DENGINESDIR="\"/opt/ossl-static/lib/engines-3\"" -DMODULESDIR="\"/opt/ossl-static/lib/ossl-modules\"" -DOPENSSL_BUILDING_OPENSSL -DNDEBUG  -MMD -MF crypto/x509/libcrypto-lib-v3_ist.d.tmp -MT crypto/x509/libcrypto-lib-v3_ist.o -c -o crypto/x509/libcrypto-lib-v3_ist.o crypto/x509/v3_ist.c
gcc  -I. -Iinclude -Iproviders/common/include -Iproviders/implementations/include  -DBSAES_ASM -DECP_NISTZ256_ASM -DECP_SM2P256_ASM -DKECCAK1600_ASM -DMD5_ASM -DOPENSSL_BN_ASM_MONT -DOPENSSL_CPUID_OBJ -DOPENSSL_SM3_ASM -DPOLY1305_ASM -DSHA1_ASM -DSHA256_ASM -DSHA512_ASM -DSM4_ASM -DVPAES_ASM -DVPSM4_ASM -fPIC -pthread -Wa,--noexecstack -Wall -O3 -DOPENSSL_USE_NODELETE -DOPENSSL_PIC -DOPENSSLDIR="\"/opt/ossl-static/ssl\"" -DENGINESDIR="\"/opt/ossl-static/lib/engines-3\"" -DMODULESDIR="\"/opt/ossl-static/lib/ossl-modules\"" -DOPENSSL_BUILDING_OPENSSL -DNDEBUG  -MMD -MF crypto/x509/libcrypto-lib-v3_lib.d.tmp -MT crypto/x509/libcrypto-lib-v3_lib.o -c -o crypto/x509/libcrypto-lib-v3_lib.o crypto/x509/v3_lib.c
gcc  -I. -Iinclude -Iproviders/common/include -Iproviders/implementations/include  -DBSAES_ASM -DECP_NISTZ256_ASM -DECP_SM2P256_ASM -DKECCAK1600_ASM -DMD5_ASM -DOPENSSL_BN_ASM_MONT -DOPENSSL_CPUID_OBJ -DOPENSSL_SM3_ASM -DPOLY1305_ASM -DSHA1_ASM -DSHA256_ASM -DSHA512_ASM -DSM4_ASM -DVPAES_ASM -DVPSM4_ASM -fPIC -pthread -Wa,--noexecstack -Wall -O3 -DOPENSSL_USE_NODELETE -DOPENSSL_PIC -DOPENSSLDIR="\"/opt/ossl-static/ssl\"" -DENGINESDIR="\"/opt/ossl-static/lib/engines-3\"" -DMODULESDIR="\"/opt/ossl-static/lib/ossl-modules\"" -DOPENSSL_BUILDING_OPENSSL -DNDEBUG  -MMD -MF crypto/x509/libcrypto-lib-v3_ncons.d.tmp -MT crypto/x509/libcrypto-lib-v3_ncons.o -c -o crypto/x509/libcrypto-lib-v3_ncons.o crypto/x509/v3_ncons.c
gcc  -I. -Iinclude -Iproviders/common/include -Iproviders/implementations/include  -DBSAES_ASM -DECP_NISTZ256_ASM -DECP_SM2P256_ASM -DKECCAK1600_ASM -DMD5_ASM -DOPENSSL_BN_ASM_MONT -DOPENSSL_CPUID_OBJ -DOPENSSL_SM3_ASM -DPOLY1305_ASM -DSHA1_ASM -DSHA256_ASM -DSHA512_ASM -DSM4_ASM -DVPAES_ASM -DVPSM4_ASM -fPIC -pthread -Wa,--noexecstack -Wall -O3 -DOPENSSL_USE_NODELETE -DOPENSSL_PIC -DOPENSSLDIR="\"/opt/ossl-static/ssl\"" -DENGINESDIR="\"/opt/ossl-static/lib/engines-3\"" -DMODULESDIR="\"/opt/ossl-static/lib/ossl-modules\"" -DOPENSSL_BUILDING_OPENSSL -DNDEBUG  -MMD -MF crypto/x509/libcrypto-lib-v3_no_ass.d.tmp -MT crypto/x509/libcrypto-lib-v3_no_ass.o -c -o crypto/x509/libcrypto-lib-v3_no_ass.o crypto/x509/v3_no_ass.c
gcc  -I. -Iinclude -Iproviders/common/include -Iproviders/implementations/include  -DBSAES_ASM -DECP_NISTZ256_ASM -DECP_SM2P256_ASM -DKECCAK1600_ASM -DMD5_ASM -DOPENSSL_BN_ASM_MONT -DOPENSSL_CPUID_OBJ -DOPENSSL_SM3_ASM -DPOLY1305_ASM -DSHA1_ASM -DSHA256_ASM -DSHA512_ASM -DSM4_ASM -DVPAES_ASM -DVPSM4_ASM -fPIC -pthread -Wa,--noexecstack -Wall -O3 -DOPENSSL_USE_NODELETE -DOPENSSL_PIC -DOPENSSLDIR="\"/opt/ossl-static/ssl\"" -DENGINESDIR="\"/opt/ossl-static/lib/engines-3\"" -DMODULESDIR="\"/opt/ossl-static/lib/ossl-modules\"" -DOPENSSL_BUILDING_OPENSSL -DNDEBUG  -MMD -MF crypto/x509/libcrypto-lib-v3_no_rev_avail.d.tmp -MT crypto/x509/libcrypto-lib-v3_no_rev_avail.o -c -o crypto/x509/libcrypto-lib-v3_no_rev_avail.o crypto/x509/v3_no_rev_avail.c
gcc  -I. -Iinclude -Iproviders/common/include -Iproviders/implementations/include  -DBSAES_ASM -DECP_NISTZ256_ASM -DECP_SM2P256_ASM -DKECCAK1600_ASM -DMD5_ASM -DOPENSSL_BN_ASM_MONT -DOPENSSL_CPUID_OBJ -DOPENSSL_SM3_ASM -DPOLY1305_ASM -DSHA1_ASM -DSHA256_ASM -DSHA512_ASM -DSM4_ASM -DVPAES_ASM -DVPSM4_ASM -fPIC -pthread -Wa,--noexecstack -Wall -O3 -DOPENSSL_USE_NODELETE -DOPENSSL_PIC -DOPENSSLDIR="\"/opt/ossl-static/ssl\"" -DENGINESDIR="\"/opt/ossl-static/lib/engines-3\"" -DMODULESDIR="\"/opt/ossl-static/lib/ossl-modules\"" -DOPENSSL_BUILDING_OPENSSL -DNDEBUG  -MMD -MF crypto/x509/libcrypto-lib-v3_pci.d.tmp -MT crypto/x509/libcrypto-lib-v3_pci.o -c -o crypto/x509/libcrypto-lib-v3_pci.o crypto/x509/v3_pci.c
gcc  -I. -Iinclude -Iproviders/common/include -Iproviders/implementations/include  -DBSAES_ASM -DECP_NISTZ256_ASM -DECP_SM2P256_ASM -DKECCAK1600_ASM -DMD5_ASM -DOPENSSL_BN_ASM_MONT -DOPENSSL_CPUID_OBJ -DOPENSSL_SM3_ASM -DPOLY1305_ASM -DSHA1_ASM -DSHA256_ASM -DSHA512_ASM -DSM4_ASM -DVPAES_ASM -DVPSM4_ASM -fPIC -pthread -Wa,--noexecstack -Wall -O3 -DOPENSSL_USE_NODELETE -DOPENSSL_PIC -DOPENSSLDIR="\"/opt/ossl-static/ssl\"" -DENGINESDIR="\"/opt/ossl-static/lib/engines-3\"" -DMODULESDIR="\"/opt/ossl-static/lib/ossl-modules\"" -DOPENSSL_BUILDING_OPENSSL -DNDEBUG  -MMD -MF crypto/x509/libcrypto-lib-v3_pcia.d.tmp -MT crypto/x509/libcrypto-lib-v3_pcia.o -c -o crypto/x509/libcrypto-lib-v3_pcia.o crypto/x509/v3_pcia.c
gcc  -I. -Iinclude -Iproviders/common/include -Iproviders/implementations/include  -DBSAES_ASM -DECP_NISTZ256_ASM -DECP_SM2P256_ASM -DKECCAK1600_ASM -DMD5_ASM -DOPENSSL_BN_ASM_MONT -DOPENSSL_CPUID_OBJ -DOPENSSL_SM3_ASM -DPOLY1305_ASM -DSHA1_ASM -DSHA256_ASM -DSHA512_ASM -DSM4_ASM -DVPAES_ASM -DVPSM4_ASM -fPIC -pthread -Wa,--noexecstack -Wall -O3 -DOPENSSL_USE_NODELETE -DOPENSSL_PIC -DOPENSSLDIR="\"/opt/ossl-static/ssl\"" -DENGINESDIR="\"/opt/ossl-static/lib/engines-3\"" -DMODULESDIR="\"/opt/ossl-static/lib/ossl-modules\"" -DOPENSSL_BUILDING_OPENSSL -DNDEBUG  -MMD -MF crypto/x509/libcrypto-lib-v3_pcons.d.tmp -MT crypto/x509/libcrypto-lib-v3_pcons.o -c -o crypto/x509/libcrypto-lib-v3_pcons.o crypto/x509/v3_pcons.c
gcc  -I. -Iinclude -Iproviders/common/include -Iproviders/implementations/include  -DBSAES_ASM -DECP_NISTZ256_ASM -DECP_SM2P256_ASM -DKECCAK1600_ASM -DMD5_ASM -DOPENSSL_BN_ASM_MONT -DOPENSSL_CPUID_OBJ -DOPENSSL_SM3_ASM -DPOLY1305_ASM -DSHA1_ASM -DSHA256_ASM -DSHA512_ASM -DSM4_ASM -DVPAES_ASM -DVPSM4_ASM -fPIC -pthread -Wa,--noexecstack -Wall -O3 -DOPENSSL_USE_NODELETE -DOPENSSL_PIC -DOPENSSLDIR="\"/opt/ossl-static/ssl\"" -DENGINESDIR="\"/opt/ossl-static/lib/engines-3\"" -DMODULESDIR="\"/opt/ossl-static/lib/ossl-modules\"" -DOPENSSL_BUILDING_OPENSSL -DNDEBUG  -MMD -MF crypto/x509/libcrypto-lib-v3_pku.d.tmp -MT crypto/x509/libcrypto-lib-v3_pku.o -c -o crypto/x509/libcrypto-lib-v3_pku.o crypto/x509/v3_pku.c
gcc  -I. -Iinclude -Iproviders/common/include -Iproviders/implementations/include  -DBSAES_ASM -DECP_NISTZ256_ASM -DECP_SM2P256_ASM -DKECCAK1600_ASM -DMD5_ASM -DOPENSSL_BN_ASM_MONT -DOPENSSL_CPUID_OBJ -DOPENSSL_SM3_ASM -DPOLY1305_ASM -DSHA1_ASM -DSHA256_ASM -DSHA512_ASM -DSM4_ASM -DVPAES_ASM -DVPSM4_ASM -fPIC -pthread -Wa,--noexecstack -Wall -O3 -DOPENSSL_USE_NODELETE -DOPENSSL_PIC -DOPENSSLDIR="\"/opt/ossl-static/ssl\"" -DENGINESDIR="\"/opt/ossl-static/lib/engines-3\"" -DMODULESDIR="\"/opt/ossl-static/lib/ossl-modules\"" -DOPENSSL_BUILDING_OPENSSL -DNDEBUG  -MMD -MF crypto/x509/libcrypto-lib-v3_pmaps.d.tmp -MT crypto/x509/libcrypto-lib-v3_pmaps.o -c -o crypto/x509/libcrypto-lib-v3_pmaps.o crypto/x509/v3_pmaps.c
gcc  -I. -Iinclude -Iproviders/common/include -Iproviders/implementations/include  -DBSAES_ASM -DECP_NISTZ256_ASM -DECP_SM2P256_ASM -DKECCAK1600_ASM -DMD5_ASM -DOPENSSL_BN_ASM_MONT -DOPENSSL_CPUID_OBJ -DOPENSSL_SM3_ASM -DPOLY1305_ASM -DSHA1_ASM -DSHA256_ASM -DSHA512_ASM -DSM4_ASM -DVPAES_ASM -DVPSM4_ASM -fPIC -pthread -Wa,--noexecstack -Wall -O3 -DOPENSSL_USE_NODELETE -DOPENSSL_PIC -DOPENSSLDIR="\"/opt/ossl-static/ssl\"" -DENGINESDIR="\"/opt/ossl-static/lib/engines-3\"" -DMODULESDIR="\"/opt/ossl-static/lib/ossl-modules\"" -DOPENSSL_BUILDING_OPENSSL -DNDEBUG  -MMD -MF crypto/x509/libcrypto-lib-v3_prn.d.tmp -MT crypto/x509/libcrypto-lib-v3_prn.o -c -o crypto/x509/libcrypto-lib-v3_prn.o crypto/x509/v3_prn.c
gcc  -I. -Iinclude -Iproviders/common/include -Iproviders/implementations/include  -DBSAES_ASM -DECP_NISTZ256_ASM -DECP_SM2P256_ASM -DKECCAK1600_ASM -DMD5_ASM -DOPENSSL_BN_ASM_MONT -DOPENSSL_CPUID_OBJ -DOPENSSL_SM3_ASM -DPOLY1305_ASM -DSHA1_ASM -DSHA256_ASM -DSHA512_ASM -DSM4_ASM -DVPAES_ASM -DVPSM4_ASM -fPIC -pthread -Wa,--noexecstack -Wall -O3 -DOPENSSL_USE_NODELETE -DOPENSSL_PIC -DOPENSSLDIR="\"/opt/ossl-static/ssl\"" -DENGINESDIR="\"/opt/ossl-static/lib/engines-3\"" -DMODULESDIR="\"/opt/ossl-static/lib/ossl-modules\"" -DOPENSSL_BUILDING_OPENSSL -DNDEBUG  -MMD -MF crypto/x509/libcrypto-lib-v3_purp.d.tmp -MT crypto/x509/libcrypto-lib-v3_purp.o -c -o crypto/x509/libcrypto-lib-v3_purp.o crypto/x509/v3_purp.c
gcc  -I. -Iinclude -Iproviders/common/include -Iproviders/implementations/include  -DBSAES_ASM -DECP_NISTZ256_ASM -DECP_SM2P256_ASM -DKECCAK1600_ASM -DMD5_ASM -DOPENSSL_BN_ASM_MONT -DOPENSSL_CPUID_OBJ -DOPENSSL_SM3_ASM -DPOLY1305_ASM -DSHA1_ASM -DSHA256_ASM -DSHA512_ASM -DSM4_ASM -DVPAES_ASM -DVPSM4_ASM -fPIC -pthread -Wa,--noexecstack -Wall -O3 -DOPENSSL_USE_NODELETE -DOPENSSL_PIC -DOPENSSLDIR="\"/opt/ossl-static/ssl\"" -DENGINESDIR="\"/opt/ossl-static/lib/engines-3\"" -DMODULESDIR="\"/opt/ossl-static/lib/ossl-modules\"" -DOPENSSL_BUILDING_OPENSSL -DNDEBUG  -MMD -MF crypto/x509/libcrypto-lib-v3_san.d.tmp -MT crypto/x509/libcrypto-lib-v3_san.o -c -o crypto/x509/libcrypto-lib-v3_san.o crypto/x509/v3_san.c
gcc  -I. -Iinclude -Iproviders/common/include -Iproviders/implementations/include  -DBSAES_ASM -DECP_NISTZ256_ASM -DECP_SM2P256_ASM -DKECCAK1600_ASM -DMD5_ASM -DOPENSSL_BN_ASM_MONT -DOPENSSL_CPUID_OBJ -DOPENSSL_SM3_ASM -DPOLY1305_ASM -DSHA1_ASM -DSHA256_ASM -DSHA512_ASM -DSM4_ASM -DVPAES_ASM -DVPSM4_ASM -fPIC -pthread -Wa,--noexecstack -Wall -O3 -DOPENSSL_USE_NODELETE -DOPENSSL_PIC -DOPENSSLDIR="\"/opt/ossl-static/ssl\"" -DENGINESDIR="\"/opt/ossl-static/lib/engines-3\"" -DMODULESDIR="\"/opt/ossl-static/lib/ossl-modules\"" -DOPENSSL_BUILDING_OPENSSL -DNDEBUG  -MMD -MF crypto/x509/libcrypto-lib-v3_single_use.d.tmp -MT crypto/x509/libcrypto-lib-v3_single_use.o -c -o crypto/x509/libcrypto-lib-v3_single_use.o crypto/x509/v3_single_use.c
gcc  -I. -Iinclude -Iproviders/common/include -Iproviders/implementations/include  -DBSAES_ASM -DECP_NISTZ256_ASM -DECP_SM2P256_ASM -DKECCAK1600_ASM -DMD5_ASM -DOPENSSL_BN_ASM_MONT -DOPENSSL_CPUID_OBJ -DOPENSSL_SM3_ASM -DPOLY1305_ASM -DSHA1_ASM -DSHA256_ASM -DSHA512_ASM -DSM4_ASM -DVPAES_ASM -DVPSM4_ASM -fPIC -pthread -Wa,--noexecstack -Wall -O3 -DOPENSSL_USE_NODELETE -DOPENSSL_PIC -DOPENSSLDIR="\"/opt/ossl-static/ssl\"" -DENGINESDIR="\"/opt/ossl-static/lib/engines-3\"" -DMODULESDIR="\"/opt/ossl-static/lib/ossl-modules\"" -DOPENSSL_BUILDING_OPENSSL -DNDEBUG  -MMD -MF crypto/x509/libcrypto-lib-v3_skid.d.tmp -MT crypto/x509/libcrypto-lib-v3_skid.o -c -o crypto/x509/libcrypto-lib-v3_skid.o crypto/x509/v3_skid.c
gcc  -I. -Iinclude -Iproviders/common/include -Iproviders/implementations/include  -DBSAES_ASM -DECP_NISTZ256_ASM -DECP_SM2P256_ASM -DKECCAK1600_ASM -DMD5_ASM -DOPENSSL_BN_ASM_MONT -DOPENSSL_CPUID_OBJ -DOPENSSL_SM3_ASM -DPOLY1305_ASM -DSHA1_ASM -DSHA256_ASM -DSHA512_ASM -DSM4_ASM -DVPAES_ASM -DVPSM4_ASM -fPIC -pthread -Wa,--noexecstack -Wall -O3 -DOPENSSL_USE_NODELETE -DOPENSSL_PIC -DOPENSSLDIR="\"/opt/ossl-static/ssl\"" -DENGINESDIR="\"/opt/ossl-static/lib/engines-3\"" -DMODULESDIR="\"/opt/ossl-static/lib/ossl-modules\"" -DOPENSSL_BUILDING_OPENSSL -DNDEBUG  -MMD -MF crypto/x509/libcrypto-lib-v3_soa_id.d.tmp -MT crypto/x509/libcrypto-lib-v3_soa_id.o -c -o crypto/x509/libcrypto-lib-v3_soa_id.o crypto/x509/v3_soa_id.c
gcc  -I. -Iinclude -Iproviders/common/include -Iproviders/implementations/include  -DBSAES_ASM -DECP_NISTZ256_ASM -DECP_SM2P256_ASM -DKECCAK1600_ASM -DMD5_ASM -DOPENSSL_BN_ASM_MONT -DOPENSSL_CPUID_OBJ -DOPENSSL_SM3_ASM -DPOLY1305_ASM -DSHA1_ASM -DSHA256_ASM -DSHA512_ASM -DSM4_ASM -DVPAES_ASM -DVPSM4_ASM -fPIC -pthread -Wa,--noexecstack -Wall -O3 -DOPENSSL_USE_NODELETE -DOPENSSL_PIC -DOPENSSLDIR="\"/opt/ossl-static/ssl\"" -DENGINESDIR="\"/opt/ossl-static/lib/engines-3\"" -DMODULESDIR="\"/opt/ossl-static/lib/ossl-modules\"" -DOPENSSL_BUILDING_OPENSSL -DNDEBUG  -MMD -MF crypto/x509/libcrypto-lib-v3_sxnet.d.tmp -MT crypto/x509/libcrypto-lib-v3_sxnet.o -c -o crypto/x509/libcrypto-lib-v3_sxnet.o crypto/x509/v3_sxnet.c
gcc  -I. -Iinclude -Iproviders/common/include -Iproviders/implementations/include  -DBSAES_ASM -DECP_NISTZ256_ASM -DECP_SM2P256_ASM -DKECCAK1600_ASM -DMD5_ASM -DOPENSSL_BN_ASM_MONT -DOPENSSL_CPUID_OBJ -DOPENSSL_SM3_ASM -DPOLY1305_ASM -DSHA1_ASM -DSHA256_ASM -DSHA512_ASM -DSM4_ASM -DVPAES_ASM -DVPSM4_ASM -fPIC -pthread -Wa,--noexecstack -Wall -O3 -DOPENSSL_USE_NODELETE -DOPENSSL_PIC -DOPENSSLDIR="\"/opt/ossl-static/ssl\"" -DENGINESDIR="\"/opt/ossl-static/lib/engines-3\"" -DMODULESDIR="\"/opt/ossl-static/lib/ossl-modules\"" -DOPENSSL_BUILDING_OPENSSL -DNDEBUG  -MMD -MF crypto/x509/libcrypto-lib-v3_tlsf.d.tmp -MT crypto/x509/libcrypto-lib-v3_tlsf.o -c -o crypto/x509/libcrypto-lib-v3_tlsf.o crypto/x509/v3_tlsf.c
gcc  -I. -Iinclude -Iproviders/common/include -Iproviders/implementations/include  -DBSAES_ASM -DECP_NISTZ256_ASM -DECP_SM2P256_ASM -DKECCAK1600_ASM -DMD5_ASM -DOPENSSL_BN_ASM_MONT -DOPENSSL_CPUID_OBJ -DOPENSSL_SM3_ASM -DPOLY1305_ASM -DSHA1_ASM -DSHA256_ASM -DSHA512_ASM -DSM4_ASM -DVPAES_ASM -DVPSM4_ASM -fPIC -pthread -Wa,--noexecstack -Wall -O3 -DOPENSSL_USE_NODELETE -DOPENSSL_PIC -DOPENSSLDIR="\"/opt/ossl-static/ssl\"" -DENGINESDIR="\"/opt/ossl-static/lib/engines-3\"" -DMODULESDIR="\"/opt/ossl-static/lib/ossl-modules\"" -DOPENSSL_BUILDING_OPENSSL -DNDEBUG  -MMD -MF crypto/x509/libcrypto-lib-v3_utf8.d.tmp -MT crypto/x509/libcrypto-lib-v3_utf8.o -c -o crypto/x509/libcrypto-lib-v3_utf8.o crypto/x509/v3_utf8.c
gcc  -I. -Iinclude -Iproviders/common/include -Iproviders/implementations/include  -DBSAES_ASM -DECP_NISTZ256_ASM -DECP_SM2P256_ASM -DKECCAK1600_ASM -DMD5_ASM -DOPENSSL_BN_ASM_MONT -DOPENSSL_CPUID_OBJ -DOPENSSL_SM3_ASM -DPOLY1305_ASM -DSHA1_ASM -DSHA256_ASM -DSHA512_ASM -DSM4_ASM -DVPAES_ASM -DVPSM4_ASM -fPIC -pthread -Wa,--noexecstack -Wall -O3 -DOPENSSL_USE_NODELETE -DOPENSSL_PIC -DOPENSSLDIR="\"/opt/ossl-static/ssl\"" -DENGINESDIR="\"/opt/ossl-static/lib/engines-3\"" -DMODULESDIR="\"/opt/ossl-static/lib/ossl-modules\"" -DOPENSSL_BUILDING_OPENSSL -DNDEBUG  -MMD -MF crypto/x509/libcrypto-lib-v3_utl.d.tmp -MT crypto/x509/libcrypto-lib-v3_utl.o -c -o crypto/x509/libcrypto-lib-v3_utl.o crypto/x509/v3_utl.c
gcc  -I. -Iinclude -Iproviders/common/include -Iproviders/implementations/include  -DBSAES_ASM -DECP_NISTZ256_ASM -DECP_SM2P256_ASM -DKECCAK1600_ASM -DMD5_ASM -DOPENSSL_BN_ASM_MONT -DOPENSSL_CPUID_OBJ -DOPENSSL_SM3_ASM -DPOLY1305_ASM -DSHA1_ASM -DSHA256_ASM -DSHA512_ASM -DSM4_ASM -DVPAES_ASM -DVPSM4_ASM -fPIC -pthread -Wa,--noexecstack -Wall -O3 -DOPENSSL_USE_NODELETE -DOPENSSL_PIC -DOPENSSLDIR="\"/opt/ossl-static/ssl\"" -DENGINESDIR="\"/opt/ossl-static/lib/engines-3\"" -DMODULESDIR="\"/opt/ossl-static/lib/ossl-modules\"" -DOPENSSL_BUILDING_OPENSSL -DNDEBUG  -MMD -MF crypto/x509/libcrypto-lib-v3err.d.tmp -MT crypto/x509/libcrypto-lib-v3err.o -c -o crypto/x509/libcrypto-lib-v3err.o crypto/x509/v3err.c
gcc  -I. -Iinclude -Iproviders/common/include -Iproviders/implementations/include  -DBSAES_ASM -DECP_NISTZ256_ASM -DECP_SM2P256_ASM -DKECCAK1600_ASM -DMD5_ASM -DOPENSSL_BN_ASM_MONT -DOPENSSL_CPUID_OBJ -DOPENSSL_SM3_ASM -DPOLY1305_ASM -DSHA1_ASM -DSHA256_ASM -DSHA512_ASM -DSM4_ASM -DVPAES_ASM -DVPSM4_ASM -fPIC -pthread -Wa,--noexecstack -Wall -O3 -DOPENSSL_USE_NODELETE -DOPENSSL_PIC -DOPENSSLDIR="\"/opt/ossl-static/ssl\"" -DENGINESDIR="\"/opt/ossl-static/lib/engines-3\"" -DMODULESDIR="\"/opt/ossl-static/lib/ossl-modules\"" -DOPENSSL_BUILDING_OPENSSL -DNDEBUG  -MMD -MF crypto/x509/libcrypto-lib-x509_att.d.tmp -MT crypto/x509/libcrypto-lib-x509_att.o -c -o crypto/x509/libcrypto-lib-x509_att.o crypto/x509/x509_att.c
gcc  -I. -Iinclude -Iproviders/common/include -Iproviders/implementations/include  -DBSAES_ASM -DECP_NISTZ256_ASM -DECP_SM2P256_ASM -DKECCAK1600_ASM -DMD5_ASM -DOPENSSL_BN_ASM_MONT -DOPENSSL_CPUID_OBJ -DOPENSSL_SM3_ASM -DPOLY1305_ASM -DSHA1_ASM -DSHA256_ASM -DSHA512_ASM -DSM4_ASM -DVPAES_ASM -DVPSM4_ASM -fPIC -pthread -Wa,--noexecstack -Wall -O3 -DOPENSSL_USE_NODELETE -DOPENSSL_PIC -DOPENSSLDIR="\"/opt/ossl-static/ssl\"" -DENGINESDIR="\"/opt/ossl-static/lib/engines-3\"" -DMODULESDIR="\"/opt/ossl-static/lib/ossl-modules\"" -DOPENSSL_BUILDING_OPENSSL -DNDEBUG  -MMD -MF crypto/x509/libcrypto-lib-x509_cmp.d.tmp -MT crypto/x509/libcrypto-lib-x509_cmp.o -c -o crypto/x509/libcrypto-lib-x509_cmp.o crypto/x509/x509_cmp.c
gcc  -I. -Iinclude -Iproviders/common/include -Iproviders/implementations/include  -DBSAES_ASM -DECP_NISTZ256_ASM -DECP_SM2P256_ASM -DKECCAK1600_ASM -DMD5_ASM -DOPENSSL_BN_ASM_MONT -DOPENSSL_CPUID_OBJ -DOPENSSL_SM3_ASM -DPOLY1305_ASM -DSHA1_ASM -DSHA256_ASM -DSHA512_ASM -DSM4_ASM -DVPAES_ASM -DVPSM4_ASM -fPIC -pthread -Wa,--noexecstack -Wall -O3 -DOPENSSL_USE_NODELETE -DOPENSSL_PIC -DOPENSSLDIR="\"/opt/ossl-static/ssl\"" -DENGINESDIR="\"/opt/ossl-static/lib/engines-3\"" -DMODULESDIR="\"/opt/ossl-static/lib/ossl-modules\"" -DOPENSSL_BUILDING_OPENSSL -DNDEBUG  -MMD -MF crypto/x509/libcrypto-lib-x509_d2.d.tmp -MT crypto/x509/libcrypto-lib-x509_d2.o -c -o crypto/x509/libcrypto-lib-x509_d2.o crypto/x509/x509_d2.c
gcc  -I. -Iinclude -Iproviders/common/include -Iproviders/implementations/include  -DBSAES_ASM -DECP_NISTZ256_ASM -DECP_SM2P256_ASM -DKECCAK1600_ASM -DMD5_ASM -DOPENSSL_BN_ASM_MONT -DOPENSSL_CPUID_OBJ -DOPENSSL_SM3_ASM -DPOLY1305_ASM -DSHA1_ASM -DSHA256_ASM -DSHA512_ASM -DSM4_ASM -DVPAES_ASM -DVPSM4_ASM -fPIC -pthread -Wa,--noexecstack -Wall -O3 -DOPENSSL_USE_NODELETE -DOPENSSL_PIC -DOPENSSLDIR="\"/opt/ossl-static/ssl\"" -DENGINESDIR="\"/opt/ossl-static/lib/engines-3\"" -DMODULESDIR="\"/opt/ossl-static/lib/ossl-modules\"" -DOPENSSL_BUILDING_OPENSSL -DNDEBUG  -MMD -MF crypto/x509/libcrypto-lib-x509_def.d.tmp -MT crypto/x509/libcrypto-lib-x509_def.o -c -o crypto/x509/libcrypto-lib-x509_def.o crypto/x509/x509_def.c
gcc  -I. -Iinclude -Iproviders/common/include -Iproviders/implementations/include  -DBSAES_ASM -DECP_NISTZ256_ASM -DECP_SM2P256_ASM -DKECCAK1600_ASM -DMD5_ASM -DOPENSSL_BN_ASM_MONT -DOPENSSL_CPUID_OBJ -DOPENSSL_SM3_ASM -DPOLY1305_ASM -DSHA1_ASM -DSHA256_ASM -DSHA512_ASM -DSM4_ASM -DVPAES_ASM -DVPSM4_ASM -fPIC -pthread -Wa,--noexecstack -Wall -O3 -DOPENSSL_USE_NODELETE -DOPENSSL_PIC -DOPENSSLDIR="\"/opt/ossl-static/ssl\"" -DENGINESDIR="\"/opt/ossl-static/lib/engines-3\"" -DMODULESDIR="\"/opt/ossl-static/lib/ossl-modules\"" -DOPENSSL_BUILDING_OPENSSL -DNDEBUG  -MMD -MF crypto/x509/libcrypto-lib-x509_err.d.tmp -MT crypto/x509/libcrypto-lib-x509_err.o -c -o crypto/x509/libcrypto-lib-x509_err.o crypto/x509/x509_err.c
gcc  -I. -Iinclude -Iproviders/common/include -Iproviders/implementations/include  -DBSAES_ASM -DECP_NISTZ256_ASM -DECP_SM2P256_ASM -DKECCAK1600_ASM -DMD5_ASM -DOPENSSL_BN_ASM_MONT -DOPENSSL_CPUID_OBJ -DOPENSSL_SM3_ASM -DPOLY1305_ASM -DSHA1_ASM -DSHA256_ASM -DSHA512_ASM -DSM4_ASM -DVPAES_ASM -DVPSM4_ASM -fPIC -pthread -Wa,--noexecstack -Wall -O3 -DOPENSSL_USE_NODELETE -DOPENSSL_PIC -DOPENSSLDIR="\"/opt/ossl-static/ssl\"" -DENGINESDIR="\"/opt/ossl-static/lib/engines-3\"" -DMODULESDIR="\"/opt/ossl-static/lib/ossl-modules\"" -DOPENSSL_BUILDING_OPENSSL -DNDEBUG  -MMD -MF crypto/x509/libcrypto-lib-x509_ext.d.tmp -MT crypto/x509/libcrypto-lib-x509_ext.o -c -o crypto/x509/libcrypto-lib-x509_ext.o crypto/x509/x509_ext.c
gcc  -I. -Iinclude -Iproviders/common/include -Iproviders/implementations/include  -DBSAES_ASM -DECP_NISTZ256_ASM -DECP_SM2P256_ASM -DKECCAK1600_ASM -DMD5_ASM -DOPENSSL_BN_ASM_MONT -DOPENSSL_CPUID_OBJ -DOPENSSL_SM3_ASM -DPOLY1305_ASM -DSHA1_ASM -DSHA256_ASM -DSHA512_ASM -DSM4_ASM -DVPAES_ASM -DVPSM4_ASM -fPIC -pthread -Wa,--noexecstack -Wall -O3 -DOPENSSL_USE_NODELETE -DOPENSSL_PIC -DOPENSSLDIR="\"/opt/ossl-static/ssl\"" -DENGINESDIR="\"/opt/ossl-static/lib/engines-3\"" -DMODULESDIR="\"/opt/ossl-static/lib/ossl-modules\"" -DOPENSSL_BUILDING_OPENSSL -DNDEBUG  -MMD -MF crypto/x509/libcrypto-lib-x509_lu.d.tmp -MT crypto/x509/libcrypto-lib-x509_lu.o -c -o crypto/x509/libcrypto-lib-x509_lu.o crypto/x509/x509_lu.c
gcc  -I. -Iinclude -Iproviders/common/include -Iproviders/implementations/include  -DBSAES_ASM -DECP_NISTZ256_ASM -DECP_SM2P256_ASM -DKECCAK1600_ASM -DMD5_ASM -DOPENSSL_BN_ASM_MONT -DOPENSSL_CPUID_OBJ -DOPENSSL_SM3_ASM -DPOLY1305_ASM -DSHA1_ASM -DSHA256_ASM -DSHA512_ASM -DSM4_ASM -DVPAES_ASM -DVPSM4_ASM -fPIC -pthread -Wa,--noexecstack -Wall -O3 -DOPENSSL_USE_NODELETE -DOPENSSL_PIC -DOPENSSLDIR="\"/opt/ossl-static/ssl\"" -DENGINESDIR="\"/opt/ossl-static/lib/engines-3\"" -DMODULESDIR="\"/opt/ossl-static/lib/ossl-modules\"" -DOPENSSL_BUILDING_OPENSSL -DNDEBUG  -MMD -MF crypto/x509/libcrypto-lib-x509_meth.d.tmp -MT crypto/x509/libcrypto-lib-x509_meth.o -c -o crypto/x509/libcrypto-lib-x509_meth.o crypto/x509/x509_meth.c
gcc  -I. -Iinclude -Iproviders/common/include -Iproviders/implementations/include  -DBSAES_ASM -DECP_NISTZ256_ASM -DECP_SM2P256_ASM -DKECCAK1600_ASM -DMD5_ASM -DOPENSSL_BN_ASM_MONT -DOPENSSL_CPUID_OBJ -DOPENSSL_SM3_ASM -DPOLY1305_ASM -DSHA1_ASM -DSHA256_ASM -DSHA512_ASM -DSM4_ASM -DVPAES_ASM -DVPSM4_ASM -fPIC -pthread -Wa,--noexecstack -Wall -O3 -DOPENSSL_USE_NODELETE -DOPENSSL_PIC -DOPENSSLDIR="\"/opt/ossl-static/ssl\"" -DENGINESDIR="\"/opt/ossl-static/lib/engines-3\"" -DMODULESDIR="\"/opt/ossl-static/lib/ossl-modules\"" -DOPENSSL_BUILDING_OPENSSL -DNDEBUG  -MMD -MF crypto/x509/libcrypto-lib-x509_obj.d.tmp -MT crypto/x509/libcrypto-lib-x509_obj.o -c -o crypto/x509/libcrypto-lib-x509_obj.o crypto/x509/x509_obj.c
gcc  -I. -Iinclude -Iproviders/common/include -Iproviders/implementations/include  -DBSAES_ASM -DECP_NISTZ256_ASM -DECP_SM2P256_ASM -DKECCAK1600_ASM -DMD5_ASM -DOPENSSL_BN_ASM_MONT -DOPENSSL_CPUID_OBJ -DOPENSSL_SM3_ASM -DPOLY1305_ASM -DSHA1_ASM -DSHA256_ASM -DSHA512_ASM -DSM4_ASM -DVPAES_ASM -DVPSM4_ASM -fPIC -pthread -Wa,--noexecstack -Wall -O3 -DOPENSSL_USE_NODELETE -DOPENSSL_PIC -DOPENSSLDIR="\"/opt/ossl-static/ssl\"" -DENGINESDIR="\"/opt/ossl-static/lib/engines-3\"" -DMODULESDIR="\"/opt/ossl-static/lib/ossl-modules\"" -DOPENSSL_BUILDING_OPENSSL -DNDEBUG  -MMD -MF crypto/x509/libcrypto-lib-x509_r2x.d.tmp -MT crypto/x509/libcrypto-lib-x509_r2x.o -c -o crypto/x509/libcrypto-lib-x509_r2x.o crypto/x509/x509_r2x.c
gcc  -I. -Iinclude -Iproviders/common/include -Iproviders/implementations/include  -DBSAES_ASM -DECP_NISTZ256_ASM -DECP_SM2P256_ASM -DKECCAK1600_ASM -DMD5_ASM -DOPENSSL_BN_ASM_MONT -DOPENSSL_CPUID_OBJ -DOPENSSL_SM3_ASM -DPOLY1305_ASM -DSHA1_ASM -DSHA256_ASM -DSHA512_ASM -DSM4_ASM -DVPAES_ASM -DVPSM4_ASM -fPIC -pthread -Wa,--noexecstack -Wall -O3 -DOPENSSL_USE_NODELETE -DOPENSSL_PIC -DOPENSSLDIR="\"/opt/ossl-static/ssl\"" -DENGINESDIR="\"/opt/ossl-static/lib/engines-3\"" -DMODULESDIR="\"/opt/ossl-static/lib/ossl-modules\"" -DOPENSSL_BUILDING_OPENSSL -DNDEBUG  -MMD -MF crypto/x509/libcrypto-lib-x509_req.d.tmp -MT crypto/x509/libcrypto-lib-x509_req.o -c -o crypto/x509/libcrypto-lib-x509_req.o crypto/x509/x509_req.c
gcc  -I. -Iinclude -Iproviders/common/include -Iproviders/implementations/include  -DBSAES_ASM -DECP_NISTZ256_ASM -DECP_SM2P256_ASM -DKECCAK1600_ASM -DMD5_ASM -DOPENSSL_BN_ASM_MONT -DOPENSSL_CPUID_OBJ -DOPENSSL_SM3_ASM -DPOLY1305_ASM -DSHA1_ASM -DSHA256_ASM -DSHA512_ASM -DSM4_ASM -DVPAES_ASM -DVPSM4_ASM -fPIC -pthread -Wa,--noexecstack -Wall -O3 -DOPENSSL_USE_NODELETE -DOPENSSL_PIC -DOPENSSLDIR="\"/opt/ossl-static/ssl\"" -DENGINESDIR="\"/opt/ossl-static/lib/engines-3\"" -DMODULESDIR="\"/opt/ossl-static/lib/ossl-modules\"" -DOPENSSL_BUILDING_OPENSSL -DNDEBUG  -MMD -MF crypto/x509/libcrypto-lib-x509_set.d.tmp -MT crypto/x509/libcrypto-lib-x509_set.o -c -o crypto/x509/libcrypto-lib-x509_set.o crypto/x509/x509_set.c
gcc  -I. -Iinclude -Iproviders/common/include -Iproviders/implementations/include  -DBSAES_ASM -DECP_NISTZ256_ASM -DECP_SM2P256_ASM -DKECCAK1600_ASM -DMD5_ASM -DOPENSSL_BN_ASM_MONT -DOPENSSL_CPUID_OBJ -DOPENSSL_SM3_ASM -DPOLY1305_ASM -DSHA1_ASM -DSHA256_ASM -DSHA512_ASM -DSM4_ASM -DVPAES_ASM -DVPSM4_ASM -fPIC -pthread -Wa,--noexecstack -Wall -O3 -DOPENSSL_USE_NODELETE -DOPENSSL_PIC -DOPENSSLDIR="\"/opt/ossl-static/ssl\"" -DENGINESDIR="\"/opt/ossl-static/lib/engines-3\"" -DMODULESDIR="\"/opt/ossl-static/lib/ossl-modules\"" -DOPENSSL_BUILDING_OPENSSL -DNDEBUG  -MMD -MF crypto/x509/libcrypto-lib-x509_trust.d.tmp -MT crypto/x509/libcrypto-lib-x509_trust.o -c -o crypto/x509/libcrypto-lib-x509_trust.o crypto/x509/x509_trust.c
gcc  -I. -Iinclude -Iproviders/common/include -Iproviders/implementations/include  -DBSAES_ASM -DECP_NISTZ256_ASM -DECP_SM2P256_ASM -DKECCAK1600_ASM -DMD5_ASM -DOPENSSL_BN_ASM_MONT -DOPENSSL_CPUID_OBJ -DOPENSSL_SM3_ASM -DPOLY1305_ASM -DSHA1_ASM -DSHA256_ASM -DSHA512_ASM -DSM4_ASM -DVPAES_ASM -DVPSM4_ASM -fPIC -pthread -Wa,--noexecstack -Wall -O3 -DOPENSSL_USE_NODELETE -DOPENSSL_PIC -DOPENSSLDIR="\"/opt/ossl-static/ssl\"" -DENGINESDIR="\"/opt/ossl-static/lib/engines-3\"" -DMODULESDIR="\"/opt/ossl-static/lib/ossl-modules\"" -DOPENSSL_BUILDING_OPENSSL -DNDEBUG  -MMD -MF crypto/x509/libcrypto-lib-x509_txt.d.tmp -MT crypto/x509/libcrypto-lib-x509_txt.o -c -o crypto/x509/libcrypto-lib-x509_txt.o crypto/x509/x509_txt.c
gcc  -I. -Iinclude -Iproviders/common/include -Iproviders/implementations/include  -DBSAES_ASM -DECP_NISTZ256_ASM -DECP_SM2P256_ASM -DKECCAK1600_ASM -DMD5_ASM -DOPENSSL_BN_ASM_MONT -DOPENSSL_CPUID_OBJ -DOPENSSL_SM3_ASM -DPOLY1305_ASM -DSHA1_ASM -DSHA256_ASM -DSHA512_ASM -DSM4_ASM -DVPAES_ASM -DVPSM4_ASM -fPIC -pthread -Wa,--noexecstack -Wall -O3 -DOPENSSL_USE_NODELETE -DOPENSSL_PIC -DOPENSSLDIR="\"/opt/ossl-static/ssl\"" -DENGINESDIR="\"/opt/ossl-static/lib/engines-3\"" -DMODULESDIR="\"/opt/ossl-static/lib/ossl-modules\"" -DOPENSSL_BUILDING_OPENSSL -DNDEBUG  -MMD -MF crypto/x509/libcrypto-lib-x509_v3.d.tmp -MT crypto/x509/libcrypto-lib-x509_v3.o -c -o crypto/x509/libcrypto-lib-x509_v3.o crypto/x509/x509_v3.c
gcc  -I. -Iinclude -Iproviders/common/include -Iproviders/implementations/include  -DBSAES_ASM -DECP_NISTZ256_ASM -DECP_SM2P256_ASM -DKECCAK1600_ASM -DMD5_ASM -DOPENSSL_BN_ASM_MONT -DOPENSSL_CPUID_OBJ -DOPENSSL_SM3_ASM -DPOLY1305_ASM -DSHA1_ASM -DSHA256_ASM -DSHA512_ASM -DSM4_ASM -DVPAES_ASM -DVPSM4_ASM -fPIC -pthread -Wa,--noexecstack -Wall -O3 -DOPENSSL_USE_NODELETE -DOPENSSL_PIC -DOPENSSLDIR="\"/opt/ossl-static/ssl\"" -DENGINESDIR="\"/opt/ossl-static/lib/engines-3\"" -DMODULESDIR="\"/opt/ossl-static/lib/ossl-modules\"" -DOPENSSL_BUILDING_OPENSSL -DNDEBUG  -MMD -MF crypto/x509/libcrypto-lib-x509_vfy.d.tmp -MT crypto/x509/libcrypto-lib-x509_vfy.o -c -o crypto/x509/libcrypto-lib-x509_vfy.o crypto/x509/x509_vfy.c
gcc  -I. -Iinclude -Iproviders/common/include -Iproviders/implementations/include  -DBSAES_ASM -DECP_NISTZ256_ASM -DECP_SM2P256_ASM -DKECCAK1600_ASM -DMD5_ASM -DOPENSSL_BN_ASM_MONT -DOPENSSL_CPUID_OBJ -DOPENSSL_SM3_ASM -DPOLY1305_ASM -DSHA1_ASM -DSHA256_ASM -DSHA512_ASM -DSM4_ASM -DVPAES_ASM -DVPSM4_ASM -fPIC -pthread -Wa,--noexecstack -Wall -O3 -DOPENSSL_USE_NODELETE -DOPENSSL_PIC -DOPENSSLDIR="\"/opt/ossl-static/ssl\"" -DENGINESDIR="\"/opt/ossl-static/lib/engines-3\"" -DMODULESDIR="\"/opt/ossl-static/lib/ossl-modules\"" -DOPENSSL_BUILDING_OPENSSL -DNDEBUG  -MMD -MF crypto/x509/libcrypto-lib-x509_vpm.d.tmp -MT crypto/x509/libcrypto-lib-x509_vpm.o -c -o crypto/x509/libcrypto-lib-x509_vpm.o crypto/x509/x509_vpm.c
gcc  -I. -Iinclude -Iproviders/common/include -Iproviders/implementations/include  -DBSAES_ASM -DECP_NISTZ256_ASM -DECP_SM2P256_ASM -DKECCAK1600_ASM -DMD5_ASM -DOPENSSL_BN_ASM_MONT -DOPENSSL_CPUID_OBJ -DOPENSSL_SM3_ASM -DPOLY1305_ASM -DSHA1_ASM -DSHA256_ASM -DSHA512_ASM -DSM4_ASM -DVPAES_ASM -DVPSM4_ASM -fPIC -pthread -Wa,--noexecstack -Wall -O3 -DOPENSSL_USE_NODELETE -DOPENSSL_PIC -DOPENSSLDIR="\"/opt/ossl-static/ssl\"" -DENGINESDIR="\"/opt/ossl-static/lib/engines-3\"" -DMODULESDIR="\"/opt/ossl-static/lib/ossl-modules\"" -DOPENSSL_BUILDING_OPENSSL -DNDEBUG  -MMD -MF crypto/x509/libcrypto-lib-x509cset.d.tmp -MT crypto/x509/libcrypto-lib-x509cset.o -c -o crypto/x509/libcrypto-lib-x509cset.o crypto/x509/x509cset.c
gcc  -I. -Iinclude -Iproviders/common/include -Iproviders/implementations/include  -DBSAES_ASM -DECP_NISTZ256_ASM -DECP_SM2P256_ASM -DKECCAK1600_ASM -DMD5_ASM -DOPENSSL_BN_ASM_MONT -DOPENSSL_CPUID_OBJ -DOPENSSL_SM3_ASM -DPOLY1305_ASM -DSHA1_ASM -DSHA256_ASM -DSHA512_ASM -DSM4_ASM -DVPAES_ASM -DVPSM4_ASM -fPIC -pthread -Wa,--noexecstack -Wall -O3 -DOPENSSL_USE_NODELETE -DOPENSSL_PIC -DOPENSSLDIR="\"/opt/ossl-static/ssl\"" -DENGINESDIR="\"/opt/ossl-static/lib/engines-3\"" -DMODULESDIR="\"/opt/ossl-static/lib/ossl-modules\"" -DOPENSSL_BUILDING_OPENSSL -DNDEBUG  -MMD -MF crypto/x509/libcrypto-lib-x509name.d.tmp -MT crypto/x509/libcrypto-lib-x509name.o -c -o crypto/x509/libcrypto-lib-x509name.o crypto/x509/x509name.c
gcc  -I. -Iinclude -Iproviders/common/include -Iproviders/implementations/include  -DBSAES_ASM -DECP_NISTZ256_ASM -DECP_SM2P256_ASM -DKECCAK1600_ASM -DMD5_ASM -DOPENSSL_BN_ASM_MONT -DOPENSSL_CPUID_OBJ -DOPENSSL_SM3_ASM -DPOLY1305_ASM -DSHA1_ASM -DSHA256_ASM -DSHA512_ASM -DSM4_ASM -DVPAES_ASM -DVPSM4_ASM -fPIC -pthread -Wa,--noexecstack -Wall -O3 -DOPENSSL_USE_NODELETE -DOPENSSL_PIC -DOPENSSLDIR="\"/opt/ossl-static/ssl\"" -DENGINESDIR="\"/opt/ossl-static/lib/engines-3\"" -DMODULESDIR="\"/opt/ossl-static/lib/ossl-modules\"" -DOPENSSL_BUILDING_OPENSSL -DNDEBUG  -MMD -MF crypto/x509/libcrypto-lib-x509rset.d.tmp -MT crypto/x509/libcrypto-lib-x509rset.o -c -o crypto/x509/libcrypto-lib-x509rset.o crypto/x509/x509rset.c
gcc  -I. -Iinclude -Iproviders/common/include -Iproviders/implementations/include  -DBSAES_ASM -DECP_NISTZ256_ASM -DECP_SM2P256_ASM -DKECCAK1600_ASM -DMD5_ASM -DOPENSSL_BN_ASM_MONT -DOPENSSL_CPUID_OBJ -DOPENSSL_SM3_ASM -DPOLY1305_ASM -DSHA1_ASM -DSHA256_ASM -DSHA512_ASM -DSM4_ASM -DVPAES_ASM -DVPSM4_ASM -fPIC -pthread -Wa,--noexecstack -Wall -O3 -DOPENSSL_USE_NODELETE -DOPENSSL_PIC -DOPENSSLDIR="\"/opt/ossl-static/ssl\"" -DENGINESDIR="\"/opt/ossl-static/lib/engines-3\"" -DMODULESDIR="\"/opt/ossl-static/lib/ossl-modules\"" -DOPENSSL_BUILDING_OPENSSL -DNDEBUG  -MMD -MF crypto/x509/libcrypto-lib-x509spki.d.tmp -MT crypto/x509/libcrypto-lib-x509spki.o -c -o crypto/x509/libcrypto-lib-x509spki.o crypto/x509/x509spki.c
gcc  -I. -Iinclude -Iproviders/common/include -Iproviders/implementations/include  -DBSAES_ASM -DECP_NISTZ256_ASM -DECP_SM2P256_ASM -DKECCAK1600_ASM -DMD5_ASM -DOPENSSL_BN_ASM_MONT -DOPENSSL_CPUID_OBJ -DOPENSSL_SM3_ASM -DPOLY1305_ASM -DSHA1_ASM -DSHA256_ASM -DSHA512_ASM -DSM4_ASM -DVPAES_ASM -DVPSM4_ASM -fPIC -pthread -Wa,--noexecstack -Wall -O3 -DOPENSSL_USE_NODELETE -DOPENSSL_PIC -DOPENSSLDIR="\"/opt/ossl-static/ssl\"" -DENGINESDIR="\"/opt/ossl-static/lib/engines-3\"" -DMODULESDIR="\"/opt/ossl-static/lib/ossl-modules\"" -DOPENSSL_BUILDING_OPENSSL -DNDEBUG  -MMD -MF crypto/x509/libcrypto-lib-x509type.d.tmp -MT crypto/x509/libcrypto-lib-x509type.o -c -o crypto/x509/libcrypto-lib-x509type.o crypto/x509/x509type.c
gcc  -I. -Iinclude -Iproviders/common/include -Iproviders/implementations/include  -DBSAES_ASM -DECP_NISTZ256_ASM -DECP_SM2P256_ASM -DKECCAK1600_ASM -DMD5_ASM -DOPENSSL_BN_ASM_MONT -DOPENSSL_CPUID_OBJ -DOPENSSL_SM3_ASM -DPOLY1305_ASM -DSHA1_ASM -DSHA256_ASM -DSHA512_ASM -DSM4_ASM -DVPAES_ASM -DVPSM4_ASM -fPIC -pthread -Wa,--noexecstack -Wall -O3 -DOPENSSL_USE_NODELETE -DOPENSSL_PIC -DOPENSSLDIR="\"/opt/ossl-static/ssl\"" -DENGINESDIR="\"/opt/ossl-static/lib/engines-3\"" -DMODULESDIR="\"/opt/ossl-static/lib/ossl-modules\"" -DOPENSSL_BUILDING_OPENSSL -DNDEBUG  -MMD -MF crypto/x509/libcrypto-lib-x_all.d.tmp -MT crypto/x509/libcrypto-lib-x_all.o -c -o crypto/x509/libcrypto-lib-x_all.o crypto/x509/x_all.c
gcc  -I. -Iinclude -Iproviders/common/include -Iproviders/implementations/include  -DBSAES_ASM -DECP_NISTZ256_ASM -DECP_SM2P256_ASM -DKECCAK1600_ASM -DMD5_ASM -DOPENSSL_BN_ASM_MONT -DOPENSSL_CPUID_OBJ -DOPENSSL_SM3_ASM -DPOLY1305_ASM -DSHA1_ASM -DSHA256_ASM -DSHA512_ASM -DSM4_ASM -DVPAES_ASM -DVPSM4_ASM -fPIC -pthread -Wa,--noexecstack -Wall -O3 -DOPENSSL_USE_NODELETE -DOPENSSL_PIC -DOPENSSLDIR="\"/opt/ossl-static/ssl\"" -DENGINESDIR="\"/opt/ossl-static/lib/engines-3\"" -DMODULESDIR="\"/opt/ossl-static/lib/ossl-modules\"" -DOPENSSL_BUILDING_OPENSSL -DNDEBUG  -MMD -MF crypto/x509/libcrypto-lib-x_attrib.d.tmp -MT crypto/x509/libcrypto-lib-x_attrib.o -c -o crypto/x509/libcrypto-lib-x_attrib.o crypto/x509/x_attrib.c
gcc  -I. -Iinclude -Iproviders/common/include -Iproviders/implementations/include  -DBSAES_ASM -DECP_NISTZ256_ASM -DECP_SM2P256_ASM -DKECCAK1600_ASM -DMD5_ASM -DOPENSSL_BN_ASM_MONT -DOPENSSL_CPUID_OBJ -DOPENSSL_SM3_ASM -DPOLY1305_ASM -DSHA1_ASM -DSHA256_ASM -DSHA512_ASM -DSM4_ASM -DVPAES_ASM -DVPSM4_ASM -fPIC -pthread -Wa,--noexecstack -Wall -O3 -DOPENSSL_USE_NODELETE -DOPENSSL_PIC -DOPENSSLDIR="\"/opt/ossl-static/ssl\"" -DENGINESDIR="\"/opt/ossl-static/lib/engines-3\"" -DMODULESDIR="\"/opt/ossl-static/lib/ossl-modules\"" -DOPENSSL_BUILDING_OPENSSL -DNDEBUG  -MMD -MF crypto/x509/libcrypto-lib-x_crl.d.tmp -MT crypto/x509/libcrypto-lib-x_crl.o -c -o crypto/x509/libcrypto-lib-x_crl.o crypto/x509/x_crl.c
gcc  -I. -Iinclude -Iproviders/common/include -Iproviders/implementations/include  -DBSAES_ASM -DECP_NISTZ256_ASM -DECP_SM2P256_ASM -DKECCAK1600_ASM -DMD5_ASM -DOPENSSL_BN_ASM_MONT -DOPENSSL_CPUID_OBJ -DOPENSSL_SM3_ASM -DPOLY1305_ASM -DSHA1_ASM -DSHA256_ASM -DSHA512_ASM -DSM4_ASM -DVPAES_ASM -DVPSM4_ASM -fPIC -pthread -Wa,--noexecstack -Wall -O3 -DOPENSSL_USE_NODELETE -DOPENSSL_PIC -DOPENSSLDIR="\"/opt/ossl-static/ssl\"" -DENGINESDIR="\"/opt/ossl-static/lib/engines-3\"" -DMODULESDIR="\"/opt/ossl-static/lib/ossl-modules\"" -DOPENSSL_BUILDING_OPENSSL -DNDEBUG  -MMD -MF crypto/x509/libcrypto-lib-x_exten.d.tmp -MT crypto/x509/libcrypto-lib-x_exten.o -c -o crypto/x509/libcrypto-lib-x_exten.o crypto/x509/x_exten.c
gcc  -I. -Iinclude -Iproviders/common/include -Iproviders/implementations/include  -DBSAES_ASM -DECP_NISTZ256_ASM -DECP_SM2P256_ASM -DKECCAK1600_ASM -DMD5_ASM -DOPENSSL_BN_ASM_MONT -DOPENSSL_CPUID_OBJ -DOPENSSL_SM3_ASM -DPOLY1305_ASM -DSHA1_ASM -DSHA256_ASM -DSHA512_ASM -DSM4_ASM -DVPAES_ASM -DVPSM4_ASM -fPIC -pthread -Wa,--noexecstack -Wall -O3 -DOPENSSL_USE_NODELETE -DOPENSSL_PIC -DOPENSSLDIR="\"/opt/ossl-static/ssl\"" -DENGINESDIR="\"/opt/ossl-static/lib/engines-3\"" -DMODULESDIR="\"/opt/ossl-static/lib/ossl-modules\"" -DOPENSSL_BUILDING_OPENSSL -DNDEBUG  -MMD -MF crypto/x509/libcrypto-lib-x_name.d.tmp -MT crypto/x509/libcrypto-lib-x_name.o -c -o crypto/x509/libcrypto-lib-x_name.o crypto/x509/x_name.c
gcc  -I. -Iinclude -Iproviders/common/include -Iproviders/implementations/include  -DBSAES_ASM -DECP_NISTZ256_ASM -DECP_SM2P256_ASM -DKECCAK1600_ASM -DMD5_ASM -DOPENSSL_BN_ASM_MONT -DOPENSSL_CPUID_OBJ -DOPENSSL_SM3_ASM -DPOLY1305_ASM -DSHA1_ASM -DSHA256_ASM -DSHA512_ASM -DSM4_ASM -DVPAES_ASM -DVPSM4_ASM -fPIC -pthread -Wa,--noexecstack -Wall -O3 -DOPENSSL_USE_NODELETE -DOPENSSL_PIC -DOPENSSLDIR="\"/opt/ossl-static/ssl\"" -DENGINESDIR="\"/opt/ossl-static/lib/engines-3\"" -DMODULESDIR="\"/opt/ossl-static/lib/ossl-modules\"" -DOPENSSL_BUILDING_OPENSSL -DNDEBUG  -MMD -MF crypto/x509/libcrypto-lib-x_pubkey.d.tmp -MT crypto/x509/libcrypto-lib-x_pubkey.o -c -o crypto/x509/libcrypto-lib-x_pubkey.o crypto/x509/x_pubkey.c
gcc  -I. -Iinclude -Iproviders/common/include -Iproviders/implementations/include  -DBSAES_ASM -DECP_NISTZ256_ASM -DECP_SM2P256_ASM -DKECCAK1600_ASM -DMD5_ASM -DOPENSSL_BN_ASM_MONT -DOPENSSL_CPUID_OBJ -DOPENSSL_SM3_ASM -DPOLY1305_ASM -DSHA1_ASM -DSHA256_ASM -DSHA512_ASM -DSM4_ASM -DVPAES_ASM -DVPSM4_ASM -fPIC -pthread -Wa,--noexecstack -Wall -O3 -DOPENSSL_USE_NODELETE -DOPENSSL_PIC -DOPENSSLDIR="\"/opt/ossl-static/ssl\"" -DENGINESDIR="\"/opt/ossl-static/lib/engines-3\"" -DMODULESDIR="\"/opt/ossl-static/lib/ossl-modules\"" -DOPENSSL_BUILDING_OPENSSL -DNDEBUG  -MMD -MF crypto/x509/libcrypto-lib-x_req.d.tmp -MT crypto/x509/libcrypto-lib-x_req.o -c -o crypto/x509/libcrypto-lib-x_req.o crypto/x509/x_req.c
gcc  -I. -Iinclude -Iproviders/common/include -Iproviders/implementations/include  -DBSAES_ASM -DECP_NISTZ256_ASM -DECP_SM2P256_ASM -DKECCAK1600_ASM -DMD5_ASM -DOPENSSL_BN_ASM_MONT -DOPENSSL_CPUID_OBJ -DOPENSSL_SM3_ASM -DPOLY1305_ASM -DSHA1_ASM -DSHA256_ASM -DSHA512_ASM -DSM4_ASM -DVPAES_ASM -DVPSM4_ASM -fPIC -pthread -Wa,--noexecstack -Wall -O3 -DOPENSSL_USE_NODELETE -DOPENSSL_PIC -DOPENSSLDIR="\"/opt/ossl-static/ssl\"" -DENGINESDIR="\"/opt/ossl-static/lib/engines-3\"" -DMODULESDIR="\"/opt/ossl-static/lib/ossl-modules\"" -DOPENSSL_BUILDING_OPENSSL -DNDEBUG  -MMD -MF crypto/x509/libcrypto-lib-x_x509.d.tmp -MT crypto/x509/libcrypto-lib-x_x509.o -c -o crypto/x509/libcrypto-lib-x_x509.o crypto/x509/x_x509.c
gcc  -I. -Iinclude -Iproviders/common/include -Iproviders/implementations/include  -DBSAES_ASM -DECP_NISTZ256_ASM -DECP_SM2P256_ASM -DKECCAK1600_ASM -DMD5_ASM -DOPENSSL_BN_ASM_MONT -DOPENSSL_CPUID_OBJ -DOPENSSL_SM3_ASM -DPOLY1305_ASM -DSHA1_ASM -DSHA256_ASM -DSHA512_ASM -DSM4_ASM -DVPAES_ASM -DVPSM4_ASM -fPIC -pthread -Wa,--noexecstack -Wall -O3 -DOPENSSL_USE_NODELETE -DOPENSSL_PIC -DOPENSSLDIR="\"/opt/ossl-static/ssl\"" -DENGINESDIR="\"/opt/ossl-static/lib/engines-3\"" -DMODULESDIR="\"/opt/ossl-static/lib/ossl-modules\"" -DOPENSSL_BUILDING_OPENSSL -DNDEBUG  -MMD -MF crypto/x509/libcrypto-lib-x_x509a.d.tmp -MT crypto/x509/libcrypto-lib-x_x509a.o -c -o crypto/x509/libcrypto-lib-x_x509a.o crypto/x509/x_x509a.c
gcc  -I. -Iinclude -Iproviders/common/include -Iproviders/implementations/include  -DBSAES_ASM -DECP_NISTZ256_ASM -DECP_SM2P256_ASM -DKECCAK1600_ASM -DMD5_ASM -DOPENSSL_BN_ASM_MONT -DOPENSSL_CPUID_OBJ -DOPENSSL_SM3_ASM -DPOLY1305_ASM -DSHA1_ASM -DSHA256_ASM -DSHA512_ASM -DSM4_ASM -DVPAES_ASM -DVPSM4_ASM -fPIC -pthread -Wa,--noexecstack -Wall -O3 -DOPENSSL_USE_NODELETE -DOPENSSL_PIC -DOPENSSLDIR="\"/opt/ossl-static/ssl\"" -DENGINESDIR="\"/opt/ossl-static/lib/engines-3\"" -DMODULESDIR="\"/opt/ossl-static/lib/ossl-modules\"" -DOPENSSL_BUILDING_OPENSSL -DNDEBUG  -MMD -MF engines/libcrypto-lib-e_afalg.d.tmp -MT engines/libcrypto-lib-e_afalg.o -c -o engines/libcrypto-lib-e_afalg.o engines/e_afalg.c
gcc  -I. -Iinclude -Iproviders/common/include -Iproviders/implementations/include  -DBSAES_ASM -DECP_NISTZ256_ASM -DECP_SM2P256_ASM -DKECCAK1600_ASM -DMD5_ASM -DOPENSSL_BN_ASM_MONT -DOPENSSL_CPUID_OBJ -DOPENSSL_SM3_ASM -DPOLY1305_ASM -DSHA1_ASM -DSHA256_ASM -DSHA512_ASM -DSM4_ASM -DVPAES_ASM -DVPSM4_ASM -fPIC -pthread -Wa,--noexecstack -Wall -O3 -DOPENSSL_USE_NODELETE -DOPENSSL_PIC -DOPENSSLDIR="\"/opt/ossl-static/ssl\"" -DENGINESDIR="\"/opt/ossl-static/lib/engines-3\"" -DMODULESDIR="\"/opt/ossl-static/lib/ossl-modules\"" -DOPENSSL_BUILDING_OPENSSL -DNDEBUG  -MMD -MF engines/libcrypto-lib-e_capi.d.tmp -MT engines/libcrypto-lib-e_capi.o -c -o engines/libcrypto-lib-e_capi.o engines/e_capi.c
gcc  -I. -Iinclude -Iproviders/common/include -Iproviders/implementations/include  -DBSAES_ASM -DECP_NISTZ256_ASM -DECP_SM2P256_ASM -DKECCAK1600_ASM -DMD5_ASM -DOPENSSL_BN_ASM_MONT -DOPENSSL_CPUID_OBJ -DOPENSSL_SM3_ASM -DPOLY1305_ASM -DSHA1_ASM -DSHA256_ASM -DSHA512_ASM -DSM4_ASM -DVPAES_ASM -DVPSM4_ASM -fPIC -pthread -Wa,--noexecstack -Wall -O3 -DOPENSSL_USE_NODELETE -DOPENSSL_PIC -DOPENSSLDIR="\"/opt/ossl-static/ssl\"" -DENGINESDIR="\"/opt/ossl-static/lib/engines-3\"" -DMODULESDIR="\"/opt/ossl-static/lib/ossl-modules\"" -DOPENSSL_BUILDING_OPENSSL -DNDEBUG  -MMD -MF engines/libcrypto-lib-e_padlock.d.tmp -MT engines/libcrypto-lib-e_padlock.o -c -o engines/libcrypto-lib-e_padlock.o engines/e_padlock.c
gcc  -I. -Iinclude -Iproviders/common/include -Iproviders/implementations/include  -DBSAES_ASM -DECP_NISTZ256_ASM -DECP_SM2P256_ASM -DKECCAK1600_ASM -DMD5_ASM -DOPENSSL_BN_ASM_MONT -DOPENSSL_CPUID_OBJ -DOPENSSL_SM3_ASM -DPOLY1305_ASM -DSHA1_ASM -DSHA256_ASM -DSHA512_ASM -DSM4_ASM -DVPAES_ASM -DVPSM4_ASM -fPIC -pthread -Wa,--noexecstack -Wall -O3 -DOPENSSL_USE_NODELETE -DOPENSSL_PIC -DOPENSSLDIR="\"/opt/ossl-static/ssl\"" -DENGINESDIR="\"/opt/ossl-static/lib/engines-3\"" -DMODULESDIR="\"/opt/ossl-static/lib/ossl-modules\"" -DOPENSSL_BUILDING_OPENSSL -DNDEBUG  -MMD -MF providers/libcrypto-lib-baseprov.d.tmp -MT providers/libcrypto-lib-baseprov.o -c -o providers/libcrypto-lib-baseprov.o providers/baseprov.c
gcc  -I. -Iinclude -Iproviders/common/include -Iproviders/implementations/include  -DBSAES_ASM -DECP_NISTZ256_ASM -DECP_SM2P256_ASM -DKECCAK1600_ASM -DMD5_ASM -DOPENSSL_BN_ASM_MONT -DOPENSSL_CPUID_OBJ -DOPENSSL_SM3_ASM -DPOLY1305_ASM -DSHA1_ASM -DSHA256_ASM -DSHA512_ASM -DSM4_ASM -DVPAES_ASM -DVPSM4_ASM -fPIC -pthread -Wa,--noexecstack -Wall -O3 -DOPENSSL_USE_NODELETE -DOPENSSL_PIC -DOPENSSLDIR="\"/opt/ossl-static/ssl\"" -DENGINESDIR="\"/opt/ossl-static/lib/engines-3\"" -DMODULESDIR="\"/opt/ossl-static/lib/ossl-modules\"" -DOPENSSL_BUILDING_OPENSSL -DNDEBUG  -MMD -MF providers/libcrypto-lib-defltprov.d.tmp -MT providers/libcrypto-lib-defltprov.o -c -o providers/libcrypto-lib-defltprov.o providers/defltprov.c
gcc  -I. -Iinclude -Iproviders/common/include -Iproviders/implementations/include  -DBSAES_ASM -DECP_NISTZ256_ASM -DECP_SM2P256_ASM -DKECCAK1600_ASM -DMD5_ASM -DOPENSSL_BN_ASM_MONT -DOPENSSL_CPUID_OBJ -DOPENSSL_SM3_ASM -DPOLY1305_ASM -DSHA1_ASM -DSHA256_ASM -DSHA512_ASM -DSM4_ASM -DVPAES_ASM -DVPSM4_ASM -fPIC -pthread -Wa,--noexecstack -Wall -O3 -DOPENSSL_USE_NODELETE -DOPENSSL_PIC -DOPENSSLDIR="\"/opt/ossl-static/ssl\"" -DENGINESDIR="\"/opt/ossl-static/lib/engines-3\"" -DMODULESDIR="\"/opt/ossl-static/lib/ossl-modules\"" -DOPENSSL_BUILDING_OPENSSL -DNDEBUG  -MMD -MF providers/libcrypto-lib-nullprov.d.tmp -MT providers/libcrypto-lib-nullprov.o -c -o providers/libcrypto-lib-nullprov.o providers/nullprov.c
gcc  -I. -Iinclude -Iproviders/common/include -Iproviders/implementations/include  -DBSAES_ASM -DECP_NISTZ256_ASM -DECP_SM2P256_ASM -DKECCAK1600_ASM -DMD5_ASM -DOPENSSL_BN_ASM_MONT -DOPENSSL_CPUID_OBJ -DOPENSSL_SM3_ASM -DPOLY1305_ASM -DSHA1_ASM -DSHA256_ASM -DSHA512_ASM -DSM4_ASM -DVPAES_ASM -DVPSM4_ASM -fPIC -pthread -Wa,--noexecstack -Wall -O3 -DOPENSSL_USE_NODELETE -DOPENSSL_PIC -DOPENSSLDIR="\"/opt/ossl-static/ssl\"" -DENGINESDIR="\"/opt/ossl-static/lib/engines-3\"" -DMODULESDIR="\"/opt/ossl-static/lib/ossl-modules\"" -DOPENSSL_BUILDING_OPENSSL -DNDEBUG  -MMD -MF providers/libcrypto-lib-prov_running.d.tmp -MT providers/libcrypto-lib-prov_running.o -c -o providers/libcrypto-lib-prov_running.o providers/prov_running.c
perl "-I." "-Iproviders/common/der" "-Mconfigdata" "-Mconfigdata" "-Mconfigdata" "-Moids_to_c" "util/dofile.pl" "-oMakefile" providers/common/include/prov/der_digests.h.in > providers/common/include/prov/der_digests.h
perl "-I." "-Iproviders/common/der" "-Mconfigdata" "-Mconfigdata" "-Mconfigdata" "-Moids_to_c" "util/dofile.pl" "-oMakefile" providers/common/include/prov/der_rsa.h.in > providers/common/include/prov/der_rsa.h
perl "-I." "-Iproviders/common/der" "-Mconfigdata" "-Mconfigdata" "-Moids_to_c" "util/dofile.pl" "-oMakefile" providers/common/der/der_sm2_gen.c.in > providers/common/der/der_sm2_gen.c
perl "-I." "-Iproviders/common/der" "-Mconfigdata" "-Mconfigdata" "-Moids_to_c" "util/dofile.pl" "-oMakefile" providers/common/include/prov/der_sm2.h.in > providers/common/include/prov/der_sm2.h
perl "-I." "-Iproviders/common/der" "-Mconfigdata" "-Mconfigdata" "-Moids_to_c" "util/dofile.pl" "-oMakefile" providers/common/include/prov/der_ec.h.in > providers/common/include/prov/der_ec.h
gcc  -I. -Icrypto -Iinclude -Iproviders/implementations/include -Iproviders/common/include  -DBSAES_ASM -DECP_NISTZ256_ASM -DECP_SM2P256_ASM -DKECCAK1600_ASM -DOPENSSL_CPUID_OBJ -DSHA1_ASM -DSHA256_ASM -DSHA512_ASM -DSM4_ASM -DVPAES_ASM -DVPSM4_ASM -fPIC -pthread -Wa,--noexecstack -Wall -O3 -DOPENSSL_USE_NODELETE -DOPENSSL_PIC -DOPENSSLDIR="\"/opt/ossl-static/ssl\"" -DENGINESDIR="\"/opt/ossl-static/lib/engines-3\"" -DMODULESDIR="\"/opt/ossl-static/lib/ossl-modules\"" -DOPENSSL_BUILDING_OPENSSL -DNDEBUG  -MMD -MF providers/common/libdefault-lib-bio_prov.d.tmp -MT providers/common/libdefault-lib-bio_prov.o -c -o providers/common/libdefault-lib-bio_prov.o providers/common/bio_prov.c
gcc  -I. -Icrypto -Iinclude -Iproviders/implementations/include -Iproviders/common/include  -DBSAES_ASM -DECP_NISTZ256_ASM -DECP_SM2P256_ASM -DKECCAK1600_ASM -DOPENSSL_CPUID_OBJ -DSHA1_ASM -DSHA256_ASM -DSHA512_ASM -DSM4_ASM -DVPAES_ASM -DVPSM4_ASM -fPIC -pthread -Wa,--noexecstack -Wall -O3 -DOPENSSL_USE_NODELETE -DOPENSSL_PIC -DOPENSSLDIR="\"/opt/ossl-static/ssl\"" -DENGINESDIR="\"/opt/ossl-static/lib/engines-3\"" -DMODULESDIR="\"/opt/ossl-static/lib/ossl-modules\"" -DOPENSSL_BUILDING_OPENSSL -DNDEBUG  -MMD -MF providers/common/libdefault-lib-capabilities.d.tmp -MT providers/common/libdefault-lib-capabilities.o -c -o providers/common/libdefault-lib-capabilities.o providers/common/capabilities.c
gcc  -I. -Icrypto -Iinclude -Iproviders/implementations/include -Iproviders/common/include  -DBSAES_ASM -DECP_NISTZ256_ASM -DECP_SM2P256_ASM -DKECCAK1600_ASM -DOPENSSL_CPUID_OBJ -DSHA1_ASM -DSHA256_ASM -DSHA512_ASM -DSM4_ASM -DVPAES_ASM -DVPSM4_ASM -fPIC -pthread -Wa,--noexecstack -Wall -O3 -DOPENSSL_USE_NODELETE -DOPENSSL_PIC -DOPENSSLDIR="\"/opt/ossl-static/ssl\"" -DENGINESDIR="\"/opt/ossl-static/lib/engines-3\"" -DMODULESDIR="\"/opt/ossl-static/lib/ossl-modules\"" -DOPENSSL_BUILDING_OPENSSL -DNDEBUG  -MMD -MF providers/common/libdefault-lib-digest_to_nid.d.tmp -MT providers/common/libdefault-lib-digest_to_nid.o -c -o providers/common/libdefault-lib-digest_to_nid.o providers/common/digest_to_nid.c
gcc  -I. -Icrypto -Iinclude -Iproviders/implementations/include -Iproviders/common/include  -DBSAES_ASM -DECP_NISTZ256_ASM -DECP_SM2P256_ASM -DKECCAK1600_ASM -DOPENSSL_CPUID_OBJ -DSHA1_ASM -DSHA256_ASM -DSHA512_ASM -DSM4_ASM -DVPAES_ASM -DVPSM4_ASM -fPIC -pthread -Wa,--noexecstack -Wall -O3 -DOPENSSL_USE_NODELETE -DOPENSSL_PIC -DOPENSSLDIR="\"/opt/ossl-static/ssl\"" -DENGINESDIR="\"/opt/ossl-static/lib/engines-3\"" -DMODULESDIR="\"/opt/ossl-static/lib/ossl-modules\"" -DOPENSSL_BUILDING_OPENSSL -DNDEBUG  -MMD -MF providers/common/libdefault-lib-provider_seeding.d.tmp -MT providers/common/libdefault-lib-provider_seeding.o -c -o providers/common/libdefault-lib-provider_seeding.o providers/common/provider_seeding.c
gcc  -I. -Icrypto -Iinclude -Iproviders/implementations/include -Iproviders/common/include  -DBSAES_ASM -DECP_NISTZ256_ASM -DECP_SM2P256_ASM -DKECCAK1600_ASM -DOPENSSL_CPUID_OBJ -DSHA1_ASM -DSHA256_ASM -DSHA512_ASM -DSM4_ASM -DVPAES_ASM -DVPSM4_ASM -fPIC -pthread -Wa,--noexecstack -Wall -O3 -DOPENSSL_USE_NODELETE -DOPENSSL_PIC -DOPENSSLDIR="\"/opt/ossl-static/ssl\"" -DENGINESDIR="\"/opt/ossl-static/lib/engines-3\"" -DMODULESDIR="\"/opt/ossl-static/lib/ossl-modules\"" -DOPENSSL_BUILDING_OPENSSL -DNDEBUG  -MMD -MF providers/common/libdefault-lib-provider_util.d.tmp -MT providers/common/libdefault-lib-provider_util.o -c -o providers/common/libdefault-lib-provider_util.o providers/common/provider_util.c
gcc  -I. -Icrypto -Iinclude -Iproviders/implementations/include -Iproviders/common/include  -DBSAES_ASM -DECP_NISTZ256_ASM -DECP_SM2P256_ASM -DKECCAK1600_ASM -DOPENSSL_CPUID_OBJ -DSHA1_ASM -DSHA256_ASM -DSHA512_ASM -DSM4_ASM -DVPAES_ASM -DVPSM4_ASM -fPIC -pthread -Wa,--noexecstack -Wall -O3 -DOPENSSL_USE_NODELETE -DOPENSSL_PIC -DOPENSSLDIR="\"/opt/ossl-static/ssl\"" -DENGINESDIR="\"/opt/ossl-static/lib/engines-3\"" -DMODULESDIR="\"/opt/ossl-static/lib/ossl-modules\"" -DOPENSSL_BUILDING_OPENSSL -DNDEBUG  -MMD -MF providers/common/libdefault-lib-securitycheck.d.tmp -MT providers/common/libdefault-lib-securitycheck.o -c -o providers/common/libdefault-lib-securitycheck.o providers/common/securitycheck.c
gcc  -I. -Icrypto -Iinclude -Iproviders/implementations/include -Iproviders/common/include  -DBSAES_ASM -DECP_NISTZ256_ASM -DECP_SM2P256_ASM -DKECCAK1600_ASM -DOPENSSL_CPUID_OBJ -DSHA1_ASM -DSHA256_ASM -DSHA512_ASM -DSM4_ASM -DVPAES_ASM -DVPSM4_ASM -fPIC -pthread -Wa,--noexecstack -Wall -O3 -DOPENSSL_USE_NODELETE -DOPENSSL_PIC -DOPENSSLDIR="\"/opt/ossl-static/ssl\"" -DENGINESDIR="\"/opt/ossl-static/lib/engines-3\"" -DMODULESDIR="\"/opt/ossl-static/lib/ossl-modules\"" -DOPENSSL_BUILDING_OPENSSL -DNDEBUG  -MMD -MF providers/common/libdefault-lib-securitycheck_default.d.tmp -MT providers/common/libdefault-lib-securitycheck_default.o -c -o providers/common/libdefault-lib-securitycheck_default.o providers/common/securitycheck_default.c
gcc  -I. -Icrypto -Iinclude -Iproviders/implementations/include -Iproviders/common/include  -DBSAES_ASM -DECP_NISTZ256_ASM -DECP_SM2P256_ASM -DKECCAK1600_ASM -DOPENSSL_CPUID_OBJ -DSHA1_ASM -DSHA256_ASM -DSHA512_ASM -DSM4_ASM -DVPAES_ASM -DVPSM4_ASM -fPIC -pthread -Wa,--noexecstack -Wall -O3 -DOPENSSL_USE_NODELETE -DOPENSSL_PIC -DOPENSSLDIR="\"/opt/ossl-static/ssl\"" -DENGINESDIR="\"/opt/ossl-static/lib/engines-3\"" -DMODULESDIR="\"/opt/ossl-static/lib/ossl-modules\"" -DOPENSSL_BUILDING_OPENSSL -DNDEBUG  -MMD -MF providers/implementations/asymciphers/libdefault-lib-rsa_enc.d.tmp -MT providers/implementations/asymciphers/libdefault-lib-rsa_enc.o -c -o providers/implementations/asymciphers/libdefault-lib-rsa_enc.o providers/implementations/asymciphers/rsa_enc.c
gcc  -I. -Icrypto -Iinclude -Iproviders/implementations/include -Iproviders/common/include  -DBSAES_ASM -DECP_NISTZ256_ASM -DECP_SM2P256_ASM -DKECCAK1600_ASM -DOPENSSL_CPUID_OBJ -DSHA1_ASM -DSHA256_ASM -DSHA512_ASM -DSM4_ASM -DVPAES_ASM -DVPSM4_ASM -fPIC -pthread -Wa,--noexecstack -Wall -O3 -DOPENSSL_USE_NODELETE -DOPENSSL_PIC -DOPENSSLDIR="\"/opt/ossl-static/ssl\"" -DENGINESDIR="\"/opt/ossl-static/lib/engines-3\"" -DMODULESDIR="\"/opt/ossl-static/lib/ossl-modules\"" -DOPENSSL_BUILDING_OPENSSL -DNDEBUG  -MMD -MF providers/implementations/asymciphers/libdefault-lib-sm2_enc.d.tmp -MT providers/implementations/asymciphers/libdefault-lib-sm2_enc.o -c -o providers/implementations/asymciphers/libdefault-lib-sm2_enc.o providers/implementations/asymciphers/sm2_enc.c
gcc  -I. -Icrypto -Iinclude -Iproviders/implementations/include -Iproviders/common/include  -DBSAES_ASM -DECP_NISTZ256_ASM -DECP_SM2P256_ASM -DKECCAK1600_ASM -DOPENSSL_CPUID_OBJ -DSHA1_ASM -DSHA256_ASM -DSHA512_ASM -DSM4_ASM -DVPAES_ASM -DVPSM4_ASM -fPIC -pthread -Wa,--noexecstack -Wall -O3 -DOPENSSL_USE_NODELETE -DOPENSSL_PIC -DOPENSSLDIR="\"/opt/ossl-static/ssl\"" -DENGINESDIR="\"/opt/ossl-static/lib/engines-3\"" -DMODULESDIR="\"/opt/ossl-static/lib/ossl-modules\"" -DOPENSSL_BUILDING_OPENSSL -DNDEBUG  -MMD -MF providers/implementations/ciphers/libdefault-lib-cipher_aes.d.tmp -MT providers/implementations/ciphers/libdefault-lib-cipher_aes.o -c -o providers/implementations/ciphers/libdefault-lib-cipher_aes.o providers/implementations/ciphers/cipher_aes.c
gcc  -I. -Icrypto -Iinclude -Iproviders/implementations/include -Iproviders/common/include  -DBSAES_ASM -DECP_NISTZ256_ASM -DECP_SM2P256_ASM -DKECCAK1600_ASM -DOPENSSL_CPUID_OBJ -DSHA1_ASM -DSHA256_ASM -DSHA512_ASM -DSM4_ASM -DVPAES_ASM -DVPSM4_ASM -fPIC -pthread -Wa,--noexecstack -Wall -O3 -DOPENSSL_USE_NODELETE -DOPENSSL_PIC -DOPENSSLDIR="\"/opt/ossl-static/ssl\"" -DENGINESDIR="\"/opt/ossl-static/lib/engines-3\"" -DMODULESDIR="\"/opt/ossl-static/lib/ossl-modules\"" -DOPENSSL_BUILDING_OPENSSL -DNDEBUG  -MMD -MF providers/implementations/ciphers/libdefault-lib-cipher_aes_cbc_hmac_sha.d.tmp -MT providers/implementations/ciphers/libdefault-lib-cipher_aes_cbc_hmac_sha.o -c -o providers/implementations/ciphers/libdefault-lib-cipher_aes_cbc_hmac_sha.o providers/implementations/ciphers/cipher_aes_cbc_hmac_sha.c
gcc  -I. -Icrypto -Iinclude -Iproviders/implementations/include -Iproviders/common/include  -DBSAES_ASM -DECP_NISTZ256_ASM -DECP_SM2P256_ASM -DKECCAK1600_ASM -DOPENSSL_CPUID_OBJ -DSHA1_ASM -DSHA256_ASM -DSHA512_ASM -DSM4_ASM -DVPAES_ASM -DVPSM4_ASM -fPIC -pthread -Wa,--noexecstack -Wall -O3 -DOPENSSL_USE_NODELETE -DOPENSSL_PIC -DOPENSSLDIR="\"/opt/ossl-static/ssl\"" -DENGINESDIR="\"/opt/ossl-static/lib/engines-3\"" -DMODULESDIR="\"/opt/ossl-static/lib/ossl-modules\"" -DOPENSSL_BUILDING_OPENSSL -DNDEBUG  -MMD -MF providers/implementations/ciphers/libdefault-lib-cipher_aes_cbc_hmac_sha1_hw.d.tmp -MT providers/implementations/ciphers/libdefault-lib-cipher_aes_cbc_hmac_sha1_hw.o -c -o providers/implementations/ciphers/libdefault-lib-cipher_aes_cbc_hmac_sha1_hw.o providers/implementations/ciphers/cipher_aes_cbc_hmac_sha1_hw.c
gcc  -I. -Icrypto -Iinclude -Iproviders/implementations/include -Iproviders/common/include  -DBSAES_ASM -DECP_NISTZ256_ASM -DECP_SM2P256_ASM -DKECCAK1600_ASM -DOPENSSL_CPUID_OBJ -DSHA1_ASM -DSHA256_ASM -DSHA512_ASM -DSM4_ASM -DVPAES_ASM -DVPSM4_ASM -fPIC -pthread -Wa,--noexecstack -Wall -O3 -DOPENSSL_USE_NODELETE -DOPENSSL_PIC -DOPENSSLDIR="\"/opt/ossl-static/ssl\"" -DENGINESDIR="\"/opt/ossl-static/lib/engines-3\"" -DMODULESDIR="\"/opt/ossl-static/lib/ossl-modules\"" -DOPENSSL_BUILDING_OPENSSL -DNDEBUG  -MMD -MF providers/implementations/ciphers/libdefault-lib-cipher_aes_cbc_hmac_sha256_hw.d.tmp -MT providers/implementations/ciphers/libdefault-lib-cipher_aes_cbc_hmac_sha256_hw.o -c -o providers/implementations/ciphers/libdefault-lib-cipher_aes_cbc_hmac_sha256_hw.o providers/implementations/ciphers/cipher_aes_cbc_hmac_sha256_hw.c
gcc  -I. -Icrypto -Iinclude -Iproviders/implementations/include -Iproviders/common/include  -DBSAES_ASM -DECP_NISTZ256_ASM -DECP_SM2P256_ASM -DKECCAK1600_ASM -DOPENSSL_CPUID_OBJ -DSHA1_ASM -DSHA256_ASM -DSHA512_ASM -DSM4_ASM -DVPAES_ASM -DVPSM4_ASM -fPIC -pthread -Wa,--noexecstack -Wall -O3 -DOPENSSL_USE_NODELETE -DOPENSSL_PIC -DOPENSSLDIR="\"/opt/ossl-static/ssl\"" -DENGINESDIR="\"/opt/ossl-static/lib/engines-3\"" -DMODULESDIR="\"/opt/ossl-static/lib/ossl-modules\"" -DOPENSSL_BUILDING_OPENSSL -DNDEBUG  -MMD -MF providers/implementations/ciphers/libdefault-lib-cipher_aes_ccm.d.tmp -MT providers/implementations/ciphers/libdefault-lib-cipher_aes_ccm.o -c -o providers/implementations/ciphers/libdefault-lib-cipher_aes_ccm.o providers/implementations/ciphers/cipher_aes_ccm.c
gcc  -I. -Icrypto -Iinclude -Iproviders/implementations/include -Iproviders/common/include  -DBSAES_ASM -DECP_NISTZ256_ASM -DECP_SM2P256_ASM -DKECCAK1600_ASM -DOPENSSL_CPUID_OBJ -DSHA1_ASM -DSHA256_ASM -DSHA512_ASM -DSM4_ASM -DVPAES_ASM -DVPSM4_ASM -fPIC -pthread -Wa,--noexecstack -Wall -O3 -DOPENSSL_USE_NODELETE -DOPENSSL_PIC -DOPENSSLDIR="\"/opt/ossl-static/ssl\"" -DENGINESDIR="\"/opt/ossl-static/lib/engines-3\"" -DMODULESDIR="\"/opt/ossl-static/lib/ossl-modules\"" -DOPENSSL_BUILDING_OPENSSL -DNDEBUG  -MMD -MF providers/implementations/ciphers/libdefault-lib-cipher_aes_ccm_hw.d.tmp -MT providers/implementations/ciphers/libdefault-lib-cipher_aes_ccm_hw.o -c -o providers/implementations/ciphers/libdefault-lib-cipher_aes_ccm_hw.o providers/implementations/ciphers/cipher_aes_ccm_hw.c
gcc  -I. -Icrypto -Iinclude -Iproviders/implementations/include -Iproviders/common/include  -DBSAES_ASM -DECP_NISTZ256_ASM -DECP_SM2P256_ASM -DKECCAK1600_ASM -DOPENSSL_CPUID_OBJ -DSHA1_ASM -DSHA256_ASM -DSHA512_ASM -DSM4_ASM -DVPAES_ASM -DVPSM4_ASM -fPIC -pthread -Wa,--noexecstack -Wall -O3 -DOPENSSL_USE_NODELETE -DOPENSSL_PIC -DOPENSSLDIR="\"/opt/ossl-static/ssl\"" -DENGINESDIR="\"/opt/ossl-static/lib/engines-3\"" -DMODULESDIR="\"/opt/ossl-static/lib/ossl-modules\"" -DOPENSSL_BUILDING_OPENSSL -DNDEBUG  -MMD -MF providers/implementations/ciphers/libdefault-lib-cipher_aes_gcm.d.tmp -MT providers/implementations/ciphers/libdefault-lib-cipher_aes_gcm.o -c -o providers/implementations/ciphers/libdefault-lib-cipher_aes_gcm.o providers/implementations/ciphers/cipher_aes_gcm.c
gcc  -I. -Icrypto -Iinclude -Iproviders/implementations/include -Iproviders/common/include  -DBSAES_ASM -DECP_NISTZ256_ASM -DECP_SM2P256_ASM -DKECCAK1600_ASM -DOPENSSL_CPUID_OBJ -DSHA1_ASM -DSHA256_ASM -DSHA512_ASM -DSM4_ASM -DVPAES_ASM -DVPSM4_ASM -fPIC -pthread -Wa,--noexecstack -Wall -O3 -DOPENSSL_USE_NODELETE -DOPENSSL_PIC -DOPENSSLDIR="\"/opt/ossl-static/ssl\"" -DENGINESDIR="\"/opt/ossl-static/lib/engines-3\"" -DMODULESDIR="\"/opt/ossl-static/lib/ossl-modules\"" -DOPENSSL_BUILDING_OPENSSL -DNDEBUG  -MMD -MF providers/implementations/ciphers/libdefault-lib-cipher_aes_gcm_hw.d.tmp -MT providers/implementations/ciphers/libdefault-lib-cipher_aes_gcm_hw.o -c -o providers/implementations/ciphers/libdefault-lib-cipher_aes_gcm_hw.o providers/implementations/ciphers/cipher_aes_gcm_hw.c
gcc  -I. -Icrypto -Iinclude -Iproviders/implementations/include -Iproviders/common/include  -DBSAES_ASM -DECP_NISTZ256_ASM -DECP_SM2P256_ASM -DKECCAK1600_ASM -DOPENSSL_CPUID_OBJ -DSHA1_ASM -DSHA256_ASM -DSHA512_ASM -DSM4_ASM -DVPAES_ASM -DVPSM4_ASM -fPIC -pthread -Wa,--noexecstack -Wall -O3 -DOPENSSL_USE_NODELETE -DOPENSSL_PIC -DOPENSSLDIR="\"/opt/ossl-static/ssl\"" -DENGINESDIR="\"/opt/ossl-static/lib/engines-3\"" -DMODULESDIR="\"/opt/ossl-static/lib/ossl-modules\"" -DOPENSSL_BUILDING_OPENSSL -DNDEBUG  -MMD -MF providers/implementations/ciphers/libdefault-lib-cipher_aes_gcm_siv.d.tmp -MT providers/implementations/ciphers/libdefault-lib-cipher_aes_gcm_siv.o -c -o providers/implementations/ciphers/libdefault-lib-cipher_aes_gcm_siv.o providers/implementations/ciphers/cipher_aes_gcm_siv.c
gcc  -I. -Icrypto -Iinclude -Iproviders/implementations/include -Iproviders/common/include  -DBSAES_ASM -DECP_NISTZ256_ASM -DECP_SM2P256_ASM -DKECCAK1600_ASM -DOPENSSL_CPUID_OBJ -DSHA1_ASM -DSHA256_ASM -DSHA512_ASM -DSM4_ASM -DVPAES_ASM -DVPSM4_ASM -fPIC -pthread -Wa,--noexecstack -Wall -O3 -DOPENSSL_USE_NODELETE -DOPENSSL_PIC -DOPENSSLDIR="\"/opt/ossl-static/ssl\"" -DENGINESDIR="\"/opt/ossl-static/lib/engines-3\"" -DMODULESDIR="\"/opt/ossl-static/lib/ossl-modules\"" -DOPENSSL_BUILDING_OPENSSL -DNDEBUG  -MMD -MF providers/implementations/ciphers/libdefault-lib-cipher_aes_gcm_siv_hw.d.tmp -MT providers/implementations/ciphers/libdefault-lib-cipher_aes_gcm_siv_hw.o -c -o providers/implementations/ciphers/libdefault-lib-cipher_aes_gcm_siv_hw.o providers/implementations/ciphers/cipher_aes_gcm_siv_hw.c
gcc  -I. -Icrypto -Iinclude -Iproviders/implementations/include -Iproviders/common/include  -DBSAES_ASM -DECP_NISTZ256_ASM -DECP_SM2P256_ASM -DKECCAK1600_ASM -DOPENSSL_CPUID_OBJ -DSHA1_ASM -DSHA256_ASM -DSHA512_ASM -DSM4_ASM -DVPAES_ASM -DVPSM4_ASM -fPIC -pthread -Wa,--noexecstack -Wall -O3 -DOPENSSL_USE_NODELETE -DOPENSSL_PIC -DOPENSSLDIR="\"/opt/ossl-static/ssl\"" -DENGINESDIR="\"/opt/ossl-static/lib/engines-3\"" -DMODULESDIR="\"/opt/ossl-static/lib/ossl-modules\"" -DOPENSSL_BUILDING_OPENSSL -DNDEBUG  -MMD -MF providers/implementations/ciphers/libdefault-lib-cipher_aes_gcm_siv_polyval.d.tmp -MT providers/implementations/ciphers/libdefault-lib-cipher_aes_gcm_siv_polyval.o -c -o providers/implementations/ciphers/libdefault-lib-cipher_aes_gcm_siv_polyval.o providers/implementations/ciphers/cipher_aes_gcm_siv_polyval.c
gcc  -I. -Icrypto -Iinclude -Iproviders/implementations/include -Iproviders/common/include  -DBSAES_ASM -DECP_NISTZ256_ASM -DECP_SM2P256_ASM -DKECCAK1600_ASM -DOPENSSL_CPUID_OBJ -DSHA1_ASM -DSHA256_ASM -DSHA512_ASM -DSM4_ASM -DVPAES_ASM -DVPSM4_ASM -fPIC -pthread -Wa,--noexecstack -Wall -O3 -DOPENSSL_USE_NODELETE -DOPENSSL_PIC -DOPENSSLDIR="\"/opt/ossl-static/ssl\"" -DENGINESDIR="\"/opt/ossl-static/lib/engines-3\"" -DMODULESDIR="\"/opt/ossl-static/lib/ossl-modules\"" -DOPENSSL_BUILDING_OPENSSL -DNDEBUG  -MMD -MF providers/implementations/ciphers/libdefault-lib-cipher_aes_hw.d.tmp -MT providers/implementations/ciphers/libdefault-lib-cipher_aes_hw.o -c -o providers/implementations/ciphers/libdefault-lib-cipher_aes_hw.o providers/implementations/ciphers/cipher_aes_hw.c
gcc  -I. -Icrypto -Iinclude -Iproviders/implementations/include -Iproviders/common/include  -DBSAES_ASM -DECP_NISTZ256_ASM -DECP_SM2P256_ASM -DKECCAK1600_ASM -DOPENSSL_CPUID_OBJ -DSHA1_ASM -DSHA256_ASM -DSHA512_ASM -DSM4_ASM -DVPAES_ASM -DVPSM4_ASM -fPIC -pthread -Wa,--noexecstack -Wall -O3 -DOPENSSL_USE_NODELETE -DOPENSSL_PIC -DOPENSSLDIR="\"/opt/ossl-static/ssl\"" -DENGINESDIR="\"/opt/ossl-static/lib/engines-3\"" -DMODULESDIR="\"/opt/ossl-static/lib/ossl-modules\"" -DOPENSSL_BUILDING_OPENSSL -DNDEBUG  -MMD -MF providers/implementations/ciphers/libdefault-lib-cipher_aes_ocb.d.tmp -MT providers/implementations/ciphers/libdefault-lib-cipher_aes_ocb.o -c -o providers/implementations/ciphers/libdefault-lib-cipher_aes_ocb.o providers/implementations/ciphers/cipher_aes_ocb.c
gcc  -I. -Icrypto -Iinclude -Iproviders/implementations/include -Iproviders/common/include  -DBSAES_ASM -DECP_NISTZ256_ASM -DECP_SM2P256_ASM -DKECCAK1600_ASM -DOPENSSL_CPUID_OBJ -DSHA1_ASM -DSHA256_ASM -DSHA512_ASM -DSM4_ASM -DVPAES_ASM -DVPSM4_ASM -fPIC -pthread -Wa,--noexecstack -Wall -O3 -DOPENSSL_USE_NODELETE -DOPENSSL_PIC -DOPENSSLDIR="\"/opt/ossl-static/ssl\"" -DENGINESDIR="\"/opt/ossl-static/lib/engines-3\"" -DMODULESDIR="\"/opt/ossl-static/lib/ossl-modules\"" -DOPENSSL_BUILDING_OPENSSL -DNDEBUG  -MMD -MF providers/implementations/ciphers/libdefault-lib-cipher_aes_ocb_hw.d.tmp -MT providers/implementations/ciphers/libdefault-lib-cipher_aes_ocb_hw.o -c -o providers/implementations/ciphers/libdefault-lib-cipher_aes_ocb_hw.o providers/implementations/ciphers/cipher_aes_ocb_hw.c
gcc  -I. -Icrypto -Iinclude -Iproviders/implementations/include -Iproviders/common/include  -DBSAES_ASM -DECP_NISTZ256_ASM -DECP_SM2P256_ASM -DKECCAK1600_ASM -DOPENSSL_CPUID_OBJ -DSHA1_ASM -DSHA256_ASM -DSHA512_ASM -DSM4_ASM -DVPAES_ASM -DVPSM4_ASM -fPIC -pthread -Wa,--noexecstack -Wall -O3 -DOPENSSL_USE_NODELETE -DOPENSSL_PIC -DOPENSSLDIR="\"/opt/ossl-static/ssl\"" -DENGINESDIR="\"/opt/ossl-static/lib/engines-3\"" -DMODULESDIR="\"/opt/ossl-static/lib/ossl-modules\"" -DOPENSSL_BUILDING_OPENSSL -DNDEBUG  -MMD -MF providers/implementations/ciphers/libdefault-lib-cipher_aes_siv.d.tmp -MT providers/implementations/ciphers/libdefault-lib-cipher_aes_siv.o -c -o providers/implementations/ciphers/libdefault-lib-cipher_aes_siv.o providers/implementations/ciphers/cipher_aes_siv.c
gcc  -I. -Icrypto -Iinclude -Iproviders/implementations/include -Iproviders/common/include  -DBSAES_ASM -DECP_NISTZ256_ASM -DECP_SM2P256_ASM -DKECCAK1600_ASM -DOPENSSL_CPUID_OBJ -DSHA1_ASM -DSHA256_ASM -DSHA512_ASM -DSM4_ASM -DVPAES_ASM -DVPSM4_ASM -fPIC -pthread -Wa,--noexecstack -Wall -O3 -DOPENSSL_USE_NODELETE -DOPENSSL_PIC -DOPENSSLDIR="\"/opt/ossl-static/ssl\"" -DENGINESDIR="\"/opt/ossl-static/lib/engines-3\"" -DMODULESDIR="\"/opt/ossl-static/lib/ossl-modules\"" -DOPENSSL_BUILDING_OPENSSL -DNDEBUG  -MMD -MF providers/implementations/ciphers/libdefault-lib-cipher_aes_siv_hw.d.tmp -MT providers/implementations/ciphers/libdefault-lib-cipher_aes_siv_hw.o -c -o providers/implementations/ciphers/libdefault-lib-cipher_aes_siv_hw.o providers/implementations/ciphers/cipher_aes_siv_hw.c
gcc  -I. -Icrypto -Iinclude -Iproviders/implementations/include -Iproviders/common/include  -DBSAES_ASM -DECP_NISTZ256_ASM -DECP_SM2P256_ASM -DKECCAK1600_ASM -DOPENSSL_CPUID_OBJ -DSHA1_ASM -DSHA256_ASM -DSHA512_ASM -DSM4_ASM -DVPAES_ASM -DVPSM4_ASM -fPIC -pthread -Wa,--noexecstack -Wall -O3 -DOPENSSL_USE_NODELETE -DOPENSSL_PIC -DOPENSSLDIR="\"/opt/ossl-static/ssl\"" -DENGINESDIR="\"/opt/ossl-static/lib/engines-3\"" -DMODULESDIR="\"/opt/ossl-static/lib/ossl-modules\"" -DOPENSSL_BUILDING_OPENSSL -DNDEBUG  -MMD -MF providers/implementations/ciphers/libdefault-lib-cipher_aes_wrp.d.tmp -MT providers/implementations/ciphers/libdefault-lib-cipher_aes_wrp.o -c -o providers/implementations/ciphers/libdefault-lib-cipher_aes_wrp.o providers/implementations/ciphers/cipher_aes_wrp.c
gcc  -I. -Icrypto -Iinclude -Iproviders/implementations/include -Iproviders/common/include  -DBSAES_ASM -DECP_NISTZ256_ASM -DECP_SM2P256_ASM -DKECCAK1600_ASM -DOPENSSL_CPUID_OBJ -DSHA1_ASM -DSHA256_ASM -DSHA512_ASM -DSM4_ASM -DVPAES_ASM -DVPSM4_ASM -fPIC -pthread -Wa,--noexecstack -Wall -O3 -DOPENSSL_USE_NODELETE -DOPENSSL_PIC -DOPENSSLDIR="\"/opt/ossl-static/ssl\"" -DENGINESDIR="\"/opt/ossl-static/lib/engines-3\"" -DMODULESDIR="\"/opt/ossl-static/lib/ossl-modules\"" -DOPENSSL_BUILDING_OPENSSL -DNDEBUG  -MMD -MF providers/implementations/ciphers/libdefault-lib-cipher_aes_xts.d.tmp -MT providers/implementations/ciphers/libdefault-lib-cipher_aes_xts.o -c -o providers/implementations/ciphers/libdefault-lib-cipher_aes_xts.o providers/implementations/ciphers/cipher_aes_xts.c
gcc  -I. -Icrypto -Iinclude -Iproviders/implementations/include -Iproviders/common/include  -DBSAES_ASM -DECP_NISTZ256_ASM -DECP_SM2P256_ASM -DKECCAK1600_ASM -DOPENSSL_CPUID_OBJ -DSHA1_ASM -DSHA256_ASM -DSHA512_ASM -DSM4_ASM -DVPAES_ASM -DVPSM4_ASM -fPIC -pthread -Wa,--noexecstack -Wall -O3 -DOPENSSL_USE_NODELETE -DOPENSSL_PIC -DOPENSSLDIR="\"/opt/ossl-static/ssl\"" -DENGINESDIR="\"/opt/ossl-static/lib/engines-3\"" -DMODULESDIR="\"/opt/ossl-static/lib/ossl-modules\"" -DOPENSSL_BUILDING_OPENSSL -DNDEBUG  -MMD -MF providers/implementations/ciphers/libdefault-lib-cipher_aes_xts_fips.d.tmp -MT providers/implementations/ciphers/libdefault-lib-cipher_aes_xts_fips.o -c -o providers/implementations/ciphers/libdefault-lib-cipher_aes_xts_fips.o providers/implementations/ciphers/cipher_aes_xts_fips.c
gcc  -I. -Icrypto -Iinclude -Iproviders/implementations/include -Iproviders/common/include  -DBSAES_ASM -DECP_NISTZ256_ASM -DECP_SM2P256_ASM -DKECCAK1600_ASM -DOPENSSL_CPUID_OBJ -DSHA1_ASM -DSHA256_ASM -DSHA512_ASM -DSM4_ASM -DVPAES_ASM -DVPSM4_ASM -fPIC -pthread -Wa,--noexecstack -Wall -O3 -DOPENSSL_USE_NODELETE -DOPENSSL_PIC -DOPENSSLDIR="\"/opt/ossl-static/ssl\"" -DENGINESDIR="\"/opt/ossl-static/lib/engines-3\"" -DMODULESDIR="\"/opt/ossl-static/lib/ossl-modules\"" -DOPENSSL_BUILDING_OPENSSL -DNDEBUG  -MMD -MF providers/implementations/ciphers/libdefault-lib-cipher_aes_xts_hw.d.tmp -MT providers/implementations/ciphers/libdefault-lib-cipher_aes_xts_hw.o -c -o providers/implementations/ciphers/libdefault-lib-cipher_aes_xts_hw.o providers/implementations/ciphers/cipher_aes_xts_hw.c
gcc  -I. -Icrypto -Iinclude -Iproviders/implementations/include -Iproviders/common/include  -DBSAES_ASM -DECP_NISTZ256_ASM -DECP_SM2P256_ASM -DKECCAK1600_ASM -DOPENSSL_CPUID_OBJ -DSHA1_ASM -DSHA256_ASM -DSHA512_ASM -DSM4_ASM -DVPAES_ASM -DVPSM4_ASM -fPIC -pthread -Wa,--noexecstack -Wall -O3 -DOPENSSL_USE_NODELETE -DOPENSSL_PIC -DOPENSSLDIR="\"/opt/ossl-static/ssl\"" -DENGINESDIR="\"/opt/ossl-static/lib/engines-3\"" -DMODULESDIR="\"/opt/ossl-static/lib/ossl-modules\"" -DOPENSSL_BUILDING_OPENSSL -DNDEBUG  -MMD -MF providers/implementations/ciphers/libdefault-lib-cipher_aria.d.tmp -MT providers/implementations/ciphers/libdefault-lib-cipher_aria.o -c -o providers/implementations/ciphers/libdefault-lib-cipher_aria.o providers/implementations/ciphers/cipher_aria.c
gcc  -I. -Icrypto -Iinclude -Iproviders/implementations/include -Iproviders/common/include  -DBSAES_ASM -DECP_NISTZ256_ASM -DECP_SM2P256_ASM -DKECCAK1600_ASM -DOPENSSL_CPUID_OBJ -DSHA1_ASM -DSHA256_ASM -DSHA512_ASM -DSM4_ASM -DVPAES_ASM -DVPSM4_ASM -fPIC -pthread -Wa,--noexecstack -Wall -O3 -DOPENSSL_USE_NODELETE -DOPENSSL_PIC -DOPENSSLDIR="\"/opt/ossl-static/ssl\"" -DENGINESDIR="\"/opt/ossl-static/lib/engines-3\"" -DMODULESDIR="\"/opt/ossl-static/lib/ossl-modules\"" -DOPENSSL_BUILDING_OPENSSL -DNDEBUG  -MMD -MF providers/implementations/ciphers/libdefault-lib-cipher_aria_ccm.d.tmp -MT providers/implementations/ciphers/libdefault-lib-cipher_aria_ccm.o -c -o providers/implementations/ciphers/libdefault-lib-cipher_aria_ccm.o providers/implementations/ciphers/cipher_aria_ccm.c
gcc  -I. -Icrypto -Iinclude -Iproviders/implementations/include -Iproviders/common/include  -DBSAES_ASM -DECP_NISTZ256_ASM -DECP_SM2P256_ASM -DKECCAK1600_ASM -DOPENSSL_CPUID_OBJ -DSHA1_ASM -DSHA256_ASM -DSHA512_ASM -DSM4_ASM -DVPAES_ASM -DVPSM4_ASM -fPIC -pthread -Wa,--noexecstack -Wall -O3 -DOPENSSL_USE_NODELETE -DOPENSSL_PIC -DOPENSSLDIR="\"/opt/ossl-static/ssl\"" -DENGINESDIR="\"/opt/ossl-static/lib/engines-3\"" -DMODULESDIR="\"/opt/ossl-static/lib/ossl-modules\"" -DOPENSSL_BUILDING_OPENSSL -DNDEBUG  -MMD -MF providers/implementations/ciphers/libdefault-lib-cipher_aria_ccm_hw.d.tmp -MT providers/implementations/ciphers/libdefault-lib-cipher_aria_ccm_hw.o -c -o providers/implementations/ciphers/libdefault-lib-cipher_aria_ccm_hw.o providers/implementations/ciphers/cipher_aria_ccm_hw.c
gcc  -I. -Icrypto -Iinclude -Iproviders/implementations/include -Iproviders/common/include  -DBSAES_ASM -DECP_NISTZ256_ASM -DECP_SM2P256_ASM -DKECCAK1600_ASM -DOPENSSL_CPUID_OBJ -DSHA1_ASM -DSHA256_ASM -DSHA512_ASM -DSM4_ASM -DVPAES_ASM -DVPSM4_ASM -fPIC -pthread -Wa,--noexecstack -Wall -O3 -DOPENSSL_USE_NODELETE -DOPENSSL_PIC -DOPENSSLDIR="\"/opt/ossl-static/ssl\"" -DENGINESDIR="\"/opt/ossl-static/lib/engines-3\"" -DMODULESDIR="\"/opt/ossl-static/lib/ossl-modules\"" -DOPENSSL_BUILDING_OPENSSL -DNDEBUG  -MMD -MF providers/implementations/ciphers/libdefault-lib-cipher_aria_gcm.d.tmp -MT providers/implementations/ciphers/libdefault-lib-cipher_aria_gcm.o -c -o providers/implementations/ciphers/libdefault-lib-cipher_aria_gcm.o providers/implementations/ciphers/cipher_aria_gcm.c
gcc  -I. -Icrypto -Iinclude -Iproviders/implementations/include -Iproviders/common/include  -DBSAES_ASM -DECP_NISTZ256_ASM -DECP_SM2P256_ASM -DKECCAK1600_ASM -DOPENSSL_CPUID_OBJ -DSHA1_ASM -DSHA256_ASM -DSHA512_ASM -DSM4_ASM -DVPAES_ASM -DVPSM4_ASM -fPIC -pthread -Wa,--noexecstack -Wall -O3 -DOPENSSL_USE_NODELETE -DOPENSSL_PIC -DOPENSSLDIR="\"/opt/ossl-static/ssl\"" -DENGINESDIR="\"/opt/ossl-static/lib/engines-3\"" -DMODULESDIR="\"/opt/ossl-static/lib/ossl-modules\"" -DOPENSSL_BUILDING_OPENSSL -DNDEBUG  -MMD -MF providers/implementations/ciphers/libdefault-lib-cipher_aria_gcm_hw.d.tmp -MT providers/implementations/ciphers/libdefault-lib-cipher_aria_gcm_hw.o -c -o providers/implementations/ciphers/libdefault-lib-cipher_aria_gcm_hw.o providers/implementations/ciphers/cipher_aria_gcm_hw.c
gcc  -I. -Icrypto -Iinclude -Iproviders/implementations/include -Iproviders/common/include  -DBSAES_ASM -DECP_NISTZ256_ASM -DECP_SM2P256_ASM -DKECCAK1600_ASM -DOPENSSL_CPUID_OBJ -DSHA1_ASM -DSHA256_ASM -DSHA512_ASM -DSM4_ASM -DVPAES_ASM -DVPSM4_ASM -fPIC -pthread -Wa,--noexecstack -Wall -O3 -DOPENSSL_USE_NODELETE -DOPENSSL_PIC -DOPENSSLDIR="\"/opt/ossl-static/ssl\"" -DENGINESDIR="\"/opt/ossl-static/lib/engines-3\"" -DMODULESDIR="\"/opt/ossl-static/lib/ossl-modules\"" -DOPENSSL_BUILDING_OPENSSL -DNDEBUG  -MMD -MF providers/implementations/ciphers/libdefault-lib-cipher_aria_hw.d.tmp -MT providers/implementations/ciphers/libdefault-lib-cipher_aria_hw.o -c -o providers/implementations/ciphers/libdefault-lib-cipher_aria_hw.o providers/implementations/ciphers/cipher_aria_hw.c
gcc  -I. -Icrypto -Iinclude -Iproviders/implementations/include -Iproviders/common/include  -DBSAES_ASM -DECP_NISTZ256_ASM -DECP_SM2P256_ASM -DKECCAK1600_ASM -DOPENSSL_CPUID_OBJ -DSHA1_ASM -DSHA256_ASM -DSHA512_ASM -DSM4_ASM -DVPAES_ASM -DVPSM4_ASM -fPIC -pthread -Wa,--noexecstack -Wall -O3 -DOPENSSL_USE_NODELETE -DOPENSSL_PIC -DOPENSSLDIR="\"/opt/ossl-static/ssl\"" -DENGINESDIR="\"/opt/ossl-static/lib/engines-3\"" -DMODULESDIR="\"/opt/ossl-static/lib/ossl-modules\"" -DOPENSSL_BUILDING_OPENSSL -DNDEBUG  -MMD -MF providers/implementations/ciphers/libdefault-lib-cipher_camellia.d.tmp -MT providers/implementations/ciphers/libdefault-lib-cipher_camellia.o -c -o providers/implementations/ciphers/libdefault-lib-cipher_camellia.o providers/implementations/ciphers/cipher_camellia.c
gcc  -I. -Icrypto -Iinclude -Iproviders/implementations/include -Iproviders/common/include  -DBSAES_ASM -DECP_NISTZ256_ASM -DECP_SM2P256_ASM -DKECCAK1600_ASM -DOPENSSL_CPUID_OBJ -DSHA1_ASM -DSHA256_ASM -DSHA512_ASM -DSM4_ASM -DVPAES_ASM -DVPSM4_ASM -fPIC -pthread -Wa,--noexecstack -Wall -O3 -DOPENSSL_USE_NODELETE -DOPENSSL_PIC -DOPENSSLDIR="\"/opt/ossl-static/ssl\"" -DENGINESDIR="\"/opt/ossl-static/lib/engines-3\"" -DMODULESDIR="\"/opt/ossl-static/lib/ossl-modules\"" -DOPENSSL_BUILDING_OPENSSL -DNDEBUG  -MMD -MF providers/implementations/ciphers/libdefault-lib-cipher_camellia_hw.d.tmp -MT providers/implementations/ciphers/libdefault-lib-cipher_camellia_hw.o -c -o providers/implementations/ciphers/libdefault-lib-cipher_camellia_hw.o providers/implementations/ciphers/cipher_camellia_hw.c
gcc  -I. -Icrypto -Iinclude -Iproviders/implementations/include -Iproviders/common/include  -DBSAES_ASM -DECP_NISTZ256_ASM -DECP_SM2P256_ASM -DKECCAK1600_ASM -DOPENSSL_CPUID_OBJ -DSHA1_ASM -DSHA256_ASM -DSHA512_ASM -DSM4_ASM -DVPAES_ASM -DVPSM4_ASM -fPIC -pthread -Wa,--noexecstack -Wall -O3 -DOPENSSL_USE_NODELETE -DOPENSSL_PIC -DOPENSSLDIR="\"/opt/ossl-static/ssl\"" -DENGINESDIR="\"/opt/ossl-static/lib/engines-3\"" -DMODULESDIR="\"/opt/ossl-static/lib/ossl-modules\"" -DOPENSSL_BUILDING_OPENSSL -DNDEBUG  -MMD -MF providers/implementations/ciphers/libdefault-lib-cipher_chacha20.d.tmp -MT providers/implementations/ciphers/libdefault-lib-cipher_chacha20.o -c -o providers/implementations/ciphers/libdefault-lib-cipher_chacha20.o providers/implementations/ciphers/cipher_chacha20.c
gcc  -I. -Icrypto -Iinclude -Iproviders/implementations/include -Iproviders/common/include  -DBSAES_ASM -DECP_NISTZ256_ASM -DECP_SM2P256_ASM -DKECCAK1600_ASM -DOPENSSL_CPUID_OBJ -DSHA1_ASM -DSHA256_ASM -DSHA512_ASM -DSM4_ASM -DVPAES_ASM -DVPSM4_ASM -fPIC -pthread -Wa,--noexecstack -Wall -O3 -DOPENSSL_USE_NODELETE -DOPENSSL_PIC -DOPENSSLDIR="\"/opt/ossl-static/ssl\"" -DENGINESDIR="\"/opt/ossl-static/lib/engines-3\"" -DMODULESDIR="\"/opt/ossl-static/lib/ossl-modules\"" -DOPENSSL_BUILDING_OPENSSL -DNDEBUG  -MMD -MF providers/implementations/ciphers/libdefault-lib-cipher_chacha20_hw.d.tmp -MT providers/implementations/ciphers/libdefault-lib-cipher_chacha20_hw.o -c -o providers/implementations/ciphers/libdefault-lib-cipher_chacha20_hw.o providers/implementations/ciphers/cipher_chacha20_hw.c
gcc  -I. -Icrypto -Iinclude -Iproviders/implementations/include -Iproviders/common/include  -DBSAES_ASM -DECP_NISTZ256_ASM -DECP_SM2P256_ASM -DKECCAK1600_ASM -DOPENSSL_CPUID_OBJ -DSHA1_ASM -DSHA256_ASM -DSHA512_ASM -DSM4_ASM -DVPAES_ASM -DVPSM4_ASM -fPIC -pthread -Wa,--noexecstack -Wall -O3 -DOPENSSL_USE_NODELETE -DOPENSSL_PIC -DOPENSSLDIR="\"/opt/ossl-static/ssl\"" -DENGINESDIR="\"/opt/ossl-static/lib/engines-3\"" -DMODULESDIR="\"/opt/ossl-static/lib/ossl-modules\"" -DOPENSSL_BUILDING_OPENSSL -DNDEBUG  -MMD -MF providers/implementations/ciphers/libdefault-lib-cipher_chacha20_poly1305.d.tmp -MT providers/implementations/ciphers/libdefault-lib-cipher_chacha20_poly1305.o -c -o providers/implementations/ciphers/libdefault-lib-cipher_chacha20_poly1305.o providers/implementations/ciphers/cipher_chacha20_poly1305.c
gcc  -I. -Icrypto -Iinclude -Iproviders/implementations/include -Iproviders/common/include  -DBSAES_ASM -DECP_NISTZ256_ASM -DECP_SM2P256_ASM -DKECCAK1600_ASM -DOPENSSL_CPUID_OBJ -DSHA1_ASM -DSHA256_ASM -DSHA512_ASM -DSM4_ASM -DVPAES_ASM -DVPSM4_ASM -fPIC -pthread -Wa,--noexecstack -Wall -O3 -DOPENSSL_USE_NODELETE -DOPENSSL_PIC -DOPENSSLDIR="\"/opt/ossl-static/ssl\"" -DENGINESDIR="\"/opt/ossl-static/lib/engines-3\"" -DMODULESDIR="\"/opt/ossl-static/lib/ossl-modules\"" -DOPENSSL_BUILDING_OPENSSL -DNDEBUG  -MMD -MF providers/implementations/ciphers/libdefault-lib-cipher_chacha20_poly1305_hw.d.tmp -MT providers/implementations/ciphers/libdefault-lib-cipher_chacha20_poly1305_hw.o -c -o providers/implementations/ciphers/libdefault-lib-cipher_chacha20_poly1305_hw.o providers/implementations/ciphers/cipher_chacha20_poly1305_hw.c
gcc  -I. -Icrypto -Iinclude -Iproviders/implementations/include -Iproviders/common/include  -DBSAES_ASM -DECP_NISTZ256_ASM -DECP_SM2P256_ASM -DKECCAK1600_ASM -DOPENSSL_CPUID_OBJ -DSHA1_ASM -DSHA256_ASM -DSHA512_ASM -DSM4_ASM -DVPAES_ASM -DVPSM4_ASM -fPIC -pthread -Wa,--noexecstack -Wall -O3 -DOPENSSL_USE_NODELETE -DOPENSSL_PIC -DOPENSSLDIR="\"/opt/ossl-static/ssl\"" -DENGINESDIR="\"/opt/ossl-static/lib/engines-3\"" -DMODULESDIR="\"/opt/ossl-static/lib/ossl-modules\"" -DOPENSSL_BUILDING_OPENSSL -DNDEBUG  -MMD -MF providers/implementations/ciphers/libdefault-lib-cipher_cts.d.tmp -MT providers/implementations/ciphers/libdefault-lib-cipher_cts.o -c -o providers/implementations/ciphers/libdefault-lib-cipher_cts.o providers/implementations/ciphers/cipher_cts.c
gcc  -I. -Icrypto -Iinclude -Iproviders/implementations/include -Iproviders/common/include  -DBSAES_ASM -DECP_NISTZ256_ASM -DECP_SM2P256_ASM -DKECCAK1600_ASM -DOPENSSL_CPUID_OBJ -DSHA1_ASM -DSHA256_ASM -DSHA512_ASM -DSM4_ASM -DVPAES_ASM -DVPSM4_ASM -fPIC -pthread -Wa,--noexecstack -Wall -O3 -DOPENSSL_USE_NODELETE -DOPENSSL_PIC -DOPENSSLDIR="\"/opt/ossl-static/ssl\"" -DENGINESDIR="\"/opt/ossl-static/lib/engines-3\"" -DMODULESDIR="\"/opt/ossl-static/lib/ossl-modules\"" -DOPENSSL_BUILDING_OPENSSL -DNDEBUG  -MMD -MF providers/implementations/ciphers/libdefault-lib-cipher_null.d.tmp -MT providers/implementations/ciphers/libdefault-lib-cipher_null.o -c -o providers/implementations/ciphers/libdefault-lib-cipher_null.o providers/implementations/ciphers/cipher_null.c
gcc  -I. -Icrypto -Iinclude -Iproviders/implementations/include -Iproviders/common/include  -DBSAES_ASM -DECP_NISTZ256_ASM -DECP_SM2P256_ASM -DKECCAK1600_ASM -DOPENSSL_CPUID_OBJ -DSHA1_ASM -DSHA256_ASM -DSHA512_ASM -DSM4_ASM -DVPAES_ASM -DVPSM4_ASM -fPIC -pthread -Wa,--noexecstack -Wall -O3 -DOPENSSL_USE_NODELETE -DOPENSSL_PIC -DOPENSSLDIR="\"/opt/ossl-static/ssl\"" -DENGINESDIR="\"/opt/ossl-static/lib/engines-3\"" -DMODULESDIR="\"/opt/ossl-static/lib/ossl-modules\"" -DOPENSSL_BUILDING_OPENSSL -DNDEBUG  -MMD -MF providers/implementations/ciphers/libdefault-lib-cipher_sm4.d.tmp -MT providers/implementations/ciphers/libdefault-lib-cipher_sm4.o -c -o providers/implementations/ciphers/libdefault-lib-cipher_sm4.o providers/implementations/ciphers/cipher_sm4.c
gcc  -I. -Icrypto -Iinclude -Iproviders/implementations/include -Iproviders/common/include  -DBSAES_ASM -DECP_NISTZ256_ASM -DECP_SM2P256_ASM -DKECCAK1600_ASM -DOPENSSL_CPUID_OBJ -DSHA1_ASM -DSHA256_ASM -DSHA512_ASM -DSM4_ASM -DVPAES_ASM -DVPSM4_ASM -fPIC -pthread -Wa,--noexecstack -Wall -O3 -DOPENSSL_USE_NODELETE -DOPENSSL_PIC -DOPENSSLDIR="\"/opt/ossl-static/ssl\"" -DENGINESDIR="\"/opt/ossl-static/lib/engines-3\"" -DMODULESDIR="\"/opt/ossl-static/lib/ossl-modules\"" -DOPENSSL_BUILDING_OPENSSL -DNDEBUG  -MMD -MF providers/implementations/ciphers/libdefault-lib-cipher_sm4_ccm.d.tmp -MT providers/implementations/ciphers/libdefault-lib-cipher_sm4_ccm.o -c -o providers/implementations/ciphers/libdefault-lib-cipher_sm4_ccm.o providers/implementations/ciphers/cipher_sm4_ccm.c
gcc  -I. -Icrypto -Iinclude -Iproviders/implementations/include -Iproviders/common/include  -DBSAES_ASM -DECP_NISTZ256_ASM -DECP_SM2P256_ASM -DKECCAK1600_ASM -DOPENSSL_CPUID_OBJ -DSHA1_ASM -DSHA256_ASM -DSHA512_ASM -DSM4_ASM -DVPAES_ASM -DVPSM4_ASM -fPIC -pthread -Wa,--noexecstack -Wall -O3 -DOPENSSL_USE_NODELETE -DOPENSSL_PIC -DOPENSSLDIR="\"/opt/ossl-static/ssl\"" -DENGINESDIR="\"/opt/ossl-static/lib/engines-3\"" -DMODULESDIR="\"/opt/ossl-static/lib/ossl-modules\"" -DOPENSSL_BUILDING_OPENSSL -DNDEBUG  -MMD -MF providers/implementations/ciphers/libdefault-lib-cipher_sm4_ccm_hw.d.tmp -MT providers/implementations/ciphers/libdefault-lib-cipher_sm4_ccm_hw.o -c -o providers/implementations/ciphers/libdefault-lib-cipher_sm4_ccm_hw.o providers/implementations/ciphers/cipher_sm4_ccm_hw.c
gcc  -I. -Icrypto -Iinclude -Iproviders/implementations/include -Iproviders/common/include  -DBSAES_ASM -DECP_NISTZ256_ASM -DECP_SM2P256_ASM -DKECCAK1600_ASM -DOPENSSL_CPUID_OBJ -DSHA1_ASM -DSHA256_ASM -DSHA512_ASM -DSM4_ASM -DVPAES_ASM -DVPSM4_ASM -fPIC -pthread -Wa,--noexecstack -Wall -O3 -DOPENSSL_USE_NODELETE -DOPENSSL_PIC -DOPENSSLDIR="\"/opt/ossl-static/ssl\"" -DENGINESDIR="\"/opt/ossl-static/lib/engines-3\"" -DMODULESDIR="\"/opt/ossl-static/lib/ossl-modules\"" -DOPENSSL_BUILDING_OPENSSL -DNDEBUG  -MMD -MF providers/implementations/ciphers/libdefault-lib-cipher_sm4_gcm.d.tmp -MT providers/implementations/ciphers/libdefault-lib-cipher_sm4_gcm.o -c -o providers/implementations/ciphers/libdefault-lib-cipher_sm4_gcm.o providers/implementations/ciphers/cipher_sm4_gcm.c
gcc  -I. -Icrypto -Iinclude -Iproviders/implementations/include -Iproviders/common/include  -DBSAES_ASM -DECP_NISTZ256_ASM -DECP_SM2P256_ASM -DKECCAK1600_ASM -DOPENSSL_CPUID_OBJ -DSHA1_ASM -DSHA256_ASM -DSHA512_ASM -DSM4_ASM -DVPAES_ASM -DVPSM4_ASM -fPIC -pthread -Wa,--noexecstack -Wall -O3 -DOPENSSL_USE_NODELETE -DOPENSSL_PIC -DOPENSSLDIR="\"/opt/ossl-static/ssl\"" -DENGINESDIR="\"/opt/ossl-static/lib/engines-3\"" -DMODULESDIR="\"/opt/ossl-static/lib/ossl-modules\"" -DOPENSSL_BUILDING_OPENSSL -DNDEBUG  -MMD -MF providers/implementations/ciphers/libdefault-lib-cipher_sm4_gcm_hw.d.tmp -MT providers/implementations/ciphers/libdefault-lib-cipher_sm4_gcm_hw.o -c -o providers/implementations/ciphers/libdefault-lib-cipher_sm4_gcm_hw.o providers/implementations/ciphers/cipher_sm4_gcm_hw.c
gcc  -I. -Icrypto -Iinclude -Iproviders/implementations/include -Iproviders/common/include  -DBSAES_ASM -DECP_NISTZ256_ASM -DECP_SM2P256_ASM -DKECCAK1600_ASM -DOPENSSL_CPUID_OBJ -DSHA1_ASM -DSHA256_ASM -DSHA512_ASM -DSM4_ASM -DVPAES_ASM -DVPSM4_ASM -fPIC -pthread -Wa,--noexecstack -Wall -O3 -DOPENSSL_USE_NODELETE -DOPENSSL_PIC -DOPENSSLDIR="\"/opt/ossl-static/ssl\"" -DENGINESDIR="\"/opt/ossl-static/lib/engines-3\"" -DMODULESDIR="\"/opt/ossl-static/lib/ossl-modules\"" -DOPENSSL_BUILDING_OPENSSL -DNDEBUG  -MMD -MF providers/implementations/ciphers/libdefault-lib-cipher_sm4_hw.d.tmp -MT providers/implementations/ciphers/libdefault-lib-cipher_sm4_hw.o -c -o providers/implementations/ciphers/libdefault-lib-cipher_sm4_hw.o providers/implementations/ciphers/cipher_sm4_hw.c
gcc  -I. -Icrypto -Iinclude -Iproviders/implementations/include -Iproviders/common/include  -DBSAES_ASM -DECP_NISTZ256_ASM -DECP_SM2P256_ASM -DKECCAK1600_ASM -DOPENSSL_CPUID_OBJ -DSHA1_ASM -DSHA256_ASM -DSHA512_ASM -DSM4_ASM -DVPAES_ASM -DVPSM4_ASM -fPIC -pthread -Wa,--noexecstack -Wall -O3 -DOPENSSL_USE_NODELETE -DOPENSSL_PIC -DOPENSSLDIR="\"/opt/ossl-static/ssl\"" -DENGINESDIR="\"/opt/ossl-static/lib/engines-3\"" -DMODULESDIR="\"/opt/ossl-static/lib/ossl-modules\"" -DOPENSSL_BUILDING_OPENSSL -DNDEBUG  -MMD -MF providers/implementations/ciphers/libdefault-lib-cipher_sm4_xts.d.tmp -MT providers/implementations/ciphers/libdefault-lib-cipher_sm4_xts.o -c -o providers/implementations/ciphers/libdefault-lib-cipher_sm4_xts.o providers/implementations/ciphers/cipher_sm4_xts.c
gcc  -I. -Icrypto -Iinclude -Iproviders/implementations/include -Iproviders/common/include  -DBSAES_ASM -DECP_NISTZ256_ASM -DECP_SM2P256_ASM -DKECCAK1600_ASM -DOPENSSL_CPUID_OBJ -DSHA1_ASM -DSHA256_ASM -DSHA512_ASM -DSM4_ASM -DVPAES_ASM -DVPSM4_ASM -fPIC -pthread -Wa,--noexecstack -Wall -O3 -DOPENSSL_USE_NODELETE -DOPENSSL_PIC -DOPENSSLDIR="\"/opt/ossl-static/ssl\"" -DENGINESDIR="\"/opt/ossl-static/lib/engines-3\"" -DMODULESDIR="\"/opt/ossl-static/lib/ossl-modules\"" -DOPENSSL_BUILDING_OPENSSL -DNDEBUG  -MMD -MF providers/implementations/ciphers/libdefault-lib-cipher_sm4_xts_hw.d.tmp -MT providers/implementations/ciphers/libdefault-lib-cipher_sm4_xts_hw.o -c -o providers/implementations/ciphers/libdefault-lib-cipher_sm4_xts_hw.o providers/implementations/ciphers/cipher_sm4_xts_hw.c
gcc  -I. -Icrypto -Iinclude -Iproviders/implementations/include -Iproviders/common/include  -DBSAES_ASM -DECP_NISTZ256_ASM -DECP_SM2P256_ASM -DKECCAK1600_ASM -DOPENSSL_CPUID_OBJ -DSHA1_ASM -DSHA256_ASM -DSHA512_ASM -DSM4_ASM -DVPAES_ASM -DVPSM4_ASM -fPIC -pthread -Wa,--noexecstack -Wall -O3 -DOPENSSL_USE_NODELETE -DOPENSSL_PIC -DOPENSSLDIR="\"/opt/ossl-static/ssl\"" -DENGINESDIR="\"/opt/ossl-static/lib/engines-3\"" -DMODULESDIR="\"/opt/ossl-static/lib/ossl-modules\"" -DOPENSSL_BUILDING_OPENSSL -DNDEBUG  -MMD -MF providers/implementations/ciphers/libdefault-lib-cipher_tdes.d.tmp -MT providers/implementations/ciphers/libdefault-lib-cipher_tdes.o -c -o providers/implementations/ciphers/libdefault-lib-cipher_tdes.o providers/implementations/ciphers/cipher_tdes.c
gcc  -I. -Icrypto -Iinclude -Iproviders/implementations/include -Iproviders/common/include  -DBSAES_ASM -DECP_NISTZ256_ASM -DECP_SM2P256_ASM -DKECCAK1600_ASM -DOPENSSL_CPUID_OBJ -DSHA1_ASM -DSHA256_ASM -DSHA512_ASM -DSM4_ASM -DVPAES_ASM -DVPSM4_ASM -fPIC -pthread -Wa,--noexecstack -Wall -O3 -DOPENSSL_USE_NODELETE -DOPENSSL_PIC -DOPENSSLDIR="\"/opt/ossl-static/ssl\"" -DENGINESDIR="\"/opt/ossl-static/lib/engines-3\"" -DMODULESDIR="\"/opt/ossl-static/lib/ossl-modules\"" -DOPENSSL_BUILDING_OPENSSL -DNDEBUG  -MMD -MF providers/implementations/ciphers/libdefault-lib-cipher_tdes_common.d.tmp -MT providers/implementations/ciphers/libdefault-lib-cipher_tdes_common.o -c -o providers/implementations/ciphers/libdefault-lib-cipher_tdes_common.o providers/implementations/ciphers/cipher_tdes_common.c
gcc  -I. -Icrypto -Iinclude -Iproviders/implementations/include -Iproviders/common/include  -DBSAES_ASM -DECP_NISTZ256_ASM -DECP_SM2P256_ASM -DKECCAK1600_ASM -DOPENSSL_CPUID_OBJ -DSHA1_ASM -DSHA256_ASM -DSHA512_ASM -DSM4_ASM -DVPAES_ASM -DVPSM4_ASM -fPIC -pthread -Wa,--noexecstack -Wall -O3 -DOPENSSL_USE_NODELETE -DOPENSSL_PIC -DOPENSSLDIR="\"/opt/ossl-static/ssl\"" -DENGINESDIR="\"/opt/ossl-static/lib/engines-3\"" -DMODULESDIR="\"/opt/ossl-static/lib/ossl-modules\"" -DOPENSSL_BUILDING_OPENSSL -DNDEBUG  -MMD -MF providers/implementations/ciphers/libdefault-lib-cipher_tdes_default.d.tmp -MT providers/implementations/ciphers/libdefault-lib-cipher_tdes_default.o -c -o providers/implementations/ciphers/libdefault-lib-cipher_tdes_default.o providers/implementations/ciphers/cipher_tdes_default.c
gcc  -I. -Icrypto -Iinclude -Iproviders/implementations/include -Iproviders/common/include  -DBSAES_ASM -DECP_NISTZ256_ASM -DECP_SM2P256_ASM -DKECCAK1600_ASM -DOPENSSL_CPUID_OBJ -DSHA1_ASM -DSHA256_ASM -DSHA512_ASM -DSM4_ASM -DVPAES_ASM -DVPSM4_ASM -fPIC -pthread -Wa,--noexecstack -Wall -O3 -DOPENSSL_USE_NODELETE -DOPENSSL_PIC -DOPENSSLDIR="\"/opt/ossl-static/ssl\"" -DENGINESDIR="\"/opt/ossl-static/lib/engines-3\"" -DMODULESDIR="\"/opt/ossl-static/lib/ossl-modules\"" -DOPENSSL_BUILDING_OPENSSL -DNDEBUG  -MMD -MF providers/implementations/ciphers/libdefault-lib-cipher_tdes_default_hw.d.tmp -MT providers/implementations/ciphers/libdefault-lib-cipher_tdes_default_hw.o -c -o providers/implementations/ciphers/libdefault-lib-cipher_tdes_default_hw.o providers/implementations/ciphers/cipher_tdes_default_hw.c
gcc  -I. -Icrypto -Iinclude -Iproviders/implementations/include -Iproviders/common/include  -DBSAES_ASM -DECP_NISTZ256_ASM -DECP_SM2P256_ASM -DKECCAK1600_ASM -DOPENSSL_CPUID_OBJ -DSHA1_ASM -DSHA256_ASM -DSHA512_ASM -DSM4_ASM -DVPAES_ASM -DVPSM4_ASM -fPIC -pthread -Wa,--noexecstack -Wall -O3 -DOPENSSL_USE_NODELETE -DOPENSSL_PIC -DOPENSSLDIR="\"/opt/ossl-static/ssl\"" -DENGINESDIR="\"/opt/ossl-static/lib/engines-3\"" -DMODULESDIR="\"/opt/ossl-static/lib/ossl-modules\"" -DOPENSSL_BUILDING_OPENSSL -DNDEBUG  -MMD -MF providers/implementations/ciphers/libdefault-lib-cipher_tdes_hw.d.tmp -MT providers/implementations/ciphers/libdefault-lib-cipher_tdes_hw.o -c -o providers/implementations/ciphers/libdefault-lib-cipher_tdes_hw.o providers/implementations/ciphers/cipher_tdes_hw.c
gcc  -I. -Icrypto -Iinclude -Iproviders/implementations/include -Iproviders/common/include  -DBSAES_ASM -DECP_NISTZ256_ASM -DECP_SM2P256_ASM -DKECCAK1600_ASM -DOPENSSL_CPUID_OBJ -DSHA1_ASM -DSHA256_ASM -DSHA512_ASM -DSM4_ASM -DVPAES_ASM -DVPSM4_ASM -fPIC -pthread -Wa,--noexecstack -Wall -O3 -DOPENSSL_USE_NODELETE -DOPENSSL_PIC -DOPENSSLDIR="\"/opt/ossl-static/ssl\"" -DENGINESDIR="\"/opt/ossl-static/lib/engines-3\"" -DMODULESDIR="\"/opt/ossl-static/lib/ossl-modules\"" -DOPENSSL_BUILDING_OPENSSL -DNDEBUG  -MMD -MF providers/implementations/ciphers/libdefault-lib-cipher_tdes_wrap.d.tmp -MT providers/implementations/ciphers/libdefault-lib-cipher_tdes_wrap.o -c -o providers/implementations/ciphers/libdefault-lib-cipher_tdes_wrap.o providers/implementations/ciphers/cipher_tdes_wrap.c
gcc  -I. -Icrypto -Iinclude -Iproviders/implementations/include -Iproviders/common/include  -DBSAES_ASM -DECP_NISTZ256_ASM -DECP_SM2P256_ASM -DKECCAK1600_ASM -DOPENSSL_CPUID_OBJ -DSHA1_ASM -DSHA256_ASM -DSHA512_ASM -DSM4_ASM -DVPAES_ASM -DVPSM4_ASM -fPIC -pthread -Wa,--noexecstack -Wall -O3 -DOPENSSL_USE_NODELETE -DOPENSSL_PIC -DOPENSSLDIR="\"/opt/ossl-static/ssl\"" -DENGINESDIR="\"/opt/ossl-static/lib/engines-3\"" -DMODULESDIR="\"/opt/ossl-static/lib/ossl-modules\"" -DOPENSSL_BUILDING_OPENSSL -DNDEBUG  -MMD -MF providers/implementations/ciphers/libdefault-lib-cipher_tdes_wrap_hw.d.tmp -MT providers/implementations/ciphers/libdefault-lib-cipher_tdes_wrap_hw.o -c -o providers/implementations/ciphers/libdefault-lib-cipher_tdes_wrap_hw.o providers/implementations/ciphers/cipher_tdes_wrap_hw.c
gcc  -I. -Icrypto -Iinclude -Iproviders/implementations/include -Iproviders/common/include  -DBSAES_ASM -DECP_NISTZ256_ASM -DECP_SM2P256_ASM -DKECCAK1600_ASM -DOPENSSL_CPUID_OBJ -DSHA1_ASM -DSHA256_ASM -DSHA512_ASM -DSM4_ASM -DVPAES_ASM -DVPSM4_ASM -fPIC -pthread -Wa,--noexecstack -Wall -O3 -DOPENSSL_USE_NODELETE -DOPENSSL_PIC -DOPENSSLDIR="\"/opt/ossl-static/ssl\"" -DENGINESDIR="\"/opt/ossl-static/lib/engines-3\"" -DMODULESDIR="\"/opt/ossl-static/lib/ossl-modules\"" -DOPENSSL_BUILDING_OPENSSL -DNDEBUG  -MMD -MF providers/implementations/digests/libdefault-lib-blake2_prov.d.tmp -MT providers/implementations/digests/libdefault-lib-blake2_prov.o -c -o providers/implementations/digests/libdefault-lib-blake2_prov.o providers/implementations/digests/blake2_prov.c
gcc  -I. -Icrypto -Iinclude -Iproviders/implementations/include -Iproviders/common/include  -DBSAES_ASM -DECP_NISTZ256_ASM -DECP_SM2P256_ASM -DKECCAK1600_ASM -DOPENSSL_CPUID_OBJ -DSHA1_ASM -DSHA256_ASM -DSHA512_ASM -DSM4_ASM -DVPAES_ASM -DVPSM4_ASM -fPIC -pthread -Wa,--noexecstack -Wall -O3 -DOPENSSL_USE_NODELETE -DOPENSSL_PIC -DOPENSSLDIR="\"/opt/ossl-static/ssl\"" -DENGINESDIR="\"/opt/ossl-static/lib/engines-3\"" -DMODULESDIR="\"/opt/ossl-static/lib/ossl-modules\"" -DOPENSSL_BUILDING_OPENSSL -DNDEBUG  -MMD -MF providers/implementations/digests/libdefault-lib-blake2b_prov.d.tmp -MT providers/implementations/digests/libdefault-lib-blake2b_prov.o -c -o providers/implementations/digests/libdefault-lib-blake2b_prov.o providers/implementations/digests/blake2b_prov.c
gcc  -I. -Icrypto -Iinclude -Iproviders/implementations/include -Iproviders/common/include  -DBSAES_ASM -DECP_NISTZ256_ASM -DECP_SM2P256_ASM -DKECCAK1600_ASM -DOPENSSL_CPUID_OBJ -DSHA1_ASM -DSHA256_ASM -DSHA512_ASM -DSM4_ASM -DVPAES_ASM -DVPSM4_ASM -fPIC -pthread -Wa,--noexecstack -Wall -O3 -DOPENSSL_USE_NODELETE -DOPENSSL_PIC -DOPENSSLDIR="\"/opt/ossl-static/ssl\"" -DENGINESDIR="\"/opt/ossl-static/lib/engines-3\"" -DMODULESDIR="\"/opt/ossl-static/lib/ossl-modules\"" -DOPENSSL_BUILDING_OPENSSL -DNDEBUG  -MMD -MF providers/implementations/digests/libdefault-lib-blake2s_prov.d.tmp -MT providers/implementations/digests/libdefault-lib-blake2s_prov.o -c -o providers/implementations/digests/libdefault-lib-blake2s_prov.o providers/implementations/digests/blake2s_prov.c
gcc  -I. -Icrypto -Iinclude -Iproviders/implementations/include -Iproviders/common/include  -DBSAES_ASM -DECP_NISTZ256_ASM -DECP_SM2P256_ASM -DKECCAK1600_ASM -DOPENSSL_CPUID_OBJ -DSHA1_ASM -DSHA256_ASM -DSHA512_ASM -DSM4_ASM -DVPAES_ASM -DVPSM4_ASM -fPIC -pthread -Wa,--noexecstack -Wall -O3 -DOPENSSL_USE_NODELETE -DOPENSSL_PIC -DOPENSSLDIR="\"/opt/ossl-static/ssl\"" -DENGINESDIR="\"/opt/ossl-static/lib/engines-3\"" -DMODULESDIR="\"/opt/ossl-static/lib/ossl-modules\"" -DOPENSSL_BUILDING_OPENSSL -DNDEBUG  -MMD -MF providers/implementations/digests/libdefault-lib-md5_prov.d.tmp -MT providers/implementations/digests/libdefault-lib-md5_prov.o -c -o providers/implementations/digests/libdefault-lib-md5_prov.o providers/implementations/digests/md5_prov.c
gcc  -I. -Icrypto -Iinclude -Iproviders/implementations/include -Iproviders/common/include  -DBSAES_ASM -DECP_NISTZ256_ASM -DECP_SM2P256_ASM -DKECCAK1600_ASM -DOPENSSL_CPUID_OBJ -DSHA1_ASM -DSHA256_ASM -DSHA512_ASM -DSM4_ASM -DVPAES_ASM -DVPSM4_ASM -fPIC -pthread -Wa,--noexecstack -Wall -O3 -DOPENSSL_USE_NODELETE -DOPENSSL_PIC -DOPENSSLDIR="\"/opt/ossl-static/ssl\"" -DENGINESDIR="\"/opt/ossl-static/lib/engines-3\"" -DMODULESDIR="\"/opt/ossl-static/lib/ossl-modules\"" -DOPENSSL_BUILDING_OPENSSL -DNDEBUG  -MMD -MF providers/implementations/digests/libdefault-lib-md5_sha1_prov.d.tmp -MT providers/implementations/digests/libdefault-lib-md5_sha1_prov.o -c -o providers/implementations/digests/libdefault-lib-md5_sha1_prov.o providers/implementations/digests/md5_sha1_prov.c
gcc  -I. -Icrypto -Iinclude -Iproviders/implementations/include -Iproviders/common/include  -DBSAES_ASM -DECP_NISTZ256_ASM -DECP_SM2P256_ASM -DKECCAK1600_ASM -DOPENSSL_CPUID_OBJ -DSHA1_ASM -DSHA256_ASM -DSHA512_ASM -DSM4_ASM -DVPAES_ASM -DVPSM4_ASM -fPIC -pthread -Wa,--noexecstack -Wall -O3 -DOPENSSL_USE_NODELETE -DOPENSSL_PIC -DOPENSSLDIR="\"/opt/ossl-static/ssl\"" -DENGINESDIR="\"/opt/ossl-static/lib/engines-3\"" -DMODULESDIR="\"/opt/ossl-static/lib/ossl-modules\"" -DOPENSSL_BUILDING_OPENSSL -DNDEBUG  -MMD -MF providers/implementations/digests/libdefault-lib-null_prov.d.tmp -MT providers/implementations/digests/libdefault-lib-null_prov.o -c -o providers/implementations/digests/libdefault-lib-null_prov.o providers/implementations/digests/null_prov.c
gcc  -I. -Icrypto -Iinclude -Iproviders/implementations/include -Iproviders/common/include  -DBSAES_ASM -DECP_NISTZ256_ASM -DECP_SM2P256_ASM -DKECCAK1600_ASM -DOPENSSL_CPUID_OBJ -DSHA1_ASM -DSHA256_ASM -DSHA512_ASM -DSM4_ASM -DVPAES_ASM -DVPSM4_ASM -fPIC -pthread -Wa,--noexecstack -Wall -O3 -DOPENSSL_USE_NODELETE -DOPENSSL_PIC -DOPENSSLDIR="\"/opt/ossl-static/ssl\"" -DENGINESDIR="\"/opt/ossl-static/lib/engines-3\"" -DMODULESDIR="\"/opt/ossl-static/lib/ossl-modules\"" -DOPENSSL_BUILDING_OPENSSL -DNDEBUG  -MMD -MF providers/implementations/digests/libdefault-lib-ripemd_prov.d.tmp -MT providers/implementations/digests/libdefault-lib-ripemd_prov.o -c -o providers/implementations/digests/libdefault-lib-ripemd_prov.o providers/implementations/digests/ripemd_prov.c
gcc  -I. -Icrypto -Iinclude -Iproviders/implementations/include -Iproviders/common/include  -DBSAES_ASM -DECP_NISTZ256_ASM -DECP_SM2P256_ASM -DKECCAK1600_ASM -DOPENSSL_CPUID_OBJ -DSHA1_ASM -DSHA256_ASM -DSHA512_ASM -DSM4_ASM -DVPAES_ASM -DVPSM4_ASM -fPIC -pthread -Wa,--noexecstack -Wall -O3 -DOPENSSL_USE_NODELETE -DOPENSSL_PIC -DOPENSSLDIR="\"/opt/ossl-static/ssl\"" -DENGINESDIR="\"/opt/ossl-static/lib/engines-3\"" -DMODULESDIR="\"/opt/ossl-static/lib/ossl-modules\"" -DOPENSSL_BUILDING_OPENSSL -DNDEBUG  -MMD -MF providers/implementations/digests/libdefault-lib-sha2_prov.d.tmp -MT providers/implementations/digests/libdefault-lib-sha2_prov.o -c -o providers/implementations/digests/libdefault-lib-sha2_prov.o providers/implementations/digests/sha2_prov.c
gcc  -I. -Icrypto -Iinclude -Iproviders/implementations/include -Iproviders/common/include  -DBSAES_ASM -DECP_NISTZ256_ASM -DECP_SM2P256_ASM -DKECCAK1600_ASM -DOPENSSL_CPUID_OBJ -DSHA1_ASM -DSHA256_ASM -DSHA512_ASM -DSM4_ASM -DVPAES_ASM -DVPSM4_ASM -fPIC -pthread -Wa,--noexecstack -Wall -O3 -DOPENSSL_USE_NODELETE -DOPENSSL_PIC -DOPENSSLDIR="\"/opt/ossl-static/ssl\"" -DENGINESDIR="\"/opt/ossl-static/lib/engines-3\"" -DMODULESDIR="\"/opt/ossl-static/lib/ossl-modules\"" -DOPENSSL_BUILDING_OPENSSL -DNDEBUG  -MMD -MF providers/implementations/digests/libdefault-lib-sha3_prov.d.tmp -MT providers/implementations/digests/libdefault-lib-sha3_prov.o -c -o providers/implementations/digests/libdefault-lib-sha3_prov.o providers/implementations/digests/sha3_prov.c
gcc  -I. -Icrypto -Iinclude -Iproviders/implementations/include -Iproviders/common/include  -DBSAES_ASM -DECP_NISTZ256_ASM -DECP_SM2P256_ASM -DKECCAK1600_ASM -DOPENSSL_CPUID_OBJ -DSHA1_ASM -DSHA256_ASM -DSHA512_ASM -DSM4_ASM -DVPAES_ASM -DVPSM4_ASM -fPIC -pthread -Wa,--noexecstack -Wall -O3 -DOPENSSL_USE_NODELETE -DOPENSSL_PIC -DOPENSSLDIR="\"/opt/ossl-static/ssl\"" -DENGINESDIR="\"/opt/ossl-static/lib/engines-3\"" -DMODULESDIR="\"/opt/ossl-static/lib/ossl-modules\"" -DOPENSSL_BUILDING_OPENSSL -DNDEBUG  -MMD -MF providers/implementations/digests/libdefault-lib-sm3_prov.d.tmp -MT providers/implementations/digests/libdefault-lib-sm3_prov.o -c -o providers/implementations/digests/libdefault-lib-sm3_prov.o providers/implementations/digests/sm3_prov.c
gcc  -I. -Icrypto -Iinclude -Iproviders/implementations/include -Iproviders/common/include  -DBSAES_ASM -DECP_NISTZ256_ASM -DECP_SM2P256_ASM -DKECCAK1600_ASM -DOPENSSL_CPUID_OBJ -DSHA1_ASM -DSHA256_ASM -DSHA512_ASM -DSM4_ASM -DVPAES_ASM -DVPSM4_ASM -fPIC -pthread -Wa,--noexecstack -Wall -O3 -DOPENSSL_USE_NODELETE -DOPENSSL_PIC -DOPENSSLDIR="\"/opt/ossl-static/ssl\"" -DENGINESDIR="\"/opt/ossl-static/lib/engines-3\"" -DMODULESDIR="\"/opt/ossl-static/lib/ossl-modules\"" -DOPENSSL_BUILDING_OPENSSL -DNDEBUG  -MMD -MF providers/implementations/encode_decode/libdefault-lib-decode_der2key.d.tmp -MT providers/implementations/encode_decode/libdefault-lib-decode_der2key.o -c -o providers/implementations/encode_decode/libdefault-lib-decode_der2key.o providers/implementations/encode_decode/decode_der2key.c
gcc  -I. -Icrypto -Iinclude -Iproviders/implementations/include -Iproviders/common/include  -DBSAES_ASM -DECP_NISTZ256_ASM -DECP_SM2P256_ASM -DKECCAK1600_ASM -DOPENSSL_CPUID_OBJ -DSHA1_ASM -DSHA256_ASM -DSHA512_ASM -DSM4_ASM -DVPAES_ASM -DVPSM4_ASM -fPIC -pthread -Wa,--noexecstack -Wall -O3 -DOPENSSL_USE_NODELETE -DOPENSSL_PIC -DOPENSSLDIR="\"/opt/ossl-static/ssl\"" -DENGINESDIR="\"/opt/ossl-static/lib/engines-3\"" -DMODULESDIR="\"/opt/ossl-static/lib/ossl-modules\"" -DOPENSSL_BUILDING_OPENSSL -DNDEBUG  -MMD -MF providers/implementations/encode_decode/libdefault-lib-decode_epki2pki.d.tmp -MT providers/implementations/encode_decode/libdefault-lib-decode_epki2pki.o -c -o providers/implementations/encode_decode/libdefault-lib-decode_epki2pki.o providers/implementations/encode_decode/decode_epki2pki.c
gcc  -I. -Icrypto -Iinclude -Iproviders/implementations/include -Iproviders/common/include  -DBSAES_ASM -DECP_NISTZ256_ASM -DECP_SM2P256_ASM -DKECCAK1600_ASM -DOPENSSL_CPUID_OBJ -DSHA1_ASM -DSHA256_ASM -DSHA512_ASM -DSM4_ASM -DVPAES_ASM -DVPSM4_ASM -fPIC -pthread -Wa,--noexecstack -Wall -O3 -DOPENSSL_USE_NODELETE -DOPENSSL_PIC -DOPENSSLDIR="\"/opt/ossl-static/ssl\"" -DENGINESDIR="\"/opt/ossl-static/lib/engines-3\"" -DMODULESDIR="\"/opt/ossl-static/lib/ossl-modules\"" -DOPENSSL_BUILDING_OPENSSL -DNDEBUG  -MMD -MF providers/implementations/encode_decode/libdefault-lib-decode_msblob2key.d.tmp -MT providers/implementations/encode_decode/libdefault-lib-decode_msblob2key.o -c -o providers/implementations/encode_decode/libdefault-lib-decode_msblob2key.o providers/implementations/encode_decode/decode_msblob2key.c
gcc  -I. -Icrypto -Iinclude -Iproviders/implementations/include -Iproviders/common/include  -DBSAES_ASM -DECP_NISTZ256_ASM -DECP_SM2P256_ASM -DKECCAK1600_ASM -DOPENSSL_CPUID_OBJ -DSHA1_ASM -DSHA256_ASM -DSHA512_ASM -DSM4_ASM -DVPAES_ASM -DVPSM4_ASM -fPIC -pthread -Wa,--noexecstack -Wall -O3 -DOPENSSL_USE_NODELETE -DOPENSSL_PIC -DOPENSSLDIR="\"/opt/ossl-static/ssl\"" -DENGINESDIR="\"/opt/ossl-static/lib/engines-3\"" -DMODULESDIR="\"/opt/ossl-static/lib/ossl-modules\"" -DOPENSSL_BUILDING_OPENSSL -DNDEBUG  -MMD -MF providers/implementations/encode_decode/libdefault-lib-decode_pem2der.d.tmp -MT providers/implementations/encode_decode/libdefault-lib-decode_pem2der.o -c -o providers/implementations/encode_decode/libdefault-lib-decode_pem2der.o providers/implementations/encode_decode/decode_pem2der.c
gcc  -I. -Icrypto -Iinclude -Iproviders/implementations/include -Iproviders/common/include  -DBSAES_ASM -DECP_NISTZ256_ASM -DECP_SM2P256_ASM -DKECCAK1600_ASM -DOPENSSL_CPUID_OBJ -DSHA1_ASM -DSHA256_ASM -DSHA512_ASM -DSM4_ASM -DVPAES_ASM -DVPSM4_ASM -fPIC -pthread -Wa,--noexecstack -Wall -O3 -DOPENSSL_USE_NODELETE -DOPENSSL_PIC -DOPENSSLDIR="\"/opt/ossl-static/ssl\"" -DENGINESDIR="\"/opt/ossl-static/lib/engines-3\"" -DMODULESDIR="\"/opt/ossl-static/lib/ossl-modules\"" -DOPENSSL_BUILDING_OPENSSL -DNDEBUG  -MMD -MF providers/implementations/encode_decode/libdefault-lib-decode_pvk2key.d.tmp -MT providers/implementations/encode_decode/libdefault-lib-decode_pvk2key.o -c -o providers/implementations/encode_decode/libdefault-lib-decode_pvk2key.o providers/implementations/encode_decode/decode_pvk2key.c
gcc  -I. -Icrypto -Iinclude -Iproviders/implementations/include -Iproviders/common/include  -DBSAES_ASM -DECP_NISTZ256_ASM -DECP_SM2P256_ASM -DKECCAK1600_ASM -DOPENSSL_CPUID_OBJ -DSHA1_ASM -DSHA256_ASM -DSHA512_ASM -DSM4_ASM -DVPAES_ASM -DVPSM4_ASM -fPIC -pthread -Wa,--noexecstack -Wall -O3 -DOPENSSL_USE_NODELETE -DOPENSSL_PIC -DOPENSSLDIR="\"/opt/ossl-static/ssl\"" -DENGINESDIR="\"/opt/ossl-static/lib/engines-3\"" -DMODULESDIR="\"/opt/ossl-static/lib/ossl-modules\"" -DOPENSSL_BUILDING_OPENSSL -DNDEBUG  -MMD -MF providers/implementations/encode_decode/libdefault-lib-decode_spki2typespki.d.tmp -MT providers/implementations/encode_decode/libdefault-lib-decode_spki2typespki.o -c -o providers/implementations/encode_decode/libdefault-lib-decode_spki2typespki.o providers/implementations/encode_decode/decode_spki2typespki.c
gcc  -Iproviders/common/include/prov -I. -Icrypto -Iinclude -Iproviders/implementations/include -Iproviders/common/include  -DBSAES_ASM -DECP_NISTZ256_ASM -DECP_SM2P256_ASM -DKECCAK1600_ASM -DOPENSSL_CPUID_OBJ -DSHA1_ASM -DSHA256_ASM -DSHA512_ASM -DSM4_ASM -DVPAES_ASM -DVPSM4_ASM -fPIC -pthread -Wa,--noexecstack -Wall -O3 -DOPENSSL_USE_NODELETE -DOPENSSL_PIC -DOPENSSLDIR="\"/opt/ossl-static/ssl\"" -DENGINESDIR="\"/opt/ossl-static/lib/engines-3\"" -DMODULESDIR="\"/opt/ossl-static/lib/ossl-modules\"" -DOPENSSL_BUILDING_OPENSSL -DNDEBUG  -MMD -MF providers/implementations/encode_decode/libdefault-lib-encode_key2any.d.tmp -MT providers/implementations/encode_decode/libdefault-lib-encode_key2any.o -c -o providers/implementations/encode_decode/libdefault-lib-encode_key2any.o providers/implementations/encode_decode/encode_key2any.c
gcc  -I. -Icrypto -Iinclude -Iproviders/implementations/include -Iproviders/common/include  -DBSAES_ASM -DECP_NISTZ256_ASM -DECP_SM2P256_ASM -DKECCAK1600_ASM -DOPENSSL_CPUID_OBJ -DSHA1_ASM -DSHA256_ASM -DSHA512_ASM -DSM4_ASM -DVPAES_ASM -DVPSM4_ASM -fPIC -pthread -Wa,--noexecstack -Wall -O3 -DOPENSSL_USE_NODELETE -DOPENSSL_PIC -DOPENSSLDIR="\"/opt/ossl-static/ssl\"" -DENGINESDIR="\"/opt/ossl-static/lib/engines-3\"" -DMODULESDIR="\"/opt/ossl-static/lib/ossl-modules\"" -DOPENSSL_BUILDING_OPENSSL -DNDEBUG  -MMD -MF providers/implementations/encode_decode/libdefault-lib-encode_key2blob.d.tmp -MT providers/implementations/encode_decode/libdefault-lib-encode_key2blob.o -c -o providers/implementations/encode_decode/libdefault-lib-encode_key2blob.o providers/implementations/encode_decode/encode_key2blob.c
gcc  -I. -Icrypto -Iinclude -Iproviders/implementations/include -Iproviders/common/include  -DBSAES_ASM -DECP_NISTZ256_ASM -DECP_SM2P256_ASM -DKECCAK1600_ASM -DOPENSSL_CPUID_OBJ -DSHA1_ASM -DSHA256_ASM -DSHA512_ASM -DSM4_ASM -DVPAES_ASM -DVPSM4_ASM -fPIC -pthread -Wa,--noexecstack -Wall -O3 -DOPENSSL_USE_NODELETE -DOPENSSL_PIC -DOPENSSLDIR="\"/opt/ossl-static/ssl\"" -DENGINESDIR="\"/opt/ossl-static/lib/engines-3\"" -DMODULESDIR="\"/opt/ossl-static/lib/ossl-modules\"" -DOPENSSL_BUILDING_OPENSSL -DNDEBUG  -MMD -MF providers/implementations/encode_decode/libdefault-lib-encode_key2ms.d.tmp -MT providers/implementations/encode_decode/libdefault-lib-encode_key2ms.o -c -o providers/implementations/encode_decode/libdefault-lib-encode_key2ms.o providers/implementations/encode_decode/encode_key2ms.c
gcc  -I. -Icrypto -Iinclude -Iproviders/implementations/include -Iproviders/common/include  -DBSAES_ASM -DECP_NISTZ256_ASM -DECP_SM2P256_ASM -DKECCAK1600_ASM -DOPENSSL_CPUID_OBJ -DSHA1_ASM -DSHA256_ASM -DSHA512_ASM -DSM4_ASM -DVPAES_ASM -DVPSM4_ASM -fPIC -pthread -Wa,--noexecstack -Wall -O3 -DOPENSSL_USE_NODELETE -DOPENSSL_PIC -DOPENSSLDIR="\"/opt/ossl-static/ssl\"" -DENGINESDIR="\"/opt/ossl-static/lib/engines-3\"" -DMODULESDIR="\"/opt/ossl-static/lib/ossl-modules\"" -DOPENSSL_BUILDING_OPENSSL -DNDEBUG  -MMD -MF providers/implementations/encode_decode/libdefault-lib-encode_key2text.d.tmp -MT providers/implementations/encode_decode/libdefault-lib-encode_key2text.o -c -o providers/implementations/encode_decode/libdefault-lib-encode_key2text.o providers/implementations/encode_decode/encode_key2text.c
gcc  -I. -Icrypto -Iinclude -Iproviders/implementations/include -Iproviders/common/include  -DBSAES_ASM -DECP_NISTZ256_ASM -DECP_SM2P256_ASM -DKECCAK1600_ASM -DOPENSSL_CPUID_OBJ -DSHA1_ASM -DSHA256_ASM -DSHA512_ASM -DSM4_ASM -DVPAES_ASM -DVPSM4_ASM -fPIC -pthread -Wa,--noexecstack -Wall -O3 -DOPENSSL_USE_NODELETE -DOPENSSL_PIC -DOPENSSLDIR="\"/opt/ossl-static/ssl\"" -DENGINESDIR="\"/opt/ossl-static/lib/engines-3\"" -DMODULESDIR="\"/opt/ossl-static/lib/ossl-modules\"" -DOPENSSL_BUILDING_OPENSSL -DNDEBUG  -MMD -MF providers/implementations/encode_decode/libdefault-lib-endecoder_common.d.tmp -MT providers/implementations/encode_decode/libdefault-lib-endecoder_common.o -c -o providers/implementations/encode_decode/libdefault-lib-endecoder_common.o providers/implementations/encode_decode/endecoder_common.c
gcc  -I. -Icrypto -Iinclude -Iproviders/implementations/include -Iproviders/common/include  -DBSAES_ASM -DECP_NISTZ256_ASM -DECP_SM2P256_ASM -DKECCAK1600_ASM -DOPENSSL_CPUID_OBJ -DSHA1_ASM -DSHA256_ASM -DSHA512_ASM -DSM4_ASM -DVPAES_ASM -DVPSM4_ASM -fPIC -pthread -Wa,--noexecstack -Wall -O3 -DOPENSSL_USE_NODELETE -DOPENSSL_PIC -DOPENSSLDIR="\"/opt/ossl-static/ssl\"" -DENGINESDIR="\"/opt/ossl-static/lib/engines-3\"" -DMODULESDIR="\"/opt/ossl-static/lib/ossl-modules\"" -DOPENSSL_BUILDING_OPENSSL -DNDEBUG  -MMD -MF providers/implementations/exchange/libdefault-lib-dh_exch.d.tmp -MT providers/implementations/exchange/libdefault-lib-dh_exch.o -c -o providers/implementations/exchange/libdefault-lib-dh_exch.o providers/implementations/exchange/dh_exch.c
gcc  -I. -Icrypto -Iinclude -Iproviders/implementations/include -Iproviders/common/include  -DBSAES_ASM -DECP_NISTZ256_ASM -DECP_SM2P256_ASM -DKECCAK1600_ASM -DOPENSSL_CPUID_OBJ -DSHA1_ASM -DSHA256_ASM -DSHA512_ASM -DSM4_ASM -DVPAES_ASM -DVPSM4_ASM -fPIC -pthread -Wa,--noexecstack -Wall -O3 -DOPENSSL_USE_NODELETE -DOPENSSL_PIC -DOPENSSLDIR="\"/opt/ossl-static/ssl\"" -DENGINESDIR="\"/opt/ossl-static/lib/engines-3\"" -DMODULESDIR="\"/opt/ossl-static/lib/ossl-modules\"" -DOPENSSL_BUILDING_OPENSSL -DNDEBUG  -MMD -MF providers/implementations/exchange/libdefault-lib-ecdh_exch.d.tmp -MT providers/implementations/exchange/libdefault-lib-ecdh_exch.o -c -o providers/implementations/exchange/libdefault-lib-ecdh_exch.o providers/implementations/exchange/ecdh_exch.c
gcc  -I. -Icrypto -Iinclude -Iproviders/implementations/include -Iproviders/common/include  -DBSAES_ASM -DECP_NISTZ256_ASM -DECP_SM2P256_ASM -DKECCAK1600_ASM -DOPENSSL_CPUID_OBJ -DSHA1_ASM -DSHA256_ASM -DSHA512_ASM -DSM4_ASM -DVPAES_ASM -DVPSM4_ASM -fPIC -pthread -Wa,--noexecstack -Wall -O3 -DOPENSSL_USE_NODELETE -DOPENSSL_PIC -DOPENSSLDIR="\"/opt/ossl-static/ssl\"" -DENGINESDIR="\"/opt/ossl-static/lib/engines-3\"" -DMODULESDIR="\"/opt/ossl-static/lib/ossl-modules\"" -DOPENSSL_BUILDING_OPENSSL -DNDEBUG  -MMD -MF providers/implementations/exchange/libdefault-lib-ecx_exch.d.tmp -MT providers/implementations/exchange/libdefault-lib-ecx_exch.o -c -o providers/implementations/exchange/libdefault-lib-ecx_exch.o providers/implementations/exchange/ecx_exch.c
gcc  -I. -Icrypto -Iinclude -Iproviders/implementations/include -Iproviders/common/include  -DBSAES_ASM -DECP_NISTZ256_ASM -DECP_SM2P256_ASM -DKECCAK1600_ASM -DOPENSSL_CPUID_OBJ -DSHA1_ASM -DSHA256_ASM -DSHA512_ASM -DSM4_ASM -DVPAES_ASM -DVPSM4_ASM -fPIC -pthread -Wa,--noexecstack -Wall -O3 -DOPENSSL_USE_NODELETE -DOPENSSL_PIC -DOPENSSLDIR="\"/opt/ossl-static/ssl\"" -DENGINESDIR="\"/opt/ossl-static/lib/engines-3\"" -DMODULESDIR="\"/opt/ossl-static/lib/ossl-modules\"" -DOPENSSL_BUILDING_OPENSSL -DNDEBUG  -MMD -MF providers/implementations/exchange/libdefault-lib-kdf_exch.d.tmp -MT providers/implementations/exchange/libdefault-lib-kdf_exch.o -c -o providers/implementations/exchange/libdefault-lib-kdf_exch.o providers/implementations/exchange/kdf_exch.c
gcc  -I. -Icrypto -Iinclude -Iproviders/implementations/include -Iproviders/common/include  -DBSAES_ASM -DECP_NISTZ256_ASM -DECP_SM2P256_ASM -DKECCAK1600_ASM -DOPENSSL_CPUID_OBJ -DSHA1_ASM -DSHA256_ASM -DSHA512_ASM -DSM4_ASM -DVPAES_ASM -DVPSM4_ASM -fPIC -pthread -Wa,--noexecstack -Wall -O3 -DOPENSSL_USE_NODELETE -DOPENSSL_PIC -DOPENSSLDIR="\"/opt/ossl-static/ssl\"" -DENGINESDIR="\"/opt/ossl-static/lib/engines-3\"" -DMODULESDIR="\"/opt/ossl-static/lib/ossl-modules\"" -DOPENSSL_BUILDING_OPENSSL -DNDEBUG  -MMD -MF providers/implementations/kdfs/libdefault-lib-argon2.d.tmp -MT providers/implementations/kdfs/libdefault-lib-argon2.o -c -o providers/implementations/kdfs/libdefault-lib-argon2.o providers/implementations/kdfs/argon2.c
gcc  -I. -Icrypto -Iinclude -Iproviders/implementations/include -Iproviders/common/include  -DBSAES_ASM -DECP_NISTZ256_ASM -DECP_SM2P256_ASM -DKECCAK1600_ASM -DOPENSSL_CPUID_OBJ -DSHA1_ASM -DSHA256_ASM -DSHA512_ASM -DSM4_ASM -DVPAES_ASM -DVPSM4_ASM -fPIC -pthread -Wa,--noexecstack -Wall -O3 -DOPENSSL_USE_NODELETE -DOPENSSL_PIC -DOPENSSLDIR="\"/opt/ossl-static/ssl\"" -DENGINESDIR="\"/opt/ossl-static/lib/engines-3\"" -DMODULESDIR="\"/opt/ossl-static/lib/ossl-modules\"" -DOPENSSL_BUILDING_OPENSSL -DNDEBUG  -MMD -MF providers/implementations/kdfs/libdefault-lib-hkdf.d.tmp -MT providers/implementations/kdfs/libdefault-lib-hkdf.o -c -o providers/implementations/kdfs/libdefault-lib-hkdf.o providers/implementations/kdfs/hkdf.c
gcc  -I. -Icrypto -Iinclude -Iproviders/implementations/include -Iproviders/common/include  -DBSAES_ASM -DECP_NISTZ256_ASM -DECP_SM2P256_ASM -DKECCAK1600_ASM -DOPENSSL_CPUID_OBJ -DSHA1_ASM -DSHA256_ASM -DSHA512_ASM -DSM4_ASM -DVPAES_ASM -DVPSM4_ASM -fPIC -pthread -Wa,--noexecstack -Wall -O3 -DOPENSSL_USE_NODELETE -DOPENSSL_PIC -DOPENSSLDIR="\"/opt/ossl-static/ssl\"" -DENGINESDIR="\"/opt/ossl-static/lib/engines-3\"" -DMODULESDIR="\"/opt/ossl-static/lib/ossl-modules\"" -DOPENSSL_BUILDING_OPENSSL -DNDEBUG  -MMD -MF providers/implementations/kdfs/libdefault-lib-hmacdrbg_kdf.d.tmp -MT providers/implementations/kdfs/libdefault-lib-hmacdrbg_kdf.o -c -o providers/implementations/kdfs/libdefault-lib-hmacdrbg_kdf.o providers/implementations/kdfs/hmacdrbg_kdf.c
gcc  -I. -Icrypto -Iinclude -Iproviders/implementations/include -Iproviders/common/include  -DBSAES_ASM -DECP_NISTZ256_ASM -DECP_SM2P256_ASM -DKECCAK1600_ASM -DOPENSSL_CPUID_OBJ -DSHA1_ASM -DSHA256_ASM -DSHA512_ASM -DSM4_ASM -DVPAES_ASM -DVPSM4_ASM -fPIC -pthread -Wa,--noexecstack -Wall -O3 -DOPENSSL_USE_NODELETE -DOPENSSL_PIC -DOPENSSLDIR="\"/opt/ossl-static/ssl\"" -DENGINESDIR="\"/opt/ossl-static/lib/engines-3\"" -DMODULESDIR="\"/opt/ossl-static/lib/ossl-modules\"" -DOPENSSL_BUILDING_OPENSSL -DNDEBUG  -MMD -MF providers/implementations/kdfs/libdefault-lib-kbkdf.d.tmp -MT providers/implementations/kdfs/libdefault-lib-kbkdf.o -c -o providers/implementations/kdfs/libdefault-lib-kbkdf.o providers/implementations/kdfs/kbkdf.c
gcc  -I. -Icrypto -Iinclude -Iproviders/implementations/include -Iproviders/common/include  -DBSAES_ASM -DECP_NISTZ256_ASM -DECP_SM2P256_ASM -DKECCAK1600_ASM -DOPENSSL_CPUID_OBJ -DSHA1_ASM -DSHA256_ASM -DSHA512_ASM -DSM4_ASM -DVPAES_ASM -DVPSM4_ASM -fPIC -pthread -Wa,--noexecstack -Wall -O3 -DOPENSSL_USE_NODELETE -DOPENSSL_PIC -DOPENSSLDIR="\"/opt/ossl-static/ssl\"" -DENGINESDIR="\"/opt/ossl-static/lib/engines-3\"" -DMODULESDIR="\"/opt/ossl-static/lib/ossl-modules\"" -DOPENSSL_BUILDING_OPENSSL -DNDEBUG  -MMD -MF providers/implementations/kdfs/libdefault-lib-krb5kdf.d.tmp -MT providers/implementations/kdfs/libdefault-lib-krb5kdf.o -c -o providers/implementations/kdfs/libdefault-lib-krb5kdf.o providers/implementations/kdfs/krb5kdf.c
gcc  -I. -Icrypto -Iinclude -Iproviders/implementations/include -Iproviders/common/include  -DBSAES_ASM -DECP_NISTZ256_ASM -DECP_SM2P256_ASM -DKECCAK1600_ASM -DOPENSSL_CPUID_OBJ -DSHA1_ASM -DSHA256_ASM -DSHA512_ASM -DSM4_ASM -DVPAES_ASM -DVPSM4_ASM -fPIC -pthread -Wa,--noexecstack -Wall -O3 -DOPENSSL_USE_NODELETE -DOPENSSL_PIC -DOPENSSLDIR="\"/opt/ossl-static/ssl\"" -DENGINESDIR="\"/opt/ossl-static/lib/engines-3\"" -DMODULESDIR="\"/opt/ossl-static/lib/ossl-modules\"" -DOPENSSL_BUILDING_OPENSSL -DNDEBUG  -MMD -MF providers/implementations/kdfs/libdefault-lib-pbkdf2.d.tmp -MT providers/implementations/kdfs/libdefault-lib-pbkdf2.o -c -o providers/implementations/kdfs/libdefault-lib-pbkdf2.o providers/implementations/kdfs/pbkdf2.c
gcc  -I. -Icrypto -Iinclude -Iproviders/implementations/include -Iproviders/common/include  -DBSAES_ASM -DECP_NISTZ256_ASM -DECP_SM2P256_ASM -DKECCAK1600_ASM -DOPENSSL_CPUID_OBJ -DSHA1_ASM -DSHA256_ASM -DSHA512_ASM -DSM4_ASM -DVPAES_ASM -DVPSM4_ASM -fPIC -pthread -Wa,--noexecstack -Wall -O3 -DOPENSSL_USE_NODELETE -DOPENSSL_PIC -DOPENSSLDIR="\"/opt/ossl-static/ssl\"" -DENGINESDIR="\"/opt/ossl-static/lib/engines-3\"" -DMODULESDIR="\"/opt/ossl-static/lib/ossl-modules\"" -DOPENSSL_BUILDING_OPENSSL -DNDEBUG  -MMD -MF providers/implementations/kdfs/libdefault-lib-pbkdf2_fips.d.tmp -MT providers/implementations/kdfs/libdefault-lib-pbkdf2_fips.o -c -o providers/implementations/kdfs/libdefault-lib-pbkdf2_fips.o providers/implementations/kdfs/pbkdf2_fips.c
gcc  -I. -Icrypto -Iinclude -Iproviders/implementations/include -Iproviders/common/include  -DBSAES_ASM -DECP_NISTZ256_ASM -DECP_SM2P256_ASM -DKECCAK1600_ASM -DOPENSSL_CPUID_OBJ -DSHA1_ASM -DSHA256_ASM -DSHA512_ASM -DSM4_ASM -DVPAES_ASM -DVPSM4_ASM -fPIC -pthread -Wa,--noexecstack -Wall -O3 -DOPENSSL_USE_NODELETE -DOPENSSL_PIC -DOPENSSLDIR="\"/opt/ossl-static/ssl\"" -DENGINESDIR="\"/opt/ossl-static/lib/engines-3\"" -DMODULESDIR="\"/opt/ossl-static/lib/ossl-modules\"" -DOPENSSL_BUILDING_OPENSSL -DNDEBUG  -MMD -MF providers/implementations/kdfs/libdefault-lib-pkcs12kdf.d.tmp -MT providers/implementations/kdfs/libdefault-lib-pkcs12kdf.o -c -o providers/implementations/kdfs/libdefault-lib-pkcs12kdf.o providers/implementations/kdfs/pkcs12kdf.c
gcc  -I. -Icrypto -Iinclude -Iproviders/implementations/include -Iproviders/common/include  -DBSAES_ASM -DECP_NISTZ256_ASM -DECP_SM2P256_ASM -DKECCAK1600_ASM -DOPENSSL_CPUID_OBJ -DSHA1_ASM -DSHA256_ASM -DSHA512_ASM -DSM4_ASM -DVPAES_ASM -DVPSM4_ASM -fPIC -pthread -Wa,--noexecstack -Wall -O3 -DOPENSSL_USE_NODELETE -DOPENSSL_PIC -DOPENSSLDIR="\"/opt/ossl-static/ssl\"" -DENGINESDIR="\"/opt/ossl-static/lib/engines-3\"" -DMODULESDIR="\"/opt/ossl-static/lib/ossl-modules\"" -DOPENSSL_BUILDING_OPENSSL -DNDEBUG  -MMD -MF providers/implementations/kdfs/libdefault-lib-scrypt.d.tmp -MT providers/implementations/kdfs/libdefault-lib-scrypt.o -c -o providers/implementations/kdfs/libdefault-lib-scrypt.o providers/implementations/kdfs/scrypt.c
gcc  -I. -Icrypto -Iinclude -Iproviders/implementations/include -Iproviders/common/include  -DBSAES_ASM -DECP_NISTZ256_ASM -DECP_SM2P256_ASM -DKECCAK1600_ASM -DOPENSSL_CPUID_OBJ -DSHA1_ASM -DSHA256_ASM -DSHA512_ASM -DSM4_ASM -DVPAES_ASM -DVPSM4_ASM -fPIC -pthread -Wa,--noexecstack -Wall -O3 -DOPENSSL_USE_NODELETE -DOPENSSL_PIC -DOPENSSLDIR="\"/opt/ossl-static/ssl\"" -DENGINESDIR="\"/opt/ossl-static/lib/engines-3\"" -DMODULESDIR="\"/opt/ossl-static/lib/ossl-modules\"" -DOPENSSL_BUILDING_OPENSSL -DNDEBUG  -MMD -MF providers/implementations/kdfs/libdefault-lib-sshkdf.d.tmp -MT providers/implementations/kdfs/libdefault-lib-sshkdf.o -c -o providers/implementations/kdfs/libdefault-lib-sshkdf.o providers/implementations/kdfs/sshkdf.c
gcc  -I. -Icrypto -Iinclude -Iproviders/implementations/include -Iproviders/common/include  -DBSAES_ASM -DECP_NISTZ256_ASM -DECP_SM2P256_ASM -DKECCAK1600_ASM -DOPENSSL_CPUID_OBJ -DSHA1_ASM -DSHA256_ASM -DSHA512_ASM -DSM4_ASM -DVPAES_ASM -DVPSM4_ASM -fPIC -pthread -Wa,--noexecstack -Wall -O3 -DOPENSSL_USE_NODELETE -DOPENSSL_PIC -DOPENSSLDIR="\"/opt/ossl-static/ssl\"" -DENGINESDIR="\"/opt/ossl-static/lib/engines-3\"" -DMODULESDIR="\"/opt/ossl-static/lib/ossl-modules\"" -DOPENSSL_BUILDING_OPENSSL -DNDEBUG  -MMD -MF providers/implementations/kdfs/libdefault-lib-sskdf.d.tmp -MT providers/implementations/kdfs/libdefault-lib-sskdf.o -c -o providers/implementations/kdfs/libdefault-lib-sskdf.o providers/implementations/kdfs/sskdf.c
gcc  -I. -Icrypto -Iinclude -Iproviders/implementations/include -Iproviders/common/include  -DBSAES_ASM -DECP_NISTZ256_ASM -DECP_SM2P256_ASM -DKECCAK1600_ASM -DOPENSSL_CPUID_OBJ -DSHA1_ASM -DSHA256_ASM -DSHA512_ASM -DSM4_ASM -DVPAES_ASM -DVPSM4_ASM -fPIC -pthread -Wa,--noexecstack -Wall -O3 -DOPENSSL_USE_NODELETE -DOPENSSL_PIC -DOPENSSLDIR="\"/opt/ossl-static/ssl\"" -DENGINESDIR="\"/opt/ossl-static/lib/engines-3\"" -DMODULESDIR="\"/opt/ossl-static/lib/ossl-modules\"" -DOPENSSL_BUILDING_OPENSSL -DNDEBUG  -MMD -MF providers/implementations/kdfs/libdefault-lib-tls1_prf.d.tmp -MT providers/implementations/kdfs/libdefault-lib-tls1_prf.o -c -o providers/implementations/kdfs/libdefault-lib-tls1_prf.o providers/implementations/kdfs/tls1_prf.c
perl "-I." "-Iproviders/common/der" "-Mconfigdata" "-Moids_to_c" "-Moids_to_c" "util/dofile.pl" "-oMakefile" providers/common/include/prov/der_wrap.h.in > providers/common/include/prov/der_wrap.h
gcc  -I. -Icrypto -Iinclude -Iproviders/implementations/include -Iproviders/common/include  -DBSAES_ASM -DECP_NISTZ256_ASM -DECP_SM2P256_ASM -DKECCAK1600_ASM -DOPENSSL_CPUID_OBJ -DSHA1_ASM -DSHA256_ASM -DSHA512_ASM -DSM4_ASM -DVPAES_ASM -DVPSM4_ASM -fPIC -pthread -Wa,--noexecstack -Wall -O3 -DOPENSSL_USE_NODELETE -DOPENSSL_PIC -DOPENSSLDIR="\"/opt/ossl-static/ssl\"" -DENGINESDIR="\"/opt/ossl-static/lib/engines-3\"" -DMODULESDIR="\"/opt/ossl-static/lib/ossl-modules\"" -DOPENSSL_BUILDING_OPENSSL -DNDEBUG  -MMD -MF providers/implementations/kem/libdefault-lib-ec_kem.d.tmp -MT providers/implementations/kem/libdefault-lib-ec_kem.o -c -o providers/implementations/kem/libdefault-lib-ec_kem.o providers/implementations/kem/ec_kem.c
gcc  -I. -Icrypto -Iinclude -Iproviders/implementations/include -Iproviders/common/include  -DBSAES_ASM -DECP_NISTZ256_ASM -DECP_SM2P256_ASM -DKECCAK1600_ASM -DOPENSSL_CPUID_OBJ -DSHA1_ASM -DSHA256_ASM -DSHA512_ASM -DSM4_ASM -DVPAES_ASM -DVPSM4_ASM -fPIC -pthread -Wa,--noexecstack -Wall -O3 -DOPENSSL_USE_NODELETE -DOPENSSL_PIC -DOPENSSLDIR="\"/opt/ossl-static/ssl\"" -DENGINESDIR="\"/opt/ossl-static/lib/engines-3\"" -DMODULESDIR="\"/opt/ossl-static/lib/ossl-modules\"" -DOPENSSL_BUILDING_OPENSSL -DNDEBUG  -MMD -MF providers/implementations/kem/libdefault-lib-ecx_kem.d.tmp -MT providers/implementations/kem/libdefault-lib-ecx_kem.o -c -o providers/implementations/kem/libdefault-lib-ecx_kem.o providers/implementations/kem/ecx_kem.c
gcc  -I. -Icrypto -Iinclude -Iproviders/implementations/include -Iproviders/common/include  -DBSAES_ASM -DECP_NISTZ256_ASM -DECP_SM2P256_ASM -DKECCAK1600_ASM -DOPENSSL_CPUID_OBJ -DSHA1_ASM -DSHA256_ASM -DSHA512_ASM -DSM4_ASM -DVPAES_ASM -DVPSM4_ASM -fPIC -pthread -Wa,--noexecstack -Wall -O3 -DOPENSSL_USE_NODELETE -DOPENSSL_PIC -DOPENSSLDIR="\"/opt/ossl-static/ssl\"" -DENGINESDIR="\"/opt/ossl-static/lib/engines-3\"" -DMODULESDIR="\"/opt/ossl-static/lib/ossl-modules\"" -DOPENSSL_BUILDING_OPENSSL -DNDEBUG  -MMD -MF providers/implementations/kem/libdefault-lib-kem_util.d.tmp -MT providers/implementations/kem/libdefault-lib-kem_util.o -c -o providers/implementations/kem/libdefault-lib-kem_util.o providers/implementations/kem/kem_util.c
gcc  -I. -Icrypto -Iinclude -Iproviders/implementations/include -Iproviders/common/include  -DBSAES_ASM -DECP_NISTZ256_ASM -DECP_SM2P256_ASM -DKECCAK1600_ASM -DOPENSSL_CPUID_OBJ -DSHA1_ASM -DSHA256_ASM -DSHA512_ASM -DSM4_ASM -DVPAES_ASM -DVPSM4_ASM -fPIC -pthread -Wa,--noexecstack -Wall -O3 -DOPENSSL_USE_NODELETE -DOPENSSL_PIC -DOPENSSLDIR="\"/opt/ossl-static/ssl\"" -DENGINESDIR="\"/opt/ossl-static/lib/engines-3\"" -DMODULESDIR="\"/opt/ossl-static/lib/ossl-modules\"" -DOPENSSL_BUILDING_OPENSSL -DNDEBUG  -MMD -MF providers/implementations/kem/libdefault-lib-rsa_kem.d.tmp -MT providers/implementations/kem/libdefault-lib-rsa_kem.o -c -o providers/implementations/kem/libdefault-lib-rsa_kem.o providers/implementations/kem/rsa_kem.c
gcc  -I. -Icrypto -Iinclude -Iproviders/implementations/include -Iproviders/common/include  -DBSAES_ASM -DECP_NISTZ256_ASM -DECP_SM2P256_ASM -DKECCAK1600_ASM -DOPENSSL_CPUID_OBJ -DSHA1_ASM -DSHA256_ASM -DSHA512_ASM -DSM4_ASM -DVPAES_ASM -DVPSM4_ASM -fPIC -pthread -Wa,--noexecstack -Wall -O3 -DOPENSSL_USE_NODELETE -DOPENSSL_PIC -DOPENSSLDIR="\"/opt/ossl-static/ssl\"" -DENGINESDIR="\"/opt/ossl-static/lib/engines-3\"" -DMODULESDIR="\"/opt/ossl-static/lib/ossl-modules\"" -DOPENSSL_BUILDING_OPENSSL -DNDEBUG  -MMD -MF providers/implementations/keymgmt/libdefault-lib-dh_kmgmt.d.tmp -MT providers/implementations/keymgmt/libdefault-lib-dh_kmgmt.o -c -o providers/implementations/keymgmt/libdefault-lib-dh_kmgmt.o providers/implementations/keymgmt/dh_kmgmt.c
gcc  -I. -Icrypto -Iinclude -Iproviders/implementations/include -Iproviders/common/include  -DBSAES_ASM -DECP_NISTZ256_ASM -DECP_SM2P256_ASM -DKECCAK1600_ASM -DOPENSSL_CPUID_OBJ -DSHA1_ASM -DSHA256_ASM -DSHA512_ASM -DSM4_ASM -DVPAES_ASM -DVPSM4_ASM -fPIC -pthread -Wa,--noexecstack -Wall -O3 -DOPENSSL_USE_NODELETE -DOPENSSL_PIC -DOPENSSLDIR="\"/opt/ossl-static/ssl\"" -DENGINESDIR="\"/opt/ossl-static/lib/engines-3\"" -DMODULESDIR="\"/opt/ossl-static/lib/ossl-modules\"" -DOPENSSL_BUILDING_OPENSSL -DNDEBUG  -MMD -MF providers/implementations/keymgmt/libdefault-lib-dsa_kmgmt.d.tmp -MT providers/implementations/keymgmt/libdefault-lib-dsa_kmgmt.o -c -o providers/implementations/keymgmt/libdefault-lib-dsa_kmgmt.o providers/implementations/keymgmt/dsa_kmgmt.c
gcc  -I. -Icrypto -Iinclude -Iproviders/implementations/include -Iproviders/common/include  -DBSAES_ASM -DECP_NISTZ256_ASM -DECP_SM2P256_ASM -DKECCAK1600_ASM -DOPENSSL_CPUID_OBJ -DSHA1_ASM -DSHA256_ASM -DSHA512_ASM -DSM4_ASM -DVPAES_ASM -DVPSM4_ASM -fPIC -pthread -Wa,--noexecstack -Wall -O3 -DOPENSSL_USE_NODELETE -DOPENSSL_PIC -DOPENSSLDIR="\"/opt/ossl-static/ssl\"" -DENGINESDIR="\"/opt/ossl-static/lib/engines-3\"" -DMODULESDIR="\"/opt/ossl-static/lib/ossl-modules\"" -DOPENSSL_BUILDING_OPENSSL -DNDEBUG  -MMD -MF providers/implementations/keymgmt/libdefault-lib-ec_kmgmt.d.tmp -MT providers/implementations/keymgmt/libdefault-lib-ec_kmgmt.o -c -o providers/implementations/keymgmt/libdefault-lib-ec_kmgmt.o providers/implementations/keymgmt/ec_kmgmt.c
gcc  -I. -Icrypto -Iinclude -Iproviders/implementations/include -Iproviders/common/include  -DBSAES_ASM -DECP_NISTZ256_ASM -DECP_SM2P256_ASM -DKECCAK1600_ASM -DOPENSSL_CPUID_OBJ -DSHA1_ASM -DSHA256_ASM -DSHA512_ASM -DSM4_ASM -DVPAES_ASM -DVPSM4_ASM -fPIC -pthread -Wa,--noexecstack -Wall -O3 -DOPENSSL_USE_NODELETE -DOPENSSL_PIC -DOPENSSLDIR="\"/opt/ossl-static/ssl\"" -DENGINESDIR="\"/opt/ossl-static/lib/engines-3\"" -DMODULESDIR="\"/opt/ossl-static/lib/ossl-modules\"" -DOPENSSL_BUILDING_OPENSSL -DNDEBUG  -MMD -MF providers/implementations/keymgmt/libdefault-lib-ecx_kmgmt.d.tmp -MT providers/implementations/keymgmt/libdefault-lib-ecx_kmgmt.o -c -o providers/implementations/keymgmt/libdefault-lib-ecx_kmgmt.o providers/implementations/keymgmt/ecx_kmgmt.c
gcc  -I. -Icrypto -Iinclude -Iproviders/implementations/include -Iproviders/common/include  -DBSAES_ASM -DECP_NISTZ256_ASM -DECP_SM2P256_ASM -DKECCAK1600_ASM -DOPENSSL_CPUID_OBJ -DSHA1_ASM -DSHA256_ASM -DSHA512_ASM -DSM4_ASM -DVPAES_ASM -DVPSM4_ASM -fPIC -pthread -Wa,--noexecstack -Wall -O3 -DOPENSSL_USE_NODELETE -DOPENSSL_PIC -DOPENSSLDIR="\"/opt/ossl-static/ssl\"" -DENGINESDIR="\"/opt/ossl-static/lib/engines-3\"" -DMODULESDIR="\"/opt/ossl-static/lib/ossl-modules\"" -DOPENSSL_BUILDING_OPENSSL -DNDEBUG  -MMD -MF providers/implementations/keymgmt/libdefault-lib-kdf_legacy_kmgmt.d.tmp -MT providers/implementations/keymgmt/libdefault-lib-kdf_legacy_kmgmt.o -c -o providers/implementations/keymgmt/libdefault-lib-kdf_legacy_kmgmt.o providers/implementations/keymgmt/kdf_legacy_kmgmt.c
gcc  -I. -Icrypto -Iinclude -Iproviders/implementations/include -Iproviders/common/include  -DBSAES_ASM -DECP_NISTZ256_ASM -DECP_SM2P256_ASM -DKECCAK1600_ASM -DOPENSSL_CPUID_OBJ -DSHA1_ASM -DSHA256_ASM -DSHA512_ASM -DSM4_ASM -DVPAES_ASM -DVPSM4_ASM -fPIC -pthread -Wa,--noexecstack -Wall -O3 -DOPENSSL_USE_NODELETE -DOPENSSL_PIC -DOPENSSLDIR="\"/opt/ossl-static/ssl\"" -DENGINESDIR="\"/opt/ossl-static/lib/engines-3\"" -DMODULESDIR="\"/opt/ossl-static/lib/ossl-modules\"" -DOPENSSL_BUILDING_OPENSSL -DNDEBUG  -MMD -MF providers/implementations/keymgmt/libdefault-lib-mac_legacy_kmgmt.d.tmp -MT providers/implementations/keymgmt/libdefault-lib-mac_legacy_kmgmt.o -c -o providers/implementations/keymgmt/libdefault-lib-mac_legacy_kmgmt.o providers/implementations/keymgmt/mac_legacy_kmgmt.c
gcc  -I. -Icrypto -Iinclude -Iproviders/implementations/include -Iproviders/common/include  -DBSAES_ASM -DECP_NISTZ256_ASM -DECP_SM2P256_ASM -DKECCAK1600_ASM -DOPENSSL_CPUID_OBJ -DSHA1_ASM -DSHA256_ASM -DSHA512_ASM -DSM4_ASM -DVPAES_ASM -DVPSM4_ASM -fPIC -pthread -Wa,--noexecstack -Wall -O3 -DOPENSSL_USE_NODELETE -DOPENSSL_PIC -DOPENSSLDIR="\"/opt/ossl-static/ssl\"" -DENGINESDIR="\"/opt/ossl-static/lib/engines-3\"" -DMODULESDIR="\"/opt/ossl-static/lib/ossl-modules\"" -DOPENSSL_BUILDING_OPENSSL -DNDEBUG  -MMD -MF providers/implementations/keymgmt/libdefault-lib-rsa_kmgmt.d.tmp -MT providers/implementations/keymgmt/libdefault-lib-rsa_kmgmt.o -c -o providers/implementations/keymgmt/libdefault-lib-rsa_kmgmt.o providers/implementations/keymgmt/rsa_kmgmt.c
gcc  -I. -Icrypto -Iinclude -Iproviders/implementations/include -Iproviders/common/include  -DBSAES_ASM -DECP_NISTZ256_ASM -DECP_SM2P256_ASM -DKECCAK1600_ASM -DOPENSSL_CPUID_OBJ -DSHA1_ASM -DSHA256_ASM -DSHA512_ASM -DSM4_ASM -DVPAES_ASM -DVPSM4_ASM -fPIC -pthread -Wa,--noexecstack -Wall -O3 -DOPENSSL_USE_NODELETE -DOPENSSL_PIC -DOPENSSLDIR="\"/opt/ossl-static/ssl\"" -DENGINESDIR="\"/opt/ossl-static/lib/engines-3\"" -DMODULESDIR="\"/opt/ossl-static/lib/ossl-modules\"" -DOPENSSL_BUILDING_OPENSSL -DNDEBUG  -MMD -MF providers/implementations/macs/libdefault-lib-blake2b_mac.d.tmp -MT providers/implementations/macs/libdefault-lib-blake2b_mac.o -c -o providers/implementations/macs/libdefault-lib-blake2b_mac.o providers/implementations/macs/blake2b_mac.c
gcc  -I. -Icrypto -Iinclude -Iproviders/implementations/include -Iproviders/common/include  -DBSAES_ASM -DECP_NISTZ256_ASM -DECP_SM2P256_ASM -DKECCAK1600_ASM -DOPENSSL_CPUID_OBJ -DSHA1_ASM -DSHA256_ASM -DSHA512_ASM -DSM4_ASM -DVPAES_ASM -DVPSM4_ASM -fPIC -pthread -Wa,--noexecstack -Wall -O3 -DOPENSSL_USE_NODELETE -DOPENSSL_PIC -DOPENSSLDIR="\"/opt/ossl-static/ssl\"" -DENGINESDIR="\"/opt/ossl-static/lib/engines-3\"" -DMODULESDIR="\"/opt/ossl-static/lib/ossl-modules\"" -DOPENSSL_BUILDING_OPENSSL -DNDEBUG  -MMD -MF providers/implementations/macs/libdefault-lib-blake2s_mac.d.tmp -MT providers/implementations/macs/libdefault-lib-blake2s_mac.o -c -o providers/implementations/macs/libdefault-lib-blake2s_mac.o providers/implementations/macs/blake2s_mac.c
gcc  -I. -Icrypto -Iinclude -Iproviders/implementations/include -Iproviders/common/include  -DBSAES_ASM -DECP_NISTZ256_ASM -DECP_SM2P256_ASM -DKECCAK1600_ASM -DOPENSSL_CPUID_OBJ -DSHA1_ASM -DSHA256_ASM -DSHA512_ASM -DSM4_ASM -DVPAES_ASM -DVPSM4_ASM -fPIC -pthread -Wa,--noexecstack -Wall -O3 -DOPENSSL_USE_NODELETE -DOPENSSL_PIC -DOPENSSLDIR="\"/opt/ossl-static/ssl\"" -DENGINESDIR="\"/opt/ossl-static/lib/engines-3\"" -DMODULESDIR="\"/opt/ossl-static/lib/ossl-modules\"" -DOPENSSL_BUILDING_OPENSSL -DNDEBUG  -MMD -MF providers/implementations/macs/libdefault-lib-cmac_prov.d.tmp -MT providers/implementations/macs/libdefault-lib-cmac_prov.o -c -o providers/implementations/macs/libdefault-lib-cmac_prov.o providers/implementations/macs/cmac_prov.c
gcc  -I. -Icrypto -Iinclude -Iproviders/implementations/include -Iproviders/common/include  -DBSAES_ASM -DECP_NISTZ256_ASM -DECP_SM2P256_ASM -DKECCAK1600_ASM -DOPENSSL_CPUID_OBJ -DSHA1_ASM -DSHA256_ASM -DSHA512_ASM -DSM4_ASM -DVPAES_ASM -DVPSM4_ASM -fPIC -pthread -Wa,--noexecstack -Wall -O3 -DOPENSSL_USE_NODELETE -DOPENSSL_PIC -DOPENSSLDIR="\"/opt/ossl-static/ssl\"" -DENGINESDIR="\"/opt/ossl-static/lib/engines-3\"" -DMODULESDIR="\"/opt/ossl-static/lib/ossl-modules\"" -DOPENSSL_BUILDING_OPENSSL -DNDEBUG  -MMD -MF providers/implementations/macs/libdefault-lib-gmac_prov.d.tmp -MT providers/implementations/macs/libdefault-lib-gmac_prov.o -c -o providers/implementations/macs/libdefault-lib-gmac_prov.o providers/implementations/macs/gmac_prov.c
gcc  -I. -Icrypto -Iinclude -Iproviders/implementations/include -Iproviders/common/include  -DBSAES_ASM -DECP_NISTZ256_ASM -DECP_SM2P256_ASM -DKECCAK1600_ASM -DOPENSSL_CPUID_OBJ -DSHA1_ASM -DSHA256_ASM -DSHA512_ASM -DSM4_ASM -DVPAES_ASM -DVPSM4_ASM -fPIC -pthread -Wa,--noexecstack -Wall -O3 -DOPENSSL_USE_NODELETE -DOPENSSL_PIC -DOPENSSLDIR="\"/opt/ossl-static/ssl\"" -DENGINESDIR="\"/opt/ossl-static/lib/engines-3\"" -DMODULESDIR="\"/opt/ossl-static/lib/ossl-modules\"" -DOPENSSL_BUILDING_OPENSSL -DNDEBUG  -MMD -MF providers/implementations/macs/libdefault-lib-hmac_prov.d.tmp -MT providers/implementations/macs/libdefault-lib-hmac_prov.o -c -o providers/implementations/macs/libdefault-lib-hmac_prov.o providers/implementations/macs/hmac_prov.c
gcc  -I. -Icrypto -Iinclude -Iproviders/implementations/include -Iproviders/common/include  -DBSAES_ASM -DECP_NISTZ256_ASM -DECP_SM2P256_ASM -DKECCAK1600_ASM -DOPENSSL_CPUID_OBJ -DSHA1_ASM -DSHA256_ASM -DSHA512_ASM -DSM4_ASM -DVPAES_ASM -DVPSM4_ASM -fPIC -pthread -Wa,--noexecstack -Wall -O3 -DOPENSSL_USE_NODELETE -DOPENSSL_PIC -DOPENSSLDIR="\"/opt/ossl-static/ssl\"" -DENGINESDIR="\"/opt/ossl-static/lib/engines-3\"" -DMODULESDIR="\"/opt/ossl-static/lib/ossl-modules\"" -DOPENSSL_BUILDING_OPENSSL -DNDEBUG  -MMD -MF providers/implementations/macs/libdefault-lib-kmac_prov.d.tmp -MT providers/implementations/macs/libdefault-lib-kmac_prov.o -c -o providers/implementations/macs/libdefault-lib-kmac_prov.o providers/implementations/macs/kmac_prov.c
gcc  -I. -Icrypto -Iinclude -Iproviders/implementations/include -Iproviders/common/include  -DBSAES_ASM -DECP_NISTZ256_ASM -DECP_SM2P256_ASM -DKECCAK1600_ASM -DOPENSSL_CPUID_OBJ -DSHA1_ASM -DSHA256_ASM -DSHA512_ASM -DSM4_ASM -DVPAES_ASM -DVPSM4_ASM -fPIC -pthread -Wa,--noexecstack -Wall -O3 -DOPENSSL_USE_NODELETE -DOPENSSL_PIC -DOPENSSLDIR="\"/opt/ossl-static/ssl\"" -DENGINESDIR="\"/opt/ossl-static/lib/engines-3\"" -DMODULESDIR="\"/opt/ossl-static/lib/ossl-modules\"" -DOPENSSL_BUILDING_OPENSSL -DNDEBUG  -MMD -MF providers/implementations/macs/libdefault-lib-poly1305_prov.d.tmp -MT providers/implementations/macs/libdefault-lib-poly1305_prov.o -c -o providers/implementations/macs/libdefault-lib-poly1305_prov.o providers/implementations/macs/poly1305_prov.c
gcc  -I. -Icrypto -Iinclude -Iproviders/implementations/include -Iproviders/common/include  -DBSAES_ASM -DECP_NISTZ256_ASM -DECP_SM2P256_ASM -DKECCAK1600_ASM -DOPENSSL_CPUID_OBJ -DSHA1_ASM -DSHA256_ASM -DSHA512_ASM -DSM4_ASM -DVPAES_ASM -DVPSM4_ASM -fPIC -pthread -Wa,--noexecstack -Wall -O3 -DOPENSSL_USE_NODELETE -DOPENSSL_PIC -DOPENSSLDIR="\"/opt/ossl-static/ssl\"" -DENGINESDIR="\"/opt/ossl-static/lib/engines-3\"" -DMODULESDIR="\"/opt/ossl-static/lib/ossl-modules\"" -DOPENSSL_BUILDING_OPENSSL -DNDEBUG  -MMD -MF providers/implementations/macs/libdefault-lib-siphash_prov.d.tmp -MT providers/implementations/macs/libdefault-lib-siphash_prov.o -c -o providers/implementations/macs/libdefault-lib-siphash_prov.o providers/implementations/macs/siphash_prov.c
gcc  -I. -Icrypto -Iinclude -Iproviders/implementations/include -Iproviders/common/include  -DBSAES_ASM -DECP_NISTZ256_ASM -DECP_SM2P256_ASM -DKECCAK1600_ASM -DOPENSSL_CPUID_OBJ -DSHA1_ASM -DSHA256_ASM -DSHA512_ASM -DSM4_ASM -DVPAES_ASM -DVPSM4_ASM -fPIC -pthread -Wa,--noexecstack -Wall -O3 -DOPENSSL_USE_NODELETE -DOPENSSL_PIC -DOPENSSLDIR="\"/opt/ossl-static/ssl\"" -DENGINESDIR="\"/opt/ossl-static/lib/engines-3\"" -DMODULESDIR="\"/opt/ossl-static/lib/ossl-modules\"" -DOPENSSL_BUILDING_OPENSSL -DNDEBUG  -MMD -MF providers/implementations/rands/libdefault-lib-crngt.d.tmp -MT providers/implementations/rands/libdefault-lib-crngt.o -c -o providers/implementations/rands/libdefault-lib-crngt.o providers/implementations/rands/crngt.c
gcc  -I. -Icrypto -Iinclude -Iproviders/implementations/include -Iproviders/common/include  -DBSAES_ASM -DECP_NISTZ256_ASM -DECP_SM2P256_ASM -DKECCAK1600_ASM -DOPENSSL_CPUID_OBJ -DSHA1_ASM -DSHA256_ASM -DSHA512_ASM -DSM4_ASM -DVPAES_ASM -DVPSM4_ASM -fPIC -pthread -Wa,--noexecstack -Wall -O3 -DOPENSSL_USE_NODELETE -DOPENSSL_PIC -DOPENSSLDIR="\"/opt/ossl-static/ssl\"" -DENGINESDIR="\"/opt/ossl-static/lib/engines-3\"" -DMODULESDIR="\"/opt/ossl-static/lib/ossl-modules\"" -DOPENSSL_BUILDING_OPENSSL -DNDEBUG  -MMD -MF providers/implementations/rands/libdefault-lib-drbg.d.tmp -MT providers/implementations/rands/libdefault-lib-drbg.o -c -o providers/implementations/rands/libdefault-lib-drbg.o providers/implementations/rands/drbg.c
gcc  -I. -Icrypto -Iinclude -Iproviders/implementations/include -Iproviders/common/include  -DBSAES_ASM -DECP_NISTZ256_ASM -DECP_SM2P256_ASM -DKECCAK1600_ASM -DOPENSSL_CPUID_OBJ -DSHA1_ASM -DSHA256_ASM -DSHA512_ASM -DSM4_ASM -DVPAES_ASM -DVPSM4_ASM -fPIC -pthread -Wa,--noexecstack -Wall -O3 -DOPENSSL_USE_NODELETE -DOPENSSL_PIC -DOPENSSLDIR="\"/opt/ossl-static/ssl\"" -DENGINESDIR="\"/opt/ossl-static/lib/engines-3\"" -DMODULESDIR="\"/opt/ossl-static/lib/ossl-modules\"" -DOPENSSL_BUILDING_OPENSSL -DNDEBUG  -MMD -MF providers/implementations/rands/libdefault-lib-drbg_ctr.d.tmp -MT providers/implementations/rands/libdefault-lib-drbg_ctr.o -c -o providers/implementations/rands/libdefault-lib-drbg_ctr.o providers/implementations/rands/drbg_ctr.c
gcc  -I. -Icrypto -Iinclude -Iproviders/implementations/include -Iproviders/common/include  -DBSAES_ASM -DECP_NISTZ256_ASM -DECP_SM2P256_ASM -DKECCAK1600_ASM -DOPENSSL_CPUID_OBJ -DSHA1_ASM -DSHA256_ASM -DSHA512_ASM -DSM4_ASM -DVPAES_ASM -DVPSM4_ASM -fPIC -pthread -Wa,--noexecstack -Wall -O3 -DOPENSSL_USE_NODELETE -DOPENSSL_PIC -DOPENSSLDIR="\"/opt/ossl-static/ssl\"" -DENGINESDIR="\"/opt/ossl-static/lib/engines-3\"" -DMODULESDIR="\"/opt/ossl-static/lib/ossl-modules\"" -DOPENSSL_BUILDING_OPENSSL -DNDEBUG  -MMD -MF providers/implementations/rands/libdefault-lib-drbg_hash.d.tmp -MT providers/implementations/rands/libdefault-lib-drbg_hash.o -c -o providers/implementations/rands/libdefault-lib-drbg_hash.o providers/implementations/rands/drbg_hash.c
gcc  -I. -Icrypto -Iinclude -Iproviders/implementations/include -Iproviders/common/include  -DBSAES_ASM -DECP_NISTZ256_ASM -DECP_SM2P256_ASM -DKECCAK1600_ASM -DOPENSSL_CPUID_OBJ -DSHA1_ASM -DSHA256_ASM -DSHA512_ASM -DSM4_ASM -DVPAES_ASM -DVPSM4_ASM -fPIC -pthread -Wa,--noexecstack -Wall -O3 -DOPENSSL_USE_NODELETE -DOPENSSL_PIC -DOPENSSLDIR="\"/opt/ossl-static/ssl\"" -DENGINESDIR="\"/opt/ossl-static/lib/engines-3\"" -DMODULESDIR="\"/opt/ossl-static/lib/ossl-modules\"" -DOPENSSL_BUILDING_OPENSSL -DNDEBUG  -MMD -MF providers/implementations/rands/libdefault-lib-drbg_hmac.d.tmp -MT providers/implementations/rands/libdefault-lib-drbg_hmac.o -c -o providers/implementations/rands/libdefault-lib-drbg_hmac.o providers/implementations/rands/drbg_hmac.c
gcc  -I. -Icrypto -Iinclude -Iproviders/implementations/include -Iproviders/common/include  -DBSAES_ASM -DECP_NISTZ256_ASM -DECP_SM2P256_ASM -DKECCAK1600_ASM -DOPENSSL_CPUID_OBJ -DSHA1_ASM -DSHA256_ASM -DSHA512_ASM -DSM4_ASM -DVPAES_ASM -DVPSM4_ASM -fPIC -pthread -Wa,--noexecstack -Wall -O3 -DOPENSSL_USE_NODELETE -DOPENSSL_PIC -DOPENSSLDIR="\"/opt/ossl-static/ssl\"" -DENGINESDIR="\"/opt/ossl-static/lib/engines-3\"" -DMODULESDIR="\"/opt/ossl-static/lib/ossl-modules\"" -DOPENSSL_BUILDING_OPENSSL -DNDEBUG  -MMD -MF providers/implementations/rands/libdefault-lib-seed_src.d.tmp -MT providers/implementations/rands/libdefault-lib-seed_src.o -c -o providers/implementations/rands/libdefault-lib-seed_src.o providers/implementations/rands/seed_src.c
gcc  -I. -Icrypto -Iinclude -Iproviders/implementations/include -Iproviders/common/include  -DBSAES_ASM -DECP_NISTZ256_ASM -DECP_SM2P256_ASM -DKECCAK1600_ASM -DOPENSSL_CPUID_OBJ -DSHA1_ASM -DSHA256_ASM -DSHA512_ASM -DSM4_ASM -DVPAES_ASM -DVPSM4_ASM -fPIC -pthread -Wa,--noexecstack -Wall -O3 -DOPENSSL_USE_NODELETE -DOPENSSL_PIC -DOPENSSLDIR="\"/opt/ossl-static/ssl\"" -DENGINESDIR="\"/opt/ossl-static/lib/engines-3\"" -DMODULESDIR="\"/opt/ossl-static/lib/ossl-modules\"" -DOPENSSL_BUILDING_OPENSSL -DNDEBUG  -MMD -MF providers/implementations/rands/libdefault-lib-test_rng.d.tmp -MT providers/implementations/rands/libdefault-lib-test_rng.o -c -o providers/implementations/rands/libdefault-lib-test_rng.o providers/implementations/rands/test_rng.c
gcc  -I. -Icrypto -Iinclude -Iproviders/implementations/include -Iproviders/common/include  -DBSAES_ASM -DECP_NISTZ256_ASM -DECP_SM2P256_ASM -DKECCAK1600_ASM -DOPENSSL_CPUID_OBJ -DSHA1_ASM -DSHA256_ASM -DSHA512_ASM -DSM4_ASM -DVPAES_ASM -DVPSM4_ASM -fPIC -pthread -Wa,--noexecstack -Wall -O3 -DOPENSSL_USE_NODELETE -DOPENSSL_PIC -DOPENSSLDIR="\"/opt/ossl-static/ssl\"" -DENGINESDIR="\"/opt/ossl-static/lib/engines-3\"" -DMODULESDIR="\"/opt/ossl-static/lib/ossl-modules\"" -DOPENSSL_BUILDING_OPENSSL -DNDEBUG  -MMD -MF providers/implementations/rands/seeding/libdefault-lib-rand_cpu_arm64.d.tmp -MT providers/implementations/rands/seeding/libdefault-lib-rand_cpu_arm64.o -c -o providers/implementations/rands/seeding/libdefault-lib-rand_cpu_arm64.o providers/implementations/rands/seeding/rand_cpu_arm64.c
gcc  -I. -Icrypto -Iinclude -Iproviders/implementations/include -Iproviders/common/include  -DBSAES_ASM -DECP_NISTZ256_ASM -DECP_SM2P256_ASM -DKECCAK1600_ASM -DOPENSSL_CPUID_OBJ -DSHA1_ASM -DSHA256_ASM -DSHA512_ASM -DSM4_ASM -DVPAES_ASM -DVPSM4_ASM -fPIC -pthread -Wa,--noexecstack -Wall -O3 -DOPENSSL_USE_NODELETE -DOPENSSL_PIC -DOPENSSLDIR="\"/opt/ossl-static/ssl\"" -DENGINESDIR="\"/opt/ossl-static/lib/engines-3\"" -DMODULESDIR="\"/opt/ossl-static/lib/ossl-modules\"" -DOPENSSL_BUILDING_OPENSSL -DNDEBUG  -MMD -MF providers/implementations/rands/seeding/libdefault-lib-rand_tsc.d.tmp -MT providers/implementations/rands/seeding/libdefault-lib-rand_tsc.o -c -o providers/implementations/rands/seeding/libdefault-lib-rand_tsc.o providers/implementations/rands/seeding/rand_tsc.c
gcc  -I. -Icrypto -Iinclude -Iproviders/implementations/include -Iproviders/common/include  -DBSAES_ASM -DECP_NISTZ256_ASM -DECP_SM2P256_ASM -DKECCAK1600_ASM -DOPENSSL_CPUID_OBJ -DSHA1_ASM -DSHA256_ASM -DSHA512_ASM -DSM4_ASM -DVPAES_ASM -DVPSM4_ASM -fPIC -pthread -Wa,--noexecstack -Wall -O3 -DOPENSSL_USE_NODELETE -DOPENSSL_PIC -DOPENSSLDIR="\"/opt/ossl-static/ssl\"" -DENGINESDIR="\"/opt/ossl-static/lib/engines-3\"" -DMODULESDIR="\"/opt/ossl-static/lib/ossl-modules\"" -DOPENSSL_BUILDING_OPENSSL -DNDEBUG  -MMD -MF providers/implementations/rands/seeding/libdefault-lib-rand_unix.d.tmp -MT providers/implementations/rands/seeding/libdefault-lib-rand_unix.o -c -o providers/implementations/rands/seeding/libdefault-lib-rand_unix.o providers/implementations/rands/seeding/rand_unix.c
gcc  -I. -Icrypto -Iinclude -Iproviders/implementations/include -Iproviders/common/include  -DBSAES_ASM -DECP_NISTZ256_ASM -DECP_SM2P256_ASM -DKECCAK1600_ASM -DOPENSSL_CPUID_OBJ -DSHA1_ASM -DSHA256_ASM -DSHA512_ASM -DSM4_ASM -DVPAES_ASM -DVPSM4_ASM -fPIC -pthread -Wa,--noexecstack -Wall -O3 -DOPENSSL_USE_NODELETE -DOPENSSL_PIC -DOPENSSLDIR="\"/opt/ossl-static/ssl\"" -DENGINESDIR="\"/opt/ossl-static/lib/engines-3\"" -DMODULESDIR="\"/opt/ossl-static/lib/ossl-modules\"" -DOPENSSL_BUILDING_OPENSSL -DNDEBUG  -MMD -MF providers/implementations/rands/seeding/libdefault-lib-rand_win.d.tmp -MT providers/implementations/rands/seeding/libdefault-lib-rand_win.o -c -o providers/implementations/rands/seeding/libdefault-lib-rand_win.o providers/implementations/rands/seeding/rand_win.c
perl "-I." "-Iproviders/common/der" "-Mconfigdata" "-Mconfigdata" "-Moids_to_c" "util/dofile.pl" "-oMakefile" providers/common/include/prov/der_dsa.h.in > providers/common/include/prov/der_dsa.h
gcc  -Iproviders/common/include/prov -I. -Icrypto -Iinclude -Iproviders/implementations/include -Iproviders/common/include  -DBSAES_ASM -DECP_NISTZ256_ASM -DECP_SM2P256_ASM -DKECCAK1600_ASM -DOPENSSL_CPUID_OBJ -DSHA1_ASM -DSHA256_ASM -DSHA512_ASM -DSM4_ASM -DVPAES_ASM -DVPSM4_ASM -fPIC -pthread -Wa,--noexecstack -Wall -O3 -DOPENSSL_USE_NODELETE -DOPENSSL_PIC -DOPENSSLDIR="\"/opt/ossl-static/ssl\"" -DENGINESDIR="\"/opt/ossl-static/lib/engines-3\"" -DMODULESDIR="\"/opt/ossl-static/lib/ossl-modules\"" -DOPENSSL_BUILDING_OPENSSL -DNDEBUG  -MMD -MF providers/implementations/signature/libdefault-lib-ecdsa_sig.d.tmp -MT providers/implementations/signature/libdefault-lib-ecdsa_sig.o -c -o providers/implementations/signature/libdefault-lib-ecdsa_sig.o providers/implementations/signature/ecdsa_sig.c
perl "-I." "-Iproviders/common/der" "-Mconfigdata" "-Mconfigdata" "-Moids_to_c" "util/dofile.pl" "-oMakefile" providers/common/include/prov/der_ecx.h.in > providers/common/include/prov/der_ecx.h
gcc  -I. -Icrypto -Iinclude -Iproviders/implementations/include -Iproviders/common/include  -DBSAES_ASM -DECP_NISTZ256_ASM -DECP_SM2P256_ASM -DKECCAK1600_ASM -DOPENSSL_CPUID_OBJ -DSHA1_ASM -DSHA256_ASM -DSHA512_ASM -DSM4_ASM -DVPAES_ASM -DVPSM4_ASM -fPIC -pthread -Wa,--noexecstack -Wall -O3 -DOPENSSL_USE_NODELETE -DOPENSSL_PIC -DOPENSSLDIR="\"/opt/ossl-static/ssl\"" -DENGINESDIR="\"/opt/ossl-static/lib/engines-3\"" -DMODULESDIR="\"/opt/ossl-static/lib/ossl-modules\"" -DOPENSSL_BUILDING_OPENSSL -DNDEBUG  -MMD -MF providers/implementations/signature/libdefault-lib-mac_legacy_sig.d.tmp -MT providers/implementations/signature/libdefault-lib-mac_legacy_sig.o -c -o providers/implementations/signature/libdefault-lib-mac_legacy_sig.o providers/implementations/signature/mac_legacy_sig.c
gcc  -Iproviders/common/include/prov -I. -Icrypto -Iinclude -Iproviders/implementations/include -Iproviders/common/include  -DBSAES_ASM -DECP_NISTZ256_ASM -DECP_SM2P256_ASM -DKECCAK1600_ASM -DOPENSSL_CPUID_OBJ -DSHA1_ASM -DSHA256_ASM -DSHA512_ASM -DSM4_ASM -DVPAES_ASM -DVPSM4_ASM -fPIC -pthread -Wa,--noexecstack -Wall -O3 -DOPENSSL_USE_NODELETE -DOPENSSL_PIC -DOPENSSLDIR="\"/opt/ossl-static/ssl\"" -DENGINESDIR="\"/opt/ossl-static/lib/engines-3\"" -DMODULESDIR="\"/opt/ossl-static/lib/ossl-modules\"" -DOPENSSL_BUILDING_OPENSSL -DNDEBUG  -MMD -MF providers/implementations/signature/libdefault-lib-rsa_sig.d.tmp -MT providers/implementations/signature/libdefault-lib-rsa_sig.o -c -o providers/implementations/signature/libdefault-lib-rsa_sig.o providers/implementations/signature/rsa_sig.c
gcc  -Iproviders/common/include/prov -I. -Icrypto -Iinclude -Iproviders/implementations/include -Iproviders/common/include  -DBSAES_ASM -DECP_NISTZ256_ASM -DECP_SM2P256_ASM -DKECCAK1600_ASM -DOPENSSL_CPUID_OBJ -DSHA1_ASM -DSHA256_ASM -DSHA512_ASM -DSM4_ASM -DVPAES_ASM -DVPSM4_ASM -fPIC -pthread -Wa,--noexecstack -Wall -O3 -DOPENSSL_USE_NODELETE -DOPENSSL_PIC -DOPENSSLDIR="\"/opt/ossl-static/ssl\"" -DENGINESDIR="\"/opt/ossl-static/lib/engines-3\"" -DMODULESDIR="\"/opt/ossl-static/lib/ossl-modules\"" -DOPENSSL_BUILDING_OPENSSL -DNDEBUG  -MMD -MF providers/implementations/signature/libdefault-lib-sm2_sig.d.tmp -MT providers/implementations/signature/libdefault-lib-sm2_sig.o -c -o providers/implementations/signature/libdefault-lib-sm2_sig.o providers/implementations/signature/sm2_sig.c
gcc  -I. -Icrypto -Iinclude -Iproviders/implementations/include -Iproviders/common/include  -DBSAES_ASM -DECP_NISTZ256_ASM -DECP_SM2P256_ASM -DKECCAK1600_ASM -DOPENSSL_CPUID_OBJ -DSHA1_ASM -DSHA256_ASM -DSHA512_ASM -DSM4_ASM -DVPAES_ASM -DVPSM4_ASM -fPIC -pthread -Wa,--noexecstack -Wall -O3 -DOPENSSL_USE_NODELETE -DOPENSSL_PIC -DOPENSSLDIR="\"/opt/ossl-static/ssl\"" -DENGINESDIR="\"/opt/ossl-static/lib/engines-3\"" -DMODULESDIR="\"/opt/ossl-static/lib/ossl-modules\"" -DOPENSSL_BUILDING_OPENSSL -DNDEBUG  -MMD -MF providers/implementations/storemgmt/libdefault-lib-file_store.d.tmp -MT providers/implementations/storemgmt/libdefault-lib-file_store.o -c -o providers/implementations/storemgmt/libdefault-lib-file_store.o providers/implementations/storemgmt/file_store.c
gcc  -I. -Icrypto -Iinclude -Iproviders/implementations/include -Iproviders/common/include  -DBSAES_ASM -DECP_NISTZ256_ASM -DECP_SM2P256_ASM -DKECCAK1600_ASM -DOPENSSL_CPUID_OBJ -DSHA1_ASM -DSHA256_ASM -DSHA512_ASM -DSM4_ASM -DVPAES_ASM -DVPSM4_ASM -fPIC -pthread -Wa,--noexecstack -Wall -O3 -DOPENSSL_USE_NODELETE -DOPENSSL_PIC -DOPENSSLDIR="\"/opt/ossl-static/ssl\"" -DENGINESDIR="\"/opt/ossl-static/lib/engines-3\"" -DMODULESDIR="\"/opt/ossl-static/lib/ossl-modules\"" -DOPENSSL_BUILDING_OPENSSL -DNDEBUG  -MMD -MF providers/implementations/storemgmt/libdefault-lib-file_store_any2obj.d.tmp -MT providers/implementations/storemgmt/libdefault-lib-file_store_any2obj.o -c -o providers/implementations/storemgmt/libdefault-lib-file_store_any2obj.o providers/implementations/storemgmt/file_store_any2obj.c
gcc  -I. -Icrypto -Iinclude -Iproviders/implementations/include -Iproviders/common/include  -DBSAES_ASM -DECP_NISTZ256_ASM -DECP_SM2P256_ASM -DKECCAK1600_ASM -DOPENSSL_CPUID_OBJ -DSHA1_ASM -DSHA256_ASM -DSHA512_ASM -DSM4_ASM -DVPAES_ASM -DVPSM4_ASM -fPIC -pthread -Wa,--noexecstack -Wall -O3 -DOPENSSL_USE_NODELETE -DOPENSSL_PIC -DOPENSSLDIR="\"/opt/ossl-static/ssl\"" -DENGINESDIR="\"/opt/ossl-static/lib/engines-3\"" -DMODULESDIR="\"/opt/ossl-static/lib/ossl-modules\"" -DOPENSSL_BUILDING_OPENSSL -DNDEBUG  -MMD -MF ssl/record/methods/libdefault-lib-ssl3_cbc.d.tmp -MT ssl/record/methods/libdefault-lib-ssl3_cbc.o -c -o ssl/record/methods/libdefault-lib-ssl3_cbc.o ssl/record/methods/ssl3_cbc.c
perl "-I." "-Iproviders/common/der" "-Mconfigdata" "-Mconfigdata" "-Mconfigdata" "-Moids_to_c" "util/dofile.pl" "-oMakefile" providers/common/der/der_digests_gen.c.in > providers/common/der/der_digests_gen.c
perl "-I." "-Iproviders/common/der" "-Mconfigdata" "-Mconfigdata" "-Moids_to_c" "util/dofile.pl" "-oMakefile" providers/common/der/der_dsa_gen.c.in > providers/common/der/der_dsa_gen.c
gcc  -Iproviders/common/include/prov -Icrypto -Iinclude -Iproviders/implementations/include -Iproviders/common/include  -DOPENSSL_BN_ASM_MONT -DOPENSSL_CPUID_OBJ -fPIC -pthread -Wa,--noexecstack -Wall -O3 -DOPENSSL_USE_NODELETE -DOPENSSL_PIC -DOPENSSLDIR="\"/opt/ossl-static/ssl\"" -DENGINESDIR="\"/opt/ossl-static/lib/engines-3\"" -DMODULESDIR="\"/opt/ossl-static/lib/ossl-modules\"" -DOPENSSL_BUILDING_OPENSSL -DNDEBUG  -MMD -MF providers/common/der/libcommon-lib-der_dsa_key.d.tmp -MT providers/common/der/libcommon-lib-der_dsa_key.o -c -o providers/common/der/libcommon-lib-der_dsa_key.o providers/common/der/der_dsa_key.c
gcc  -Iproviders/common/include/prov -Icrypto -Iinclude -Iproviders/implementations/include -Iproviders/common/include  -DOPENSSL_BN_ASM_MONT -DOPENSSL_CPUID_OBJ -fPIC -pthread -Wa,--noexecstack -Wall -O3 -DOPENSSL_USE_NODELETE -DOPENSSL_PIC -DOPENSSLDIR="\"/opt/ossl-static/ssl\"" -DENGINESDIR="\"/opt/ossl-static/lib/engines-3\"" -DMODULESDIR="\"/opt/ossl-static/lib/ossl-modules\"" -DOPENSSL_BUILDING_OPENSSL -DNDEBUG  -MMD -MF providers/common/der/libcommon-lib-der_dsa_sig.d.tmp -MT providers/common/der/libcommon-lib-der_dsa_sig.o -c -o providers/common/der/libcommon-lib-der_dsa_sig.o providers/common/der/der_dsa_sig.c
perl "-I." "-Iproviders/common/der" "-Mconfigdata" "-Mconfigdata" "-Moids_to_c" "util/dofile.pl" "-oMakefile" providers/common/der/der_ec_gen.c.in > providers/common/der/der_ec_gen.c
gcc  -Iproviders/common/include/prov -Icrypto -Iinclude -Iproviders/implementations/include -Iproviders/common/include  -DOPENSSL_BN_ASM_MONT -DOPENSSL_CPUID_OBJ -fPIC -pthread -Wa,--noexecstack -Wall -O3 -DOPENSSL_USE_NODELETE -DOPENSSL_PIC -DOPENSSLDIR="\"/opt/ossl-static/ssl\"" -DENGINESDIR="\"/opt/ossl-static/lib/engines-3\"" -DMODULESDIR="\"/opt/ossl-static/lib/ossl-modules\"" -DOPENSSL_BUILDING_OPENSSL -DNDEBUG  -MMD -MF providers/common/der/libcommon-lib-der_ec_key.d.tmp -MT providers/common/der/libcommon-lib-der_ec_key.o -c -o providers/common/der/libcommon-lib-der_ec_key.o providers/common/der/der_ec_key.c
gcc  -Iproviders/common/include/prov -Icrypto -Iinclude -Iproviders/implementations/include -Iproviders/common/include  -DOPENSSL_BN_ASM_MONT -DOPENSSL_CPUID_OBJ -fPIC -pthread -Wa,--noexecstack -Wall -O3 -DOPENSSL_USE_NODELETE -DOPENSSL_PIC -DOPENSSLDIR="\"/opt/ossl-static/ssl\"" -DENGINESDIR="\"/opt/ossl-static/lib/engines-3\"" -DMODULESDIR="\"/opt/ossl-static/lib/ossl-modules\"" -DOPENSSL_BUILDING_OPENSSL -DNDEBUG  -MMD -MF providers/common/der/libcommon-lib-der_ec_sig.d.tmp -MT providers/common/der/libcommon-lib-der_ec_sig.o -c -o providers/common/der/libcommon-lib-der_ec_sig.o providers/common/der/der_ec_sig.c
perl "-I." "-Iproviders/common/der" "-Mconfigdata" "-Mconfigdata" "-Moids_to_c" "util/dofile.pl" "-oMakefile" providers/common/der/der_ecx_gen.c.in > providers/common/der/der_ecx_gen.c
gcc  -Iproviders/common/include/prov -Icrypto -Iinclude -Iproviders/implementations/include -Iproviders/common/include  -DOPENSSL_BN_ASM_MONT -DOPENSSL_CPUID_OBJ -fPIC -pthread -Wa,--noexecstack -Wall -O3 -DOPENSSL_USE_NODELETE -DOPENSSL_PIC -DOPENSSLDIR="\"/opt/ossl-static/ssl\"" -DENGINESDIR="\"/opt/ossl-static/lib/engines-3\"" -DMODULESDIR="\"/opt/ossl-static/lib/ossl-modules\"" -DOPENSSL_BUILDING_OPENSSL -DNDEBUG  -MMD -MF providers/common/der/libcommon-lib-der_ecx_key.d.tmp -MT providers/common/der/libcommon-lib-der_ecx_key.o -c -o providers/common/der/libcommon-lib-der_ecx_key.o providers/common/der/der_ecx_key.c
perl "-I." "-Iproviders/common/der" "-Mconfigdata" "-Mconfigdata" "-Mconfigdata" "-Moids_to_c" "util/dofile.pl" "-oMakefile" providers/common/der/der_rsa_gen.c.in > providers/common/der/der_rsa_gen.c
gcc  -Iproviders/common/include/prov -Icrypto -Iinclude -Iproviders/implementations/include -Iproviders/common/include  -DOPENSSL_BN_ASM_MONT -DOPENSSL_CPUID_OBJ -fPIC -pthread -Wa,--noexecstack -Wall -O3 -DOPENSSL_USE_NODELETE -DOPENSSL_PIC -DOPENSSLDIR="\"/opt/ossl-static/ssl\"" -DENGINESDIR="\"/opt/ossl-static/lib/engines-3\"" -DMODULESDIR="\"/opt/ossl-static/lib/ossl-modules\"" -DOPENSSL_BUILDING_OPENSSL -DNDEBUG  -MMD -MF providers/common/der/libcommon-lib-der_rsa_key.d.tmp -MT providers/common/der/libcommon-lib-der_rsa_key.o -c -o providers/common/der/libcommon-lib-der_rsa_key.o providers/common/der/der_rsa_key.c
perl "-I." "-Iproviders/common/der" "-Mconfigdata" "-Moids_to_c" "-Moids_to_c" "util/dofile.pl" "-oMakefile" providers/common/der/der_wrap_gen.c.in > providers/common/der/der_wrap_gen.c
gcc  -Icrypto -Iinclude -Iproviders/implementations/include -Iproviders/common/include  -DOPENSSL_BN_ASM_MONT -DOPENSSL_CPUID_OBJ -fPIC -pthread -Wa,--noexecstack -Wall -O3 -DOPENSSL_USE_NODELETE -DOPENSSL_PIC -DOPENSSLDIR="\"/opt/ossl-static/ssl\"" -DENGINESDIR="\"/opt/ossl-static/lib/engines-3\"" -DMODULESDIR="\"/opt/ossl-static/lib/ossl-modules\"" -DOPENSSL_BUILDING_OPENSSL -DNDEBUG  -MMD -MF providers/common/libcommon-lib-provider_ctx.d.tmp -MT providers/common/libcommon-lib-provider_ctx.o -c -o providers/common/libcommon-lib-provider_ctx.o providers/common/provider_ctx.c
gcc  -Icrypto -Iinclude -Iproviders/implementations/include -Iproviders/common/include  -DOPENSSL_BN_ASM_MONT -DOPENSSL_CPUID_OBJ -fPIC -pthread -Wa,--noexecstack -Wall -O3 -DOPENSSL_USE_NODELETE -DOPENSSL_PIC -DOPENSSLDIR="\"/opt/ossl-static/ssl\"" -DENGINESDIR="\"/opt/ossl-static/lib/engines-3\"" -DMODULESDIR="\"/opt/ossl-static/lib/ossl-modules\"" -DOPENSSL_BUILDING_OPENSSL -DNDEBUG  -MMD -MF providers/common/libcommon-lib-provider_err.d.tmp -MT providers/common/libcommon-lib-provider_err.o -c -o providers/common/libcommon-lib-provider_err.o providers/common/provider_err.c
gcc  -Icrypto -Iinclude -Iproviders/implementations/include -Iproviders/common/include  -DOPENSSL_BN_ASM_MONT -DOPENSSL_CPUID_OBJ -fPIC -pthread -Wa,--noexecstack -Wall -O3 -DOPENSSL_USE_NODELETE -DOPENSSL_PIC -DOPENSSLDIR="\"/opt/ossl-static/ssl\"" -DENGINESDIR="\"/opt/ossl-static/lib/engines-3\"" -DMODULESDIR="\"/opt/ossl-static/lib/ossl-modules\"" -DOPENSSL_BUILDING_OPENSSL -DNDEBUG  -MMD -MF providers/implementations/ciphers/libcommon-lib-ciphercommon.d.tmp -MT providers/implementations/ciphers/libcommon-lib-ciphercommon.o -c -o providers/implementations/ciphers/libcommon-lib-ciphercommon.o providers/implementations/ciphers/ciphercommon.c
gcc  -Icrypto -Iinclude -Iproviders/implementations/include -Iproviders/common/include  -DOPENSSL_BN_ASM_MONT -DOPENSSL_CPUID_OBJ -fPIC -pthread -Wa,--noexecstack -Wall -O3 -DOPENSSL_USE_NODELETE -DOPENSSL_PIC -DOPENSSLDIR="\"/opt/ossl-static/ssl\"" -DENGINESDIR="\"/opt/ossl-static/lib/engines-3\"" -DMODULESDIR="\"/opt/ossl-static/lib/ossl-modules\"" -DOPENSSL_BUILDING_OPENSSL -DNDEBUG  -MMD -MF providers/implementations/ciphers/libcommon-lib-ciphercommon_block.d.tmp -MT providers/implementations/ciphers/libcommon-lib-ciphercommon_block.o -c -o providers/implementations/ciphers/libcommon-lib-ciphercommon_block.o providers/implementations/ciphers/ciphercommon_block.c
gcc  -Icrypto -Iinclude -Iproviders/implementations/include -Iproviders/common/include  -DOPENSSL_BN_ASM_MONT -DOPENSSL_CPUID_OBJ -fPIC -pthread -Wa,--noexecstack -Wall -O3 -DOPENSSL_USE_NODELETE -DOPENSSL_PIC -DOPENSSLDIR="\"/opt/ossl-static/ssl\"" -DENGINESDIR="\"/opt/ossl-static/lib/engines-3\"" -DMODULESDIR="\"/opt/ossl-static/lib/ossl-modules\"" -DOPENSSL_BUILDING_OPENSSL -DNDEBUG  -MMD -MF providers/implementations/ciphers/libcommon-lib-ciphercommon_ccm.d.tmp -MT providers/implementations/ciphers/libcommon-lib-ciphercommon_ccm.o -c -o providers/implementations/ciphers/libcommon-lib-ciphercommon_ccm.o providers/implementations/ciphers/ciphercommon_ccm.c
gcc  -Icrypto -Iinclude -Iproviders/implementations/include -Iproviders/common/include  -DOPENSSL_BN_ASM_MONT -DOPENSSL_CPUID_OBJ -fPIC -pthread -Wa,--noexecstack -Wall -O3 -DOPENSSL_USE_NODELETE -DOPENSSL_PIC -DOPENSSLDIR="\"/opt/ossl-static/ssl\"" -DENGINESDIR="\"/opt/ossl-static/lib/engines-3\"" -DMODULESDIR="\"/opt/ossl-static/lib/ossl-modules\"" -DOPENSSL_BUILDING_OPENSSL -DNDEBUG  -MMD -MF providers/implementations/ciphers/libcommon-lib-ciphercommon_ccm_hw.d.tmp -MT providers/implementations/ciphers/libcommon-lib-ciphercommon_ccm_hw.o -c -o providers/implementations/ciphers/libcommon-lib-ciphercommon_ccm_hw.o providers/implementations/ciphers/ciphercommon_ccm_hw.c
gcc  -Icrypto -Iinclude -Iproviders/implementations/include -Iproviders/common/include  -DOPENSSL_BN_ASM_MONT -DOPENSSL_CPUID_OBJ -fPIC -pthread -Wa,--noexecstack -Wall -O3 -DOPENSSL_USE_NODELETE -DOPENSSL_PIC -DOPENSSLDIR="\"/opt/ossl-static/ssl\"" -DENGINESDIR="\"/opt/ossl-static/lib/engines-3\"" -DMODULESDIR="\"/opt/ossl-static/lib/ossl-modules\"" -DOPENSSL_BUILDING_OPENSSL -DNDEBUG  -MMD -MF providers/implementations/ciphers/libcommon-lib-ciphercommon_gcm.d.tmp -MT providers/implementations/ciphers/libcommon-lib-ciphercommon_gcm.o -c -o providers/implementations/ciphers/libcommon-lib-ciphercommon_gcm.o providers/implementations/ciphers/ciphercommon_gcm.c
gcc  -Icrypto -Iinclude -Iproviders/implementations/include -Iproviders/common/include  -DOPENSSL_BN_ASM_MONT -DOPENSSL_CPUID_OBJ -fPIC -pthread -Wa,--noexecstack -Wall -O3 -DOPENSSL_USE_NODELETE -DOPENSSL_PIC -DOPENSSLDIR="\"/opt/ossl-static/ssl\"" -DENGINESDIR="\"/opt/ossl-static/lib/engines-3\"" -DMODULESDIR="\"/opt/ossl-static/lib/ossl-modules\"" -DOPENSSL_BUILDING_OPENSSL -DNDEBUG  -MMD -MF providers/implementations/ciphers/libcommon-lib-ciphercommon_gcm_hw.d.tmp -MT providers/implementations/ciphers/libcommon-lib-ciphercommon_gcm_hw.o -c -o providers/implementations/ciphers/libcommon-lib-ciphercommon_gcm_hw.o providers/implementations/ciphers/ciphercommon_gcm_hw.c
gcc  -Icrypto -Iinclude -Iproviders/implementations/include -Iproviders/common/include  -DOPENSSL_BN_ASM_MONT -DOPENSSL_CPUID_OBJ -fPIC -pthread -Wa,--noexecstack -Wall -O3 -DOPENSSL_USE_NODELETE -DOPENSSL_PIC -DOPENSSLDIR="\"/opt/ossl-static/ssl\"" -DENGINESDIR="\"/opt/ossl-static/lib/engines-3\"" -DMODULESDIR="\"/opt/ossl-static/lib/ossl-modules\"" -DOPENSSL_BUILDING_OPENSSL -DNDEBUG  -MMD -MF providers/implementations/ciphers/libcommon-lib-ciphercommon_hw.d.tmp -MT providers/implementations/ciphers/libcommon-lib-ciphercommon_hw.o -c -o providers/implementations/ciphers/libcommon-lib-ciphercommon_hw.o providers/implementations/ciphers/ciphercommon_hw.c
gcc  -Icrypto -Iinclude -Iproviders/implementations/include -Iproviders/common/include  -DOPENSSL_BN_ASM_MONT -DOPENSSL_CPUID_OBJ -fPIC -pthread -Wa,--noexecstack -Wall -O3 -DOPENSSL_USE_NODELETE -DOPENSSL_PIC -DOPENSSLDIR="\"/opt/ossl-static/ssl\"" -DENGINESDIR="\"/opt/ossl-static/lib/engines-3\"" -DMODULESDIR="\"/opt/ossl-static/lib/ossl-modules\"" -DOPENSSL_BUILDING_OPENSSL -DNDEBUG  -MMD -MF providers/implementations/digests/libcommon-lib-digestcommon.d.tmp -MT providers/implementations/digests/libcommon-lib-digestcommon.o -c -o providers/implementations/digests/libcommon-lib-digestcommon.o providers/implementations/digests/digestcommon.c
gcc  -Icrypto -Iinclude -Iproviders/implementations/include -Iproviders/common/include  -DOPENSSL_BN_ASM_MONT -DOPENSSL_CPUID_OBJ -fPIC -pthread -Wa,--noexecstack -Wall -O3 -DOPENSSL_USE_NODELETE -DOPENSSL_PIC -DOPENSSLDIR="\"/opt/ossl-static/ssl\"" -DENGINESDIR="\"/opt/ossl-static/lib/engines-3\"" -DMODULESDIR="\"/opt/ossl-static/lib/ossl-modules\"" -DOPENSSL_BUILDING_OPENSSL -DNDEBUG  -MMD -MF ssl/record/methods/libcommon-lib-tls_pad.d.tmp -MT ssl/record/methods/libcommon-lib-tls_pad.o -c -o ssl/record/methods/libcommon-lib-tls_pad.o ssl/record/methods/tls_pad.c
gcc  -I. -Iinclude  -fPIC -pthread -Wa,--noexecstack -Wall -O3 -DOPENSSL_USE_NODELETE -DOPENSSL_PIC -DOPENSSLDIR="\"/opt/ossl-static/ssl\"" -DENGINESDIR="\"/opt/ossl-static/lib/engines-3\"" -DMODULESDIR="\"/opt/ossl-static/lib/ossl-modules\"" -DOPENSSL_BUILDING_OPENSSL -DNDEBUG  -MMD -MF ssl/libssl-lib-bio_ssl.d.tmp -MT ssl/libssl-lib-bio_ssl.o -c -o ssl/libssl-lib-bio_ssl.o ssl/bio_ssl.c
gcc  -I. -Iinclude  -fPIC -pthread -Wa,--noexecstack -Wall -O3 -DOPENSSL_USE_NODELETE -DOPENSSL_PIC -DOPENSSLDIR="\"/opt/ossl-static/ssl\"" -DENGINESDIR="\"/opt/ossl-static/lib/engines-3\"" -DMODULESDIR="\"/opt/ossl-static/lib/ossl-modules\"" -DOPENSSL_BUILDING_OPENSSL -DNDEBUG  -MMD -MF ssl/libssl-lib-d1_lib.d.tmp -MT ssl/libssl-lib-d1_lib.o -c -o ssl/libssl-lib-d1_lib.o ssl/d1_lib.c
gcc  -I. -Iinclude  -fPIC -pthread -Wa,--noexecstack -Wall -O3 -DOPENSSL_USE_NODELETE -DOPENSSL_PIC -DOPENSSLDIR="\"/opt/ossl-static/ssl\"" -DENGINESDIR="\"/opt/ossl-static/lib/engines-3\"" -DMODULESDIR="\"/opt/ossl-static/lib/ossl-modules\"" -DOPENSSL_BUILDING_OPENSSL -DNDEBUG  -MMD -MF ssl/libssl-lib-d1_msg.d.tmp -MT ssl/libssl-lib-d1_msg.o -c -o ssl/libssl-lib-d1_msg.o ssl/d1_msg.c
gcc  -I. -Iinclude  -fPIC -pthread -Wa,--noexecstack -Wall -O3 -DOPENSSL_USE_NODELETE -DOPENSSL_PIC -DOPENSSLDIR="\"/opt/ossl-static/ssl\"" -DENGINESDIR="\"/opt/ossl-static/lib/engines-3\"" -DMODULESDIR="\"/opt/ossl-static/lib/ossl-modules\"" -DOPENSSL_BUILDING_OPENSSL -DNDEBUG  -MMD -MF ssl/libssl-lib-d1_srtp.d.tmp -MT ssl/libssl-lib-d1_srtp.o -c -o ssl/libssl-lib-d1_srtp.o ssl/d1_srtp.c
gcc  -I. -Iinclude  -fPIC -pthread -Wa,--noexecstack -Wall -O3 -DOPENSSL_USE_NODELETE -DOPENSSL_PIC -DOPENSSLDIR="\"/opt/ossl-static/ssl\"" -DENGINESDIR="\"/opt/ossl-static/lib/engines-3\"" -DMODULESDIR="\"/opt/ossl-static/lib/ossl-modules\"" -DOPENSSL_BUILDING_OPENSSL -DNDEBUG  -MMD -MF ssl/libssl-lib-event_queue.d.tmp -MT ssl/libssl-lib-event_queue.o -c -o ssl/libssl-lib-event_queue.o ssl/event_queue.c
gcc  -I. -Iinclude  -fPIC -pthread -Wa,--noexecstack -Wall -O3 -DOPENSSL_USE_NODELETE -DOPENSSL_PIC -DOPENSSLDIR="\"/opt/ossl-static/ssl\"" -DENGINESDIR="\"/opt/ossl-static/lib/engines-3\"" -DMODULESDIR="\"/opt/ossl-static/lib/ossl-modules\"" -DOPENSSL_BUILDING_OPENSSL -DNDEBUG  -MMD -MF ssl/libssl-lib-methods.d.tmp -MT ssl/libssl-lib-methods.o -c -o ssl/libssl-lib-methods.o ssl/methods.c
gcc  -I. -Iinclude  -fPIC -pthread -Wa,--noexecstack -Wall -O3 -DOPENSSL_USE_NODELETE -DOPENSSL_PIC -DOPENSSLDIR="\"/opt/ossl-static/ssl\"" -DENGINESDIR="\"/opt/ossl-static/lib/engines-3\"" -DMODULESDIR="\"/opt/ossl-static/lib/ossl-modules\"" -DOPENSSL_BUILDING_OPENSSL -DNDEBUG  -MMD -MF ssl/libssl-lib-pqueue.d.tmp -MT ssl/libssl-lib-pqueue.o -c -o ssl/libssl-lib-pqueue.o ssl/pqueue.c
gcc  -I. -Iinclude  -fPIC -pthread -Wa,--noexecstack -Wall -O3 -DOPENSSL_USE_NODELETE -DOPENSSL_PIC -DOPENSSLDIR="\"/opt/ossl-static/ssl\"" -DENGINESDIR="\"/opt/ossl-static/lib/engines-3\"" -DMODULESDIR="\"/opt/ossl-static/lib/ossl-modules\"" -DOPENSSL_BUILDING_OPENSSL -DNDEBUG  -MMD -MF ssl/libssl-lib-priority_queue.d.tmp -MT ssl/libssl-lib-priority_queue.o -c -o ssl/libssl-lib-priority_queue.o ssl/priority_queue.c
gcc  -I. -Iinclude  -fPIC -pthread -Wa,--noexecstack -Wall -O3 -DOPENSSL_USE_NODELETE -DOPENSSL_PIC -DOPENSSLDIR="\"/opt/ossl-static/ssl\"" -DENGINESDIR="\"/opt/ossl-static/lib/engines-3\"" -DMODULESDIR="\"/opt/ossl-static/lib/ossl-modules\"" -DOPENSSL_BUILDING_OPENSSL -DNDEBUG  -MMD -MF ssl/libssl-lib-s3_enc.d.tmp -MT ssl/libssl-lib-s3_enc.o -c -o ssl/libssl-lib-s3_enc.o ssl/s3_enc.c
gcc  -I. -Iinclude  -fPIC -pthread -Wa,--noexecstack -Wall -O3 -DOPENSSL_USE_NODELETE -DOPENSSL_PIC -DOPENSSLDIR="\"/opt/ossl-static/ssl\"" -DENGINESDIR="\"/opt/ossl-static/lib/engines-3\"" -DMODULESDIR="\"/opt/ossl-static/lib/ossl-modules\"" -DOPENSSL_BUILDING_OPENSSL -DNDEBUG  -MMD -MF ssl/libssl-lib-s3_lib.d.tmp -MT ssl/libssl-lib-s3_lib.o -c -o ssl/libssl-lib-s3_lib.o ssl/s3_lib.c
gcc  -I. -Iinclude  -fPIC -pthread -Wa,--noexecstack -Wall -O3 -DOPENSSL_USE_NODELETE -DOPENSSL_PIC -DOPENSSLDIR="\"/opt/ossl-static/ssl\"" -DENGINESDIR="\"/opt/ossl-static/lib/engines-3\"" -DMODULESDIR="\"/opt/ossl-static/lib/ossl-modules\"" -DOPENSSL_BUILDING_OPENSSL -DNDEBUG  -MMD -MF ssl/libssl-lib-s3_msg.d.tmp -MT ssl/libssl-lib-s3_msg.o -c -o ssl/libssl-lib-s3_msg.o ssl/s3_msg.c
gcc  -I. -Iinclude  -fPIC -pthread -Wa,--noexecstack -Wall -O3 -DOPENSSL_USE_NODELETE -DOPENSSL_PIC -DOPENSSLDIR="\"/opt/ossl-static/ssl\"" -DENGINESDIR="\"/opt/ossl-static/lib/engines-3\"" -DMODULESDIR="\"/opt/ossl-static/lib/ossl-modules\"" -DOPENSSL_BUILDING_OPENSSL -DNDEBUG  -MMD -MF ssl/libssl-lib-ssl_asn1.d.tmp -MT ssl/libssl-lib-ssl_asn1.o -c -o ssl/libssl-lib-ssl_asn1.o ssl/ssl_asn1.c
gcc  -I. -Iinclude  -fPIC -pthread -Wa,--noexecstack -Wall -O3 -DOPENSSL_USE_NODELETE -DOPENSSL_PIC -DOPENSSLDIR="\"/opt/ossl-static/ssl\"" -DENGINESDIR="\"/opt/ossl-static/lib/engines-3\"" -DMODULESDIR="\"/opt/ossl-static/lib/ossl-modules\"" -DOPENSSL_BUILDING_OPENSSL -DNDEBUG  -MMD -MF ssl/libssl-lib-ssl_cert.d.tmp -MT ssl/libssl-lib-ssl_cert.o -c -o ssl/libssl-lib-ssl_cert.o ssl/ssl_cert.c
gcc  -I. -Iinclude  -fPIC -pthread -Wa,--noexecstack -Wall -O3 -DOPENSSL_USE_NODELETE -DOPENSSL_PIC -DOPENSSLDIR="\"/opt/ossl-static/ssl\"" -DENGINESDIR="\"/opt/ossl-static/lib/engines-3\"" -DMODULESDIR="\"/opt/ossl-static/lib/ossl-modules\"" -DOPENSSL_BUILDING_OPENSSL -DNDEBUG  -MMD -MF ssl/libssl-lib-ssl_cert_comp.d.tmp -MT ssl/libssl-lib-ssl_cert_comp.o -c -o ssl/libssl-lib-ssl_cert_comp.o ssl/ssl_cert_comp.c
gcc  -I. -Iinclude  -fPIC -pthread -Wa,--noexecstack -Wall -O3 -DOPENSSL_USE_NODELETE -DOPENSSL_PIC -DOPENSSLDIR="\"/opt/ossl-static/ssl\"" -DENGINESDIR="\"/opt/ossl-static/lib/engines-3\"" -DMODULESDIR="\"/opt/ossl-static/lib/ossl-modules\"" -DOPENSSL_BUILDING_OPENSSL -DNDEBUG  -MMD -MF ssl/libssl-lib-ssl_ciph.d.tmp -MT ssl/libssl-lib-ssl_ciph.o -c -o ssl/libssl-lib-ssl_ciph.o ssl/ssl_ciph.c
gcc  -I. -Iinclude  -fPIC -pthread -Wa,--noexecstack -Wall -O3 -DOPENSSL_USE_NODELETE -DOPENSSL_PIC -DOPENSSLDIR="\"/opt/ossl-static/ssl\"" -DENGINESDIR="\"/opt/ossl-static/lib/engines-3\"" -DMODULESDIR="\"/opt/ossl-static/lib/ossl-modules\"" -DOPENSSL_BUILDING_OPENSSL -DNDEBUG  -MMD -MF ssl/libssl-lib-ssl_conf.d.tmp -MT ssl/libssl-lib-ssl_conf.o -c -o ssl/libssl-lib-ssl_conf.o ssl/ssl_conf.c
gcc  -I. -Iinclude  -fPIC -pthread -Wa,--noexecstack -Wall -O3 -DOPENSSL_USE_NODELETE -DOPENSSL_PIC -DOPENSSLDIR="\"/opt/ossl-static/ssl\"" -DENGINESDIR="\"/opt/ossl-static/lib/engines-3\"" -DMODULESDIR="\"/opt/ossl-static/lib/ossl-modules\"" -DOPENSSL_BUILDING_OPENSSL -DNDEBUG  -MMD -MF ssl/libssl-lib-ssl_err.d.tmp -MT ssl/libssl-lib-ssl_err.o -c -o ssl/libssl-lib-ssl_err.o ssl/ssl_err.c
gcc  -I. -Iinclude  -fPIC -pthread -Wa,--noexecstack -Wall -O3 -DOPENSSL_USE_NODELETE -DOPENSSL_PIC -DOPENSSLDIR="\"/opt/ossl-static/ssl\"" -DENGINESDIR="\"/opt/ossl-static/lib/engines-3\"" -DMODULESDIR="\"/opt/ossl-static/lib/ossl-modules\"" -DOPENSSL_BUILDING_OPENSSL -DNDEBUG  -MMD -MF ssl/libssl-lib-ssl_err_legacy.d.tmp -MT ssl/libssl-lib-ssl_err_legacy.o -c -o ssl/libssl-lib-ssl_err_legacy.o ssl/ssl_err_legacy.c
gcc  -I. -Iinclude  -fPIC -pthread -Wa,--noexecstack -Wall -O3 -DOPENSSL_USE_NODELETE -DOPENSSL_PIC -DOPENSSLDIR="\"/opt/ossl-static/ssl\"" -DENGINESDIR="\"/opt/ossl-static/lib/engines-3\"" -DMODULESDIR="\"/opt/ossl-static/lib/ossl-modules\"" -DOPENSSL_BUILDING_OPENSSL -DNDEBUG  -MMD -MF ssl/libssl-lib-ssl_init.d.tmp -MT ssl/libssl-lib-ssl_init.o -c -o ssl/libssl-lib-ssl_init.o ssl/ssl_init.c
gcc  -I. -Iinclude  -fPIC -pthread -Wa,--noexecstack -Wall -O3 -DOPENSSL_USE_NODELETE -DOPENSSL_PIC -DOPENSSLDIR="\"/opt/ossl-static/ssl\"" -DENGINESDIR="\"/opt/ossl-static/lib/engines-3\"" -DMODULESDIR="\"/opt/ossl-static/lib/ossl-modules\"" -DOPENSSL_BUILDING_OPENSSL -DNDEBUG  -MMD -MF ssl/libssl-lib-ssl_lib.d.tmp -MT ssl/libssl-lib-ssl_lib.o -c -o ssl/libssl-lib-ssl_lib.o ssl/ssl_lib.c
gcc  -I. -Iinclude  -fPIC -pthread -Wa,--noexecstack -Wall -O3 -DOPENSSL_USE_NODELETE -DOPENSSL_PIC -DOPENSSLDIR="\"/opt/ossl-static/ssl\"" -DENGINESDIR="\"/opt/ossl-static/lib/engines-3\"" -DMODULESDIR="\"/opt/ossl-static/lib/ossl-modules\"" -DOPENSSL_BUILDING_OPENSSL -DNDEBUG  -MMD -MF ssl/libssl-lib-ssl_mcnf.d.tmp -MT ssl/libssl-lib-ssl_mcnf.o -c -o ssl/libssl-lib-ssl_mcnf.o ssl/ssl_mcnf.c
gcc  -I. -Iinclude  -fPIC -pthread -Wa,--noexecstack -Wall -O3 -DOPENSSL_USE_NODELETE -DOPENSSL_PIC -DOPENSSLDIR="\"/opt/ossl-static/ssl\"" -DENGINESDIR="\"/opt/ossl-static/lib/engines-3\"" -DMODULESDIR="\"/opt/ossl-static/lib/ossl-modules\"" -DOPENSSL_BUILDING_OPENSSL -DNDEBUG  -MMD -MF ssl/libssl-lib-ssl_rsa.d.tmp -MT ssl/libssl-lib-ssl_rsa.o -c -o ssl/libssl-lib-ssl_rsa.o ssl/ssl_rsa.c
gcc  -I. -Iinclude  -fPIC -pthread -Wa,--noexecstack -Wall -O3 -DOPENSSL_USE_NODELETE -DOPENSSL_PIC -DOPENSSLDIR="\"/opt/ossl-static/ssl\"" -DENGINESDIR="\"/opt/ossl-static/lib/engines-3\"" -DMODULESDIR="\"/opt/ossl-static/lib/ossl-modules\"" -DOPENSSL_BUILDING_OPENSSL -DNDEBUG  -MMD -MF ssl/libssl-lib-ssl_rsa_legacy.d.tmp -MT ssl/libssl-lib-ssl_rsa_legacy.o -c -o ssl/libssl-lib-ssl_rsa_legacy.o ssl/ssl_rsa_legacy.c
gcc  -I. -Iinclude  -fPIC -pthread -Wa,--noexecstack -Wall -O3 -DOPENSSL_USE_NODELETE -DOPENSSL_PIC -DOPENSSLDIR="\"/opt/ossl-static/ssl\"" -DENGINESDIR="\"/opt/ossl-static/lib/engines-3\"" -DMODULESDIR="\"/opt/ossl-static/lib/ossl-modules\"" -DOPENSSL_BUILDING_OPENSSL -DNDEBUG  -MMD -MF ssl/libssl-lib-ssl_sess.d.tmp -MT ssl/libssl-lib-ssl_sess.o -c -o ssl/libssl-lib-ssl_sess.o ssl/ssl_sess.c
gcc  -I. -Iinclude  -fPIC -pthread -Wa,--noexecstack -Wall -O3 -DOPENSSL_USE_NODELETE -DOPENSSL_PIC -DOPENSSLDIR="\"/opt/ossl-static/ssl\"" -DENGINESDIR="\"/opt/ossl-static/lib/engines-3\"" -DMODULESDIR="\"/opt/ossl-static/lib/ossl-modules\"" -DOPENSSL_BUILDING_OPENSSL -DNDEBUG  -MMD -MF ssl/libssl-lib-ssl_stat.d.tmp -MT ssl/libssl-lib-ssl_stat.o -c -o ssl/libssl-lib-ssl_stat.o ssl/ssl_stat.c
gcc  -I. -Iinclude  -fPIC -pthread -Wa,--noexecstack -Wall -O3 -DOPENSSL_USE_NODELETE -DOPENSSL_PIC -DOPENSSLDIR="\"/opt/ossl-static/ssl\"" -DENGINESDIR="\"/opt/ossl-static/lib/engines-3\"" -DMODULESDIR="\"/opt/ossl-static/lib/ossl-modules\"" -DOPENSSL_BUILDING_OPENSSL -DNDEBUG  -MMD -MF ssl/libssl-lib-ssl_txt.d.tmp -MT ssl/libssl-lib-ssl_txt.o -c -o ssl/libssl-lib-ssl_txt.o ssl/ssl_txt.c
gcc  -I. -Iinclude  -fPIC -pthread -Wa,--noexecstack -Wall -O3 -DOPENSSL_USE_NODELETE -DOPENSSL_PIC -DOPENSSLDIR="\"/opt/ossl-static/ssl\"" -DENGINESDIR="\"/opt/ossl-static/lib/engines-3\"" -DMODULESDIR="\"/opt/ossl-static/lib/ossl-modules\"" -DOPENSSL_BUILDING_OPENSSL -DNDEBUG  -MMD -MF ssl/libssl-lib-ssl_utst.d.tmp -MT ssl/libssl-lib-ssl_utst.o -c -o ssl/libssl-lib-ssl_utst.o ssl/ssl_utst.c
gcc  -I. -Iinclude  -fPIC -pthread -Wa,--noexecstack -Wall -O3 -DOPENSSL_USE_NODELETE -DOPENSSL_PIC -DOPENSSLDIR="\"/opt/ossl-static/ssl\"" -DENGINESDIR="\"/opt/ossl-static/lib/engines-3\"" -DMODULESDIR="\"/opt/ossl-static/lib/ossl-modules\"" -DOPENSSL_BUILDING_OPENSSL -DNDEBUG  -MMD -MF ssl/libssl-lib-t1_enc.d.tmp -MT ssl/libssl-lib-t1_enc.o -c -o ssl/libssl-lib-t1_enc.o ssl/t1_enc.c
gcc  -I. -Iinclude  -fPIC -pthread -Wa,--noexecstack -Wall -O3 -DOPENSSL_USE_NODELETE -DOPENSSL_PIC -DOPENSSLDIR="\"/opt/ossl-static/ssl\"" -DENGINESDIR="\"/opt/ossl-static/lib/engines-3\"" -DMODULESDIR="\"/opt/ossl-static/lib/ossl-modules\"" -DOPENSSL_BUILDING_OPENSSL -DNDEBUG  -MMD -MF ssl/libssl-lib-t1_lib.d.tmp -MT ssl/libssl-lib-t1_lib.o -c -o ssl/libssl-lib-t1_lib.o ssl/t1_lib.c
gcc  -I. -Iinclude  -fPIC -pthread -Wa,--noexecstack -Wall -O3 -DOPENSSL_USE_NODELETE -DOPENSSL_PIC -DOPENSSLDIR="\"/opt/ossl-static/ssl\"" -DENGINESDIR="\"/opt/ossl-static/lib/engines-3\"" -DMODULESDIR="\"/opt/ossl-static/lib/ossl-modules\"" -DOPENSSL_BUILDING_OPENSSL -DNDEBUG  -MMD -MF ssl/libssl-lib-t1_trce.d.tmp -MT ssl/libssl-lib-t1_trce.o -c -o ssl/libssl-lib-t1_trce.o ssl/t1_trce.c
gcc  -I. -Iinclude  -fPIC -pthread -Wa,--noexecstack -Wall -O3 -DOPENSSL_USE_NODELETE -DOPENSSL_PIC -DOPENSSLDIR="\"/opt/ossl-static/ssl\"" -DENGINESDIR="\"/opt/ossl-static/lib/engines-3\"" -DMODULESDIR="\"/opt/ossl-static/lib/ossl-modules\"" -DOPENSSL_BUILDING_OPENSSL -DNDEBUG  -MMD -MF ssl/libssl-lib-tls13_enc.d.tmp -MT ssl/libssl-lib-tls13_enc.o -c -o ssl/libssl-lib-tls13_enc.o ssl/tls13_enc.c
gcc  -I. -Iinclude  -fPIC -pthread -Wa,--noexecstack -Wall -O3 -DOPENSSL_USE_NODELETE -DOPENSSL_PIC -DOPENSSLDIR="\"/opt/ossl-static/ssl\"" -DENGINESDIR="\"/opt/ossl-static/lib/engines-3\"" -DMODULESDIR="\"/opt/ossl-static/lib/ossl-modules\"" -DOPENSSL_BUILDING_OPENSSL -DNDEBUG  -MMD -MF ssl/libssl-lib-tls_depr.d.tmp -MT ssl/libssl-lib-tls_depr.o -c -o ssl/libssl-lib-tls_depr.o ssl/tls_depr.c
gcc  -I. -Iinclude  -fPIC -pthread -Wa,--noexecstack -Wall -O3 -DOPENSSL_USE_NODELETE -DOPENSSL_PIC -DOPENSSLDIR="\"/opt/ossl-static/ssl\"" -DENGINESDIR="\"/opt/ossl-static/lib/engines-3\"" -DMODULESDIR="\"/opt/ossl-static/lib/ossl-modules\"" -DOPENSSL_BUILDING_OPENSSL -DNDEBUG  -MMD -MF ssl/libssl-lib-tls_srp.d.tmp -MT ssl/libssl-lib-tls_srp.o -c -o ssl/libssl-lib-tls_srp.o ssl/tls_srp.c
gcc  -I. -Iinclude  -fPIC -pthread -Wa,--noexecstack -Wall -O3 -DOPENSSL_USE_NODELETE -DOPENSSL_PIC -DOPENSSLDIR="\"/opt/ossl-static/ssl\"" -DENGINESDIR="\"/opt/ossl-static/lib/engines-3\"" -DMODULESDIR="\"/opt/ossl-static/lib/ossl-modules\"" -DOPENSSL_BUILDING_OPENSSL -DNDEBUG  -MMD -MF ssl/quic/libssl-lib-cc_newreno.d.tmp -MT ssl/quic/libssl-lib-cc_newreno.o -c -o ssl/quic/libssl-lib-cc_newreno.o ssl/quic/cc_newreno.c
gcc  -I. -Iinclude  -fPIC -pthread -Wa,--noexecstack -Wall -O3 -DOPENSSL_USE_NODELETE -DOPENSSL_PIC -DOPENSSLDIR="\"/opt/ossl-static/ssl\"" -DENGINESDIR="\"/opt/ossl-static/lib/engines-3\"" -DMODULESDIR="\"/opt/ossl-static/lib/ossl-modules\"" -DOPENSSL_BUILDING_OPENSSL -DNDEBUG  -MMD -MF ssl/quic/libssl-lib-json_enc.d.tmp -MT ssl/quic/libssl-lib-json_enc.o -c -o ssl/quic/libssl-lib-json_enc.o ssl/quic/json_enc.c
gcc  -I. -Iinclude  -fPIC -pthread -Wa,--noexecstack -Wall -O3 -DOPENSSL_USE_NODELETE -DOPENSSL_PIC -DOPENSSLDIR="\"/opt/ossl-static/ssl\"" -DENGINESDIR="\"/opt/ossl-static/lib/engines-3\"" -DMODULESDIR="\"/opt/ossl-static/lib/ossl-modules\"" -DOPENSSL_BUILDING_OPENSSL -DNDEBUG  -MMD -MF ssl/quic/libssl-lib-qlog.d.tmp -MT ssl/quic/libssl-lib-qlog.o -c -o ssl/quic/libssl-lib-qlog.o ssl/quic/qlog.c
gcc  -I. -Iinclude  -fPIC -pthread -Wa,--noexecstack -Wall -O3 -DOPENSSL_USE_NODELETE -DOPENSSL_PIC -DOPENSSLDIR="\"/opt/ossl-static/ssl\"" -DENGINESDIR="\"/opt/ossl-static/lib/engines-3\"" -DMODULESDIR="\"/opt/ossl-static/lib/ossl-modules\"" -DOPENSSL_BUILDING_OPENSSL -DNDEBUG  -MMD -MF ssl/quic/libssl-lib-qlog_event_helpers.d.tmp -MT ssl/quic/libssl-lib-qlog_event_helpers.o -c -o ssl/quic/libssl-lib-qlog_event_helpers.o ssl/quic/qlog_event_helpers.c
gcc  -I. -Iinclude  -fPIC -pthread -Wa,--noexecstack -Wall -O3 -DOPENSSL_USE_NODELETE -DOPENSSL_PIC -DOPENSSLDIR="\"/opt/ossl-static/ssl\"" -DENGINESDIR="\"/opt/ossl-static/lib/engines-3\"" -DMODULESDIR="\"/opt/ossl-static/lib/ossl-modules\"" -DOPENSSL_BUILDING_OPENSSL -DNDEBUG  -MMD -MF ssl/quic/libssl-lib-quic_ackm.d.tmp -MT ssl/quic/libssl-lib-quic_ackm.o -c -o ssl/quic/libssl-lib-quic_ackm.o ssl/quic/quic_ackm.c
gcc  -I. -Iinclude  -fPIC -pthread -Wa,--noexecstack -Wall -O3 -DOPENSSL_USE_NODELETE -DOPENSSL_PIC -DOPENSSLDIR="\"/opt/ossl-static/ssl\"" -DENGINESDIR="\"/opt/ossl-static/lib/engines-3\"" -DMODULESDIR="\"/opt/ossl-static/lib/ossl-modules\"" -DOPENSSL_BUILDING_OPENSSL -DNDEBUG  -MMD -MF ssl/quic/libssl-lib-quic_cfq.d.tmp -MT ssl/quic/libssl-lib-quic_cfq.o -c -o ssl/quic/libssl-lib-quic_cfq.o ssl/quic/quic_cfq.c
gcc  -I. -Iinclude  -fPIC -pthread -Wa,--noexecstack -Wall -O3 -DOPENSSL_USE_NODELETE -DOPENSSL_PIC -DOPENSSLDIR="\"/opt/ossl-static/ssl\"" -DENGINESDIR="\"/opt/ossl-static/lib/engines-3\"" -DMODULESDIR="\"/opt/ossl-static/lib/ossl-modules\"" -DOPENSSL_BUILDING_OPENSSL -DNDEBUG  -MMD -MF ssl/quic/libssl-lib-quic_channel.d.tmp -MT ssl/quic/libssl-lib-quic_channel.o -c -o ssl/quic/libssl-lib-quic_channel.o ssl/quic/quic_channel.c
gcc  -I. -Iinclude  -fPIC -pthread -Wa,--noexecstack -Wall -O3 -DOPENSSL_USE_NODELETE -DOPENSSL_PIC -DOPENSSLDIR="\"/opt/ossl-static/ssl\"" -DENGINESDIR="\"/opt/ossl-static/lib/engines-3\"" -DMODULESDIR="\"/opt/ossl-static/lib/ossl-modules\"" -DOPENSSL_BUILDING_OPENSSL -DNDEBUG  -MMD -MF ssl/quic/libssl-lib-quic_demux.d.tmp -MT ssl/quic/libssl-lib-quic_demux.o -c -o ssl/quic/libssl-lib-quic_demux.o ssl/quic/quic_demux.c
gcc  -I. -Iinclude  -fPIC -pthread -Wa,--noexecstack -Wall -O3 -DOPENSSL_USE_NODELETE -DOPENSSL_PIC -DOPENSSLDIR="\"/opt/ossl-static/ssl\"" -DENGINESDIR="\"/opt/ossl-static/lib/engines-3\"" -DMODULESDIR="\"/opt/ossl-static/lib/ossl-modules\"" -DOPENSSL_BUILDING_OPENSSL -DNDEBUG  -MMD -MF ssl/quic/libssl-lib-quic_engine.d.tmp -MT ssl/quic/libssl-lib-quic_engine.o -c -o ssl/quic/libssl-lib-quic_engine.o ssl/quic/quic_engine.c
gcc  -I. -Iinclude  -fPIC -pthread -Wa,--noexecstack -Wall -O3 -DOPENSSL_USE_NODELETE -DOPENSSL_PIC -DOPENSSLDIR="\"/opt/ossl-static/ssl\"" -DENGINESDIR="\"/opt/ossl-static/lib/engines-3\"" -DMODULESDIR="\"/opt/ossl-static/lib/ossl-modules\"" -DOPENSSL_BUILDING_OPENSSL -DNDEBUG  -MMD -MF ssl/quic/libssl-lib-quic_fc.d.tmp -MT ssl/quic/libssl-lib-quic_fc.o -c -o ssl/quic/libssl-lib-quic_fc.o ssl/quic/quic_fc.c
gcc  -I. -Iinclude  -fPIC -pthread -Wa,--noexecstack -Wall -O3 -DOPENSSL_USE_NODELETE -DOPENSSL_PIC -DOPENSSLDIR="\"/opt/ossl-static/ssl\"" -DENGINESDIR="\"/opt/ossl-static/lib/engines-3\"" -DMODULESDIR="\"/opt/ossl-static/lib/ossl-modules\"" -DOPENSSL_BUILDING_OPENSSL -DNDEBUG  -MMD -MF ssl/quic/libssl-lib-quic_fifd.d.tmp -MT ssl/quic/libssl-lib-quic_fifd.o -c -o ssl/quic/libssl-lib-quic_fifd.o ssl/quic/quic_fifd.c
gcc  -I. -Iinclude  -fPIC -pthread -Wa,--noexecstack -Wall -O3 -DOPENSSL_USE_NODELETE -DOPENSSL_PIC -DOPENSSLDIR="\"/opt/ossl-static/ssl\"" -DENGINESDIR="\"/opt/ossl-static/lib/engines-3\"" -DMODULESDIR="\"/opt/ossl-static/lib/ossl-modules\"" -DOPENSSL_BUILDING_OPENSSL -DNDEBUG  -MMD -MF ssl/quic/libssl-lib-quic_impl.d.tmp -MT ssl/quic/libssl-lib-quic_impl.o -c -o ssl/quic/libssl-lib-quic_impl.o ssl/quic/quic_impl.c
gcc  -I. -Iinclude  -fPIC -pthread -Wa,--noexecstack -Wall -O3 -DOPENSSL_USE_NODELETE -DOPENSSL_PIC -DOPENSSLDIR="\"/opt/ossl-static/ssl\"" -DENGINESDIR="\"/opt/ossl-static/lib/engines-3\"" -DMODULESDIR="\"/opt/ossl-static/lib/ossl-modules\"" -DOPENSSL_BUILDING_OPENSSL -DNDEBUG  -MMD -MF ssl/quic/libssl-lib-quic_lcidm.d.tmp -MT ssl/quic/libssl-lib-quic_lcidm.o -c -o ssl/quic/libssl-lib-quic_lcidm.o ssl/quic/quic_lcidm.c
gcc  -I. -Iinclude  -fPIC -pthread -Wa,--noexecstack -Wall -O3 -DOPENSSL_USE_NODELETE -DOPENSSL_PIC -DOPENSSLDIR="\"/opt/ossl-static/ssl\"" -DENGINESDIR="\"/opt/ossl-static/lib/engines-3\"" -DMODULESDIR="\"/opt/ossl-static/lib/ossl-modules\"" -DOPENSSL_BUILDING_OPENSSL -DNDEBUG  -MMD -MF ssl/quic/libssl-lib-quic_method.d.tmp -MT ssl/quic/libssl-lib-quic_method.o -c -o ssl/quic/libssl-lib-quic_method.o ssl/quic/quic_method.c
gcc  -I. -Iinclude  -fPIC -pthread -Wa,--noexecstack -Wall -O3 -DOPENSSL_USE_NODELETE -DOPENSSL_PIC -DOPENSSLDIR="\"/opt/ossl-static/ssl\"" -DENGINESDIR="\"/opt/ossl-static/lib/engines-3\"" -DMODULESDIR="\"/opt/ossl-static/lib/ossl-modules\"" -DOPENSSL_BUILDING_OPENSSL -DNDEBUG  -MMD -MF ssl/quic/libssl-lib-quic_port.d.tmp -MT ssl/quic/libssl-lib-quic_port.o -c -o ssl/quic/libssl-lib-quic_port.o ssl/quic/quic_port.c
gcc  -I. -Iinclude  -fPIC -pthread -Wa,--noexecstack -Wall -O3 -DOPENSSL_USE_NODELETE -DOPENSSL_PIC -DOPENSSLDIR="\"/opt/ossl-static/ssl\"" -DENGINESDIR="\"/opt/ossl-static/lib/engines-3\"" -DMODULESDIR="\"/opt/ossl-static/lib/ossl-modules\"" -DOPENSSL_BUILDING_OPENSSL -DNDEBUG  -MMD -MF ssl/quic/libssl-lib-quic_rcidm.d.tmp -MT ssl/quic/libssl-lib-quic_rcidm.o -c -o ssl/quic/libssl-lib-quic_rcidm.o ssl/quic/quic_rcidm.c
gcc  -I. -Iinclude  -fPIC -pthread -Wa,--noexecstack -Wall -O3 -DOPENSSL_USE_NODELETE -DOPENSSL_PIC -DOPENSSLDIR="\"/opt/ossl-static/ssl\"" -DENGINESDIR="\"/opt/ossl-static/lib/engines-3\"" -DMODULESDIR="\"/opt/ossl-static/lib/ossl-modules\"" -DOPENSSL_BUILDING_OPENSSL -DNDEBUG  -MMD -MF ssl/quic/libssl-lib-quic_reactor.d.tmp -MT ssl/quic/libssl-lib-quic_reactor.o -c -o ssl/quic/libssl-lib-quic_reactor.o ssl/quic/quic_reactor.c
gcc  -I. -Iinclude  -fPIC -pthread -Wa,--noexecstack -Wall -O3 -DOPENSSL_USE_NODELETE -DOPENSSL_PIC -DOPENSSLDIR="\"/opt/ossl-static/ssl\"" -DENGINESDIR="\"/opt/ossl-static/lib/engines-3\"" -DMODULESDIR="\"/opt/ossl-static/lib/ossl-modules\"" -DOPENSSL_BUILDING_OPENSSL -DNDEBUG  -MMD -MF ssl/quic/libssl-lib-quic_record_rx.d.tmp -MT ssl/quic/libssl-lib-quic_record_rx.o -c -o ssl/quic/libssl-lib-quic_record_rx.o ssl/quic/quic_record_rx.c
gcc  -I. -Iinclude  -fPIC -pthread -Wa,--noexecstack -Wall -O3 -DOPENSSL_USE_NODELETE -DOPENSSL_PIC -DOPENSSLDIR="\"/opt/ossl-static/ssl\"" -DENGINESDIR="\"/opt/ossl-static/lib/engines-3\"" -DMODULESDIR="\"/opt/ossl-static/lib/ossl-modules\"" -DOPENSSL_BUILDING_OPENSSL -DNDEBUG  -MMD -MF ssl/quic/libssl-lib-quic_record_shared.d.tmp -MT ssl/quic/libssl-lib-quic_record_shared.o -c -o ssl/quic/libssl-lib-quic_record_shared.o ssl/quic/quic_record_shared.c
gcc  -I. -Iinclude  -fPIC -pthread -Wa,--noexecstack -Wall -O3 -DOPENSSL_USE_NODELETE -DOPENSSL_PIC -DOPENSSLDIR="\"/opt/ossl-static/ssl\"" -DENGINESDIR="\"/opt/ossl-static/lib/engines-3\"" -DMODULESDIR="\"/opt/ossl-static/lib/ossl-modules\"" -DOPENSSL_BUILDING_OPENSSL -DNDEBUG  -MMD -MF ssl/quic/libssl-lib-quic_record_tx.d.tmp -MT ssl/quic/libssl-lib-quic_record_tx.o -c -o ssl/quic/libssl-lib-quic_record_tx.o ssl/quic/quic_record_tx.c
gcc  -I. -Iinclude  -fPIC -pthread -Wa,--noexecstack -Wall -O3 -DOPENSSL_USE_NODELETE -DOPENSSL_PIC -DOPENSSLDIR="\"/opt/ossl-static/ssl\"" -DENGINESDIR="\"/opt/ossl-static/lib/engines-3\"" -DMODULESDIR="\"/opt/ossl-static/lib/ossl-modules\"" -DOPENSSL_BUILDING_OPENSSL -DNDEBUG  -MMD -MF ssl/quic/libssl-lib-quic_record_util.d.tmp -MT ssl/quic/libssl-lib-quic_record_util.o -c -o ssl/quic/libssl-lib-quic_record_util.o ssl/quic/quic_record_util.c
gcc  -I. -Iinclude  -fPIC -pthread -Wa,--noexecstack -Wall -O3 -DOPENSSL_USE_NODELETE -DOPENSSL_PIC -DOPENSSLDIR="\"/opt/ossl-static/ssl\"" -DENGINESDIR="\"/opt/ossl-static/lib/engines-3\"" -DMODULESDIR="\"/opt/ossl-static/lib/ossl-modules\"" -DOPENSSL_BUILDING_OPENSSL -DNDEBUG  -MMD -MF ssl/quic/libssl-lib-quic_rstream.d.tmp -MT ssl/quic/libssl-lib-quic_rstream.o -c -o ssl/quic/libssl-lib-quic_rstream.o ssl/quic/quic_rstream.c
gcc  -I. -Iinclude  -fPIC -pthread -Wa,--noexecstack -Wall -O3 -DOPENSSL_USE_NODELETE -DOPENSSL_PIC -DOPENSSLDIR="\"/opt/ossl-static/ssl\"" -DENGINESDIR="\"/opt/ossl-static/lib/engines-3\"" -DMODULESDIR="\"/opt/ossl-static/lib/ossl-modules\"" -DOPENSSL_BUILDING_OPENSSL -DNDEBUG  -MMD -MF ssl/quic/libssl-lib-quic_rx_depack.d.tmp -MT ssl/quic/libssl-lib-quic_rx_depack.o -c -o ssl/quic/libssl-lib-quic_rx_depack.o ssl/quic/quic_rx_depack.c
gcc  -I. -Iinclude  -fPIC -pthread -Wa,--noexecstack -Wall -O3 -DOPENSSL_USE_NODELETE -DOPENSSL_PIC -DOPENSSLDIR="\"/opt/ossl-static/ssl\"" -DENGINESDIR="\"/opt/ossl-static/lib/engines-3\"" -DMODULESDIR="\"/opt/ossl-static/lib/ossl-modules\"" -DOPENSSL_BUILDING_OPENSSL -DNDEBUG  -MMD -MF ssl/quic/libssl-lib-quic_sf_list.d.tmp -MT ssl/quic/libssl-lib-quic_sf_list.o -c -o ssl/quic/libssl-lib-quic_sf_list.o ssl/quic/quic_sf_list.c
gcc  -I. -Iinclude  -fPIC -pthread -Wa,--noexecstack -Wall -O3 -DOPENSSL_USE_NODELETE -DOPENSSL_PIC -DOPENSSLDIR="\"/opt/ossl-static/ssl\"" -DENGINESDIR="\"/opt/ossl-static/lib/engines-3\"" -DMODULESDIR="\"/opt/ossl-static/lib/ossl-modules\"" -DOPENSSL_BUILDING_OPENSSL -DNDEBUG  -MMD -MF ssl/quic/libssl-lib-quic_srt_gen.d.tmp -MT ssl/quic/libssl-lib-quic_srt_gen.o -c -o ssl/quic/libssl-lib-quic_srt_gen.o ssl/quic/quic_srt_gen.c
gcc  -I. -Iinclude  -fPIC -pthread -Wa,--noexecstack -Wall -O3 -DOPENSSL_USE_NODELETE -DOPENSSL_PIC -DOPENSSLDIR="\"/opt/ossl-static/ssl\"" -DENGINESDIR="\"/opt/ossl-static/lib/engines-3\"" -DMODULESDIR="\"/opt/ossl-static/lib/ossl-modules\"" -DOPENSSL_BUILDING_OPENSSL -DNDEBUG  -MMD -MF ssl/quic/libssl-lib-quic_srtm.d.tmp -MT ssl/quic/libssl-lib-quic_srtm.o -c -o ssl/quic/libssl-lib-quic_srtm.o ssl/quic/quic_srtm.c
gcc  -I. -Iinclude  -fPIC -pthread -Wa,--noexecstack -Wall -O3 -DOPENSSL_USE_NODELETE -DOPENSSL_PIC -DOPENSSLDIR="\"/opt/ossl-static/ssl\"" -DENGINESDIR="\"/opt/ossl-static/lib/engines-3\"" -DMODULESDIR="\"/opt/ossl-static/lib/ossl-modules\"" -DOPENSSL_BUILDING_OPENSSL -DNDEBUG  -MMD -MF ssl/quic/libssl-lib-quic_sstream.d.tmp -MT ssl/quic/libssl-lib-quic_sstream.o -c -o ssl/quic/libssl-lib-quic_sstream.o ssl/quic/quic_sstream.c
gcc  -I. -Iinclude  -fPIC -pthread -Wa,--noexecstack -Wall -O3 -DOPENSSL_USE_NODELETE -DOPENSSL_PIC -DOPENSSLDIR="\"/opt/ossl-static/ssl\"" -DENGINESDIR="\"/opt/ossl-static/lib/engines-3\"" -DMODULESDIR="\"/opt/ossl-static/lib/ossl-modules\"" -DOPENSSL_BUILDING_OPENSSL -DNDEBUG  -MMD -MF ssl/quic/libssl-lib-quic_statm.d.tmp -MT ssl/quic/libssl-lib-quic_statm.o -c -o ssl/quic/libssl-lib-quic_statm.o ssl/quic/quic_statm.c
gcc  -I. -Iinclude  -fPIC -pthread -Wa,--noexecstack -Wall -O3 -DOPENSSL_USE_NODELETE -DOPENSSL_PIC -DOPENSSLDIR="\"/opt/ossl-static/ssl\"" -DENGINESDIR="\"/opt/ossl-static/lib/engines-3\"" -DMODULESDIR="\"/opt/ossl-static/lib/ossl-modules\"" -DOPENSSL_BUILDING_OPENSSL -DNDEBUG  -MMD -MF ssl/quic/libssl-lib-quic_stream_map.d.tmp -MT ssl/quic/libssl-lib-quic_stream_map.o -c -o ssl/quic/libssl-lib-quic_stream_map.o ssl/quic/quic_stream_map.c
gcc  -I. -Iinclude  -fPIC -pthread -Wa,--noexecstack -Wall -O3 -DOPENSSL_USE_NODELETE -DOPENSSL_PIC -DOPENSSLDIR="\"/opt/ossl-static/ssl\"" -DENGINESDIR="\"/opt/ossl-static/lib/engines-3\"" -DMODULESDIR="\"/opt/ossl-static/lib/ossl-modules\"" -DOPENSSL_BUILDING_OPENSSL -DNDEBUG  -MMD -MF ssl/quic/libssl-lib-quic_thread_assist.d.tmp -MT ssl/quic/libssl-lib-quic_thread_assist.o -c -o ssl/quic/libssl-lib-quic_thread_assist.o ssl/quic/quic_thread_assist.c
gcc  -I. -Iinclude  -fPIC -pthread -Wa,--noexecstack -Wall -O3 -DOPENSSL_USE_NODELETE -DOPENSSL_PIC -DOPENSSLDIR="\"/opt/ossl-static/ssl\"" -DENGINESDIR="\"/opt/ossl-static/lib/engines-3\"" -DMODULESDIR="\"/opt/ossl-static/lib/ossl-modules\"" -DOPENSSL_BUILDING_OPENSSL -DNDEBUG  -MMD -MF ssl/quic/libssl-lib-quic_tls.d.tmp -MT ssl/quic/libssl-lib-quic_tls.o -c -o ssl/quic/libssl-lib-quic_tls.o ssl/quic/quic_tls.c
gcc  -I. -Iinclude  -fPIC -pthread -Wa,--noexecstack -Wall -O3 -DOPENSSL_USE_NODELETE -DOPENSSL_PIC -DOPENSSLDIR="\"/opt/ossl-static/ssl\"" -DENGINESDIR="\"/opt/ossl-static/lib/engines-3\"" -DMODULESDIR="\"/opt/ossl-static/lib/ossl-modules\"" -DOPENSSL_BUILDING_OPENSSL -DNDEBUG  -MMD -MF ssl/quic/libssl-lib-quic_trace.d.tmp -MT ssl/quic/libssl-lib-quic_trace.o -c -o ssl/quic/libssl-lib-quic_trace.o ssl/quic/quic_trace.c
gcc  -I. -Iinclude  -fPIC -pthread -Wa,--noexecstack -Wall -O3 -DOPENSSL_USE_NODELETE -DOPENSSL_PIC -DOPENSSLDIR="\"/opt/ossl-static/ssl\"" -DENGINESDIR="\"/opt/ossl-static/lib/engines-3\"" -DMODULESDIR="\"/opt/ossl-static/lib/ossl-modules\"" -DOPENSSL_BUILDING_OPENSSL -DNDEBUG  -MMD -MF ssl/quic/libssl-lib-quic_tserver.d.tmp -MT ssl/quic/libssl-lib-quic_tserver.o -c -o ssl/quic/libssl-lib-quic_tserver.o ssl/quic/quic_tserver.c
gcc  -I. -Iinclude  -fPIC -pthread -Wa,--noexecstack -Wall -O3 -DOPENSSL_USE_NODELETE -DOPENSSL_PIC -DOPENSSLDIR="\"/opt/ossl-static/ssl\"" -DENGINESDIR="\"/opt/ossl-static/lib/engines-3\"" -DMODULESDIR="\"/opt/ossl-static/lib/ossl-modules\"" -DOPENSSL_BUILDING_OPENSSL -DNDEBUG  -MMD -MF ssl/quic/libssl-lib-quic_txp.d.tmp -MT ssl/quic/libssl-lib-quic_txp.o -c -o ssl/quic/libssl-lib-quic_txp.o ssl/quic/quic_txp.c
gcc  -I. -Iinclude  -fPIC -pthread -Wa,--noexecstack -Wall -O3 -DOPENSSL_USE_NODELETE -DOPENSSL_PIC -DOPENSSLDIR="\"/opt/ossl-static/ssl\"" -DENGINESDIR="\"/opt/ossl-static/lib/engines-3\"" -DMODULESDIR="\"/opt/ossl-static/lib/ossl-modules\"" -DOPENSSL_BUILDING_OPENSSL -DNDEBUG  -MMD -MF ssl/quic/libssl-lib-quic_txpim.d.tmp -MT ssl/quic/libssl-lib-quic_txpim.o -c -o ssl/quic/libssl-lib-quic_txpim.o ssl/quic/quic_txpim.c
gcc  -I. -Iinclude  -fPIC -pthread -Wa,--noexecstack -Wall -O3 -DOPENSSL_USE_NODELETE -DOPENSSL_PIC -DOPENSSLDIR="\"/opt/ossl-static/ssl\"" -DENGINESDIR="\"/opt/ossl-static/lib/engines-3\"" -DMODULESDIR="\"/opt/ossl-static/lib/ossl-modules\"" -DOPENSSL_BUILDING_OPENSSL -DNDEBUG  -MMD -MF ssl/quic/libssl-lib-quic_types.d.tmp -MT ssl/quic/libssl-lib-quic_types.o -c -o ssl/quic/libssl-lib-quic_types.o ssl/quic/quic_types.c
gcc  -I. -Iinclude  -fPIC -pthread -Wa,--noexecstack -Wall -O3 -DOPENSSL_USE_NODELETE -DOPENSSL_PIC -DOPENSSLDIR="\"/opt/ossl-static/ssl\"" -DENGINESDIR="\"/opt/ossl-static/lib/engines-3\"" -DMODULESDIR="\"/opt/ossl-static/lib/ossl-modules\"" -DOPENSSL_BUILDING_OPENSSL -DNDEBUG  -MMD -MF ssl/quic/libssl-lib-quic_wire.d.tmp -MT ssl/quic/libssl-lib-quic_wire.o -c -o ssl/quic/libssl-lib-quic_wire.o ssl/quic/quic_wire.c
gcc  -I. -Iinclude  -fPIC -pthread -Wa,--noexecstack -Wall -O3 -DOPENSSL_USE_NODELETE -DOPENSSL_PIC -DOPENSSLDIR="\"/opt/ossl-static/ssl\"" -DENGINESDIR="\"/opt/ossl-static/lib/engines-3\"" -DMODULESDIR="\"/opt/ossl-static/lib/ossl-modules\"" -DOPENSSL_BUILDING_OPENSSL -DNDEBUG  -MMD -MF ssl/quic/libssl-lib-quic_wire_pkt.d.tmp -MT ssl/quic/libssl-lib-quic_wire_pkt.o -c -o ssl/quic/libssl-lib-quic_wire_pkt.o ssl/quic/quic_wire_pkt.c
gcc  -I. -Iinclude  -fPIC -pthread -Wa,--noexecstack -Wall -O3 -DOPENSSL_USE_NODELETE -DOPENSSL_PIC -DOPENSSLDIR="\"/opt/ossl-static/ssl\"" -DENGINESDIR="\"/opt/ossl-static/lib/engines-3\"" -DMODULESDIR="\"/opt/ossl-static/lib/ossl-modules\"" -DOPENSSL_BUILDING_OPENSSL -DNDEBUG  -MMD -MF ssl/quic/libssl-lib-uint_set.d.tmp -MT ssl/quic/libssl-lib-uint_set.o -c -o ssl/quic/libssl-lib-uint_set.o ssl/quic/uint_set.c
gcc  -I. -Iinclude  -fPIC -pthread -Wa,--noexecstack -Wall -O3 -DOPENSSL_USE_NODELETE -DOPENSSL_PIC -DOPENSSLDIR="\"/opt/ossl-static/ssl\"" -DENGINESDIR="\"/opt/ossl-static/lib/engines-3\"" -DMODULESDIR="\"/opt/ossl-static/lib/ossl-modules\"" -DOPENSSL_BUILDING_OPENSSL -DNDEBUG  -MMD -MF ssl/record/libssl-lib-rec_layer_d1.d.tmp -MT ssl/record/libssl-lib-rec_layer_d1.o -c -o ssl/record/libssl-lib-rec_layer_d1.o ssl/record/rec_layer_d1.c
gcc  -I. -Iinclude  -fPIC -pthread -Wa,--noexecstack -Wall -O3 -DOPENSSL_USE_NODELETE -DOPENSSL_PIC -DOPENSSLDIR="\"/opt/ossl-static/ssl\"" -DENGINESDIR="\"/opt/ossl-static/lib/engines-3\"" -DMODULESDIR="\"/opt/ossl-static/lib/ossl-modules\"" -DOPENSSL_BUILDING_OPENSSL -DNDEBUG  -MMD -MF ssl/record/libssl-lib-rec_layer_s3.d.tmp -MT ssl/record/libssl-lib-rec_layer_s3.o -c -o ssl/record/libssl-lib-rec_layer_s3.o ssl/record/rec_layer_s3.c
gcc  -I. -Iinclude  -fPIC -pthread -Wa,--noexecstack -Wall -O3 -DOPENSSL_USE_NODELETE -DOPENSSL_PIC -DOPENSSLDIR="\"/opt/ossl-static/ssl\"" -DENGINESDIR="\"/opt/ossl-static/lib/engines-3\"" -DMODULESDIR="\"/opt/ossl-static/lib/ossl-modules\"" -DOPENSSL_BUILDING_OPENSSL -DNDEBUG  -MMD -MF ssl/record/methods/libssl-lib-dtls_meth.d.tmp -MT ssl/record/methods/libssl-lib-dtls_meth.o -c -o ssl/record/methods/libssl-lib-dtls_meth.o ssl/record/methods/dtls_meth.c
gcc  -I. -Iinclude  -fPIC -pthread -Wa,--noexecstack -Wall -O3 -DOPENSSL_USE_NODELETE -DOPENSSL_PIC -DOPENSSLDIR="\"/opt/ossl-static/ssl\"" -DENGINESDIR="\"/opt/ossl-static/lib/engines-3\"" -DMODULESDIR="\"/opt/ossl-static/lib/ossl-modules\"" -DOPENSSL_BUILDING_OPENSSL -DNDEBUG  -MMD -MF ssl/record/methods/libssl-lib-ssl3_meth.d.tmp -MT ssl/record/methods/libssl-lib-ssl3_meth.o -c -o ssl/record/methods/libssl-lib-ssl3_meth.o ssl/record/methods/ssl3_meth.c
gcc  -I. -Iinclude  -fPIC -pthread -Wa,--noexecstack -Wall -O3 -DOPENSSL_USE_NODELETE -DOPENSSL_PIC -DOPENSSLDIR="\"/opt/ossl-static/ssl\"" -DENGINESDIR="\"/opt/ossl-static/lib/engines-3\"" -DMODULESDIR="\"/opt/ossl-static/lib/ossl-modules\"" -DOPENSSL_BUILDING_OPENSSL -DNDEBUG  -MMD -MF ssl/record/methods/libssl-lib-tls13_meth.d.tmp -MT ssl/record/methods/libssl-lib-tls13_meth.o -c -o ssl/record/methods/libssl-lib-tls13_meth.o ssl/record/methods/tls13_meth.c
gcc  -I. -Iinclude  -fPIC -pthread -Wa,--noexecstack -Wall -O3 -DOPENSSL_USE_NODELETE -DOPENSSL_PIC -DOPENSSLDIR="\"/opt/ossl-static/ssl\"" -DENGINESDIR="\"/opt/ossl-static/lib/engines-3\"" -DMODULESDIR="\"/opt/ossl-static/lib/ossl-modules\"" -DOPENSSL_BUILDING_OPENSSL -DNDEBUG  -MMD -MF ssl/record/methods/libssl-lib-tls1_meth.d.tmp -MT ssl/record/methods/libssl-lib-tls1_meth.o -c -o ssl/record/methods/libssl-lib-tls1_meth.o ssl/record/methods/tls1_meth.c
gcc  -I. -Iinclude  -fPIC -pthread -Wa,--noexecstack -Wall -O3 -DOPENSSL_USE_NODELETE -DOPENSSL_PIC -DOPENSSLDIR="\"/opt/ossl-static/ssl\"" -DENGINESDIR="\"/opt/ossl-static/lib/engines-3\"" -DMODULESDIR="\"/opt/ossl-static/lib/ossl-modules\"" -DOPENSSL_BUILDING_OPENSSL -DNDEBUG  -MMD -MF ssl/record/methods/libssl-lib-tls_common.d.tmp -MT ssl/record/methods/libssl-lib-tls_common.o -c -o ssl/record/methods/libssl-lib-tls_common.o ssl/record/methods/tls_common.c
gcc  -I. -Iinclude  -fPIC -pthread -Wa,--noexecstack -Wall -O3 -DOPENSSL_USE_NODELETE -DOPENSSL_PIC -DOPENSSLDIR="\"/opt/ossl-static/ssl\"" -DENGINESDIR="\"/opt/ossl-static/lib/engines-3\"" -DMODULESDIR="\"/opt/ossl-static/lib/ossl-modules\"" -DOPENSSL_BUILDING_OPENSSL -DNDEBUG  -MMD -MF ssl/record/methods/libssl-lib-tls_multib.d.tmp -MT ssl/record/methods/libssl-lib-tls_multib.o -c -o ssl/record/methods/libssl-lib-tls_multib.o ssl/record/methods/tls_multib.c
gcc  -I. -Iinclude  -fPIC -pthread -Wa,--noexecstack -Wall -O3 -DOPENSSL_USE_NODELETE -DOPENSSL_PIC -DOPENSSLDIR="\"/opt/ossl-static/ssl\"" -DENGINESDIR="\"/opt/ossl-static/lib/engines-3\"" -DMODULESDIR="\"/opt/ossl-static/lib/ossl-modules\"" -DOPENSSL_BUILDING_OPENSSL -DNDEBUG  -MMD -MF ssl/record/methods/libssl-lib-tlsany_meth.d.tmp -MT ssl/record/methods/libssl-lib-tlsany_meth.o -c -o ssl/record/methods/libssl-lib-tlsany_meth.o ssl/record/methods/tlsany_meth.c
gcc  -I. -Iinclude  -fPIC -pthread -Wa,--noexecstack -Wall -O3 -DOPENSSL_USE_NODELETE -DOPENSSL_PIC -DOPENSSLDIR="\"/opt/ossl-static/ssl\"" -DENGINESDIR="\"/opt/ossl-static/lib/engines-3\"" -DMODULESDIR="\"/opt/ossl-static/lib/ossl-modules\"" -DOPENSSL_BUILDING_OPENSSL -DNDEBUG  -MMD -MF ssl/rio/libssl-lib-poll_immediate.d.tmp -MT ssl/rio/libssl-lib-poll_immediate.o -c -o ssl/rio/libssl-lib-poll_immediate.o ssl/rio/poll_immediate.c
gcc  -I. -Iinclude  -fPIC -pthread -Wa,--noexecstack -Wall -O3 -DOPENSSL_USE_NODELETE -DOPENSSL_PIC -DOPENSSLDIR="\"/opt/ossl-static/ssl\"" -DENGINESDIR="\"/opt/ossl-static/lib/engines-3\"" -DMODULESDIR="\"/opt/ossl-static/lib/ossl-modules\"" -DOPENSSL_BUILDING_OPENSSL -DNDEBUG  -MMD -MF ssl/statem/libssl-lib-extensions.d.tmp -MT ssl/statem/libssl-lib-extensions.o -c -o ssl/statem/libssl-lib-extensions.o ssl/statem/extensions.c
gcc  -I. -Iinclude  -fPIC -pthread -Wa,--noexecstack -Wall -O3 -DOPENSSL_USE_NODELETE -DOPENSSL_PIC -DOPENSSLDIR="\"/opt/ossl-static/ssl\"" -DENGINESDIR="\"/opt/ossl-static/lib/engines-3\"" -DMODULESDIR="\"/opt/ossl-static/lib/ossl-modules\"" -DOPENSSL_BUILDING_OPENSSL -DNDEBUG  -MMD -MF ssl/statem/libssl-lib-extensions_clnt.d.tmp -MT ssl/statem/libssl-lib-extensions_clnt.o -c -o ssl/statem/libssl-lib-extensions_clnt.o ssl/statem/extensions_clnt.c
gcc  -I. -Iinclude  -fPIC -pthread -Wa,--noexecstack -Wall -O3 -DOPENSSL_USE_NODELETE -DOPENSSL_PIC -DOPENSSLDIR="\"/opt/ossl-static/ssl\"" -DENGINESDIR="\"/opt/ossl-static/lib/engines-3\"" -DMODULESDIR="\"/opt/ossl-static/lib/ossl-modules\"" -DOPENSSL_BUILDING_OPENSSL -DNDEBUG  -MMD -MF ssl/statem/libssl-lib-extensions_cust.d.tmp -MT ssl/statem/libssl-lib-extensions_cust.o -c -o ssl/statem/libssl-lib-extensions_cust.o ssl/statem/extensions_cust.c
gcc  -I. -Iinclude  -fPIC -pthread -Wa,--noexecstack -Wall -O3 -DOPENSSL_USE_NODELETE -DOPENSSL_PIC -DOPENSSLDIR="\"/opt/ossl-static/ssl\"" -DENGINESDIR="\"/opt/ossl-static/lib/engines-3\"" -DMODULESDIR="\"/opt/ossl-static/lib/ossl-modules\"" -DOPENSSL_BUILDING_OPENSSL -DNDEBUG  -MMD -MF ssl/statem/libssl-lib-extensions_srvr.d.tmp -MT ssl/statem/libssl-lib-extensions_srvr.o -c -o ssl/statem/libssl-lib-extensions_srvr.o ssl/statem/extensions_srvr.c
gcc  -I. -Iinclude  -fPIC -pthread -Wa,--noexecstack -Wall -O3 -DOPENSSL_USE_NODELETE -DOPENSSL_PIC -DOPENSSLDIR="\"/opt/ossl-static/ssl\"" -DENGINESDIR="\"/opt/ossl-static/lib/engines-3\"" -DMODULESDIR="\"/opt/ossl-static/lib/ossl-modules\"" -DOPENSSL_BUILDING_OPENSSL -DNDEBUG  -MMD -MF ssl/statem/libssl-lib-statem.d.tmp -MT ssl/statem/libssl-lib-statem.o -c -o ssl/statem/libssl-lib-statem.o ssl/statem/statem.c
gcc  -I. -Iinclude  -fPIC -pthread -Wa,--noexecstack -Wall -O3 -DOPENSSL_USE_NODELETE -DOPENSSL_PIC -DOPENSSLDIR="\"/opt/ossl-static/ssl\"" -DENGINESDIR="\"/opt/ossl-static/lib/engines-3\"" -DMODULESDIR="\"/opt/ossl-static/lib/ossl-modules\"" -DOPENSSL_BUILDING_OPENSSL -DNDEBUG  -MMD -MF ssl/statem/libssl-lib-statem_clnt.d.tmp -MT ssl/statem/libssl-lib-statem_clnt.o -c -o ssl/statem/libssl-lib-statem_clnt.o ssl/statem/statem_clnt.c
gcc  -I. -Iinclude  -fPIC -pthread -Wa,--noexecstack -Wall -O3 -DOPENSSL_USE_NODELETE -DOPENSSL_PIC -DOPENSSLDIR="\"/opt/ossl-static/ssl\"" -DENGINESDIR="\"/opt/ossl-static/lib/engines-3\"" -DMODULESDIR="\"/opt/ossl-static/lib/ossl-modules\"" -DOPENSSL_BUILDING_OPENSSL -DNDEBUG  -MMD -MF ssl/statem/libssl-lib-statem_dtls.d.tmp -MT ssl/statem/libssl-lib-statem_dtls.o -c -o ssl/statem/libssl-lib-statem_dtls.o ssl/statem/statem_dtls.c
gcc  -I. -Iinclude  -fPIC -pthread -Wa,--noexecstack -Wall -O3 -DOPENSSL_USE_NODELETE -DOPENSSL_PIC -DOPENSSLDIR="\"/opt/ossl-static/ssl\"" -DENGINESDIR="\"/opt/ossl-static/lib/engines-3\"" -DMODULESDIR="\"/opt/ossl-static/lib/ossl-modules\"" -DOPENSSL_BUILDING_OPENSSL -DNDEBUG  -MMD -MF ssl/statem/libssl-lib-statem_lib.d.tmp -MT ssl/statem/libssl-lib-statem_lib.o -c -o ssl/statem/libssl-lib-statem_lib.o ssl/statem/statem_lib.c
gcc  -I. -Iinclude  -fPIC -pthread -Wa,--noexecstack -Wall -O3 -DOPENSSL_USE_NODELETE -DOPENSSL_PIC -DOPENSSLDIR="\"/opt/ossl-static/ssl\"" -DENGINESDIR="\"/opt/ossl-static/lib/engines-3\"" -DMODULESDIR="\"/opt/ossl-static/lib/ossl-modules\"" -DOPENSSL_BUILDING_OPENSSL -DNDEBUG  -MMD -MF ssl/statem/libssl-lib-statem_srvr.d.tmp -MT ssl/statem/libssl-lib-statem_srvr.o -c -o ssl/statem/libssl-lib-statem_srvr.o ssl/statem/statem_srvr.c
gcc  -I. -Icrypto -Iinclude -Iproviders/implementations/include -Iproviders/common/include  -DMD5_ASM -fPIC -pthread -Wa,--noexecstack -Wall -O3 -DOPENSSL_USE_NODELETE -DOPENSSL_PIC -DOPENSSLDIR="\"/opt/ossl-static/ssl\"" -DENGINESDIR="\"/opt/ossl-static/lib/engines-3\"" -DMODULESDIR="\"/opt/ossl-static/lib/ossl-modules\"" -DOPENSSL_BUILDING_OPENSSL -DNDEBUG  -MMD -MF providers/implementations/ciphers/liblegacy-lib-cipher_blowfish.d.tmp -MT providers/implementations/ciphers/liblegacy-lib-cipher_blowfish.o -c -o providers/implementations/ciphers/liblegacy-lib-cipher_blowfish.o providers/implementations/ciphers/cipher_blowfish.c
gcc  -I. -Icrypto -Iinclude -Iproviders/implementations/include -Iproviders/common/include  -DMD5_ASM -fPIC -pthread -Wa,--noexecstack -Wall -O3 -DOPENSSL_USE_NODELETE -DOPENSSL_PIC -DOPENSSLDIR="\"/opt/ossl-static/ssl\"" -DENGINESDIR="\"/opt/ossl-static/lib/engines-3\"" -DMODULESDIR="\"/opt/ossl-static/lib/ossl-modules\"" -DOPENSSL_BUILDING_OPENSSL -DNDEBUG  -MMD -MF providers/implementations/ciphers/liblegacy-lib-cipher_blowfish_hw.d.tmp -MT providers/implementations/ciphers/liblegacy-lib-cipher_blowfish_hw.o -c -o providers/implementations/ciphers/liblegacy-lib-cipher_blowfish_hw.o providers/implementations/ciphers/cipher_blowfish_hw.c
gcc  -I. -Icrypto -Iinclude -Iproviders/implementations/include -Iproviders/common/include  -DMD5_ASM -fPIC -pthread -Wa,--noexecstack -Wall -O3 -DOPENSSL_USE_NODELETE -DOPENSSL_PIC -DOPENSSLDIR="\"/opt/ossl-static/ssl\"" -DENGINESDIR="\"/opt/ossl-static/lib/engines-3\"" -DMODULESDIR="\"/opt/ossl-static/lib/ossl-modules\"" -DOPENSSL_BUILDING_OPENSSL -DNDEBUG  -MMD -MF providers/implementations/ciphers/liblegacy-lib-cipher_cast5.d.tmp -MT providers/implementations/ciphers/liblegacy-lib-cipher_cast5.o -c -o providers/implementations/ciphers/liblegacy-lib-cipher_cast5.o providers/implementations/ciphers/cipher_cast5.c
gcc  -I. -Icrypto -Iinclude -Iproviders/implementations/include -Iproviders/common/include  -DMD5_ASM -fPIC -pthread -Wa,--noexecstack -Wall -O3 -DOPENSSL_USE_NODELETE -DOPENSSL_PIC -DOPENSSLDIR="\"/opt/ossl-static/ssl\"" -DENGINESDIR="\"/opt/ossl-static/lib/engines-3\"" -DMODULESDIR="\"/opt/ossl-static/lib/ossl-modules\"" -DOPENSSL_BUILDING_OPENSSL -DNDEBUG  -MMD -MF providers/implementations/ciphers/liblegacy-lib-cipher_cast5_hw.d.tmp -MT providers/implementations/ciphers/liblegacy-lib-cipher_cast5_hw.o -c -o providers/implementations/ciphers/liblegacy-lib-cipher_cast5_hw.o providers/implementations/ciphers/cipher_cast5_hw.c
gcc  -I. -Icrypto -Iinclude -Iproviders/implementations/include -Iproviders/common/include  -DMD5_ASM -fPIC -pthread -Wa,--noexecstack -Wall -O3 -DOPENSSL_USE_NODELETE -DOPENSSL_PIC -DOPENSSLDIR="\"/opt/ossl-static/ssl\"" -DENGINESDIR="\"/opt/ossl-static/lib/engines-3\"" -DMODULESDIR="\"/opt/ossl-static/lib/ossl-modules\"" -DOPENSSL_BUILDING_OPENSSL -DNDEBUG  -MMD -MF providers/implementations/ciphers/liblegacy-lib-cipher_des.d.tmp -MT providers/implementations/ciphers/liblegacy-lib-cipher_des.o -c -o providers/implementations/ciphers/liblegacy-lib-cipher_des.o providers/implementations/ciphers/cipher_des.c
gcc  -I. -Icrypto -Iinclude -Iproviders/implementations/include -Iproviders/common/include  -DMD5_ASM -fPIC -pthread -Wa,--noexecstack -Wall -O3 -DOPENSSL_USE_NODELETE -DOPENSSL_PIC -DOPENSSLDIR="\"/opt/ossl-static/ssl\"" -DENGINESDIR="\"/opt/ossl-static/lib/engines-3\"" -DMODULESDIR="\"/opt/ossl-static/lib/ossl-modules\"" -DOPENSSL_BUILDING_OPENSSL -DNDEBUG  -MMD -MF providers/implementations/ciphers/liblegacy-lib-cipher_des_hw.d.tmp -MT providers/implementations/ciphers/liblegacy-lib-cipher_des_hw.o -c -o providers/implementations/ciphers/liblegacy-lib-cipher_des_hw.o providers/implementations/ciphers/cipher_des_hw.c
gcc  -I. -Icrypto -Iinclude -Iproviders/implementations/include -Iproviders/common/include  -DMD5_ASM -fPIC -pthread -Wa,--noexecstack -Wall -O3 -DOPENSSL_USE_NODELETE -DOPENSSL_PIC -DOPENSSLDIR="\"/opt/ossl-static/ssl\"" -DENGINESDIR="\"/opt/ossl-static/lib/engines-3\"" -DMODULESDIR="\"/opt/ossl-static/lib/ossl-modules\"" -DOPENSSL_BUILDING_OPENSSL -DNDEBUG  -MMD -MF providers/implementations/ciphers/liblegacy-lib-cipher_desx.d.tmp -MT providers/implementations/ciphers/liblegacy-lib-cipher_desx.o -c -o providers/implementations/ciphers/liblegacy-lib-cipher_desx.o providers/implementations/ciphers/cipher_desx.c
gcc  -I. -Icrypto -Iinclude -Iproviders/implementations/include -Iproviders/common/include  -DMD5_ASM -fPIC -pthread -Wa,--noexecstack -Wall -O3 -DOPENSSL_USE_NODELETE -DOPENSSL_PIC -DOPENSSLDIR="\"/opt/ossl-static/ssl\"" -DENGINESDIR="\"/opt/ossl-static/lib/engines-3\"" -DMODULESDIR="\"/opt/ossl-static/lib/ossl-modules\"" -DOPENSSL_BUILDING_OPENSSL -DNDEBUG  -MMD -MF providers/implementations/ciphers/liblegacy-lib-cipher_desx_hw.d.tmp -MT providers/implementations/ciphers/liblegacy-lib-cipher_desx_hw.o -c -o providers/implementations/ciphers/liblegacy-lib-cipher_desx_hw.o providers/implementations/ciphers/cipher_desx_hw.c
gcc  -I. -Icrypto -Iinclude -Iproviders/implementations/include -Iproviders/common/include  -DMD5_ASM -fPIC -pthread -Wa,--noexecstack -Wall -O3 -DOPENSSL_USE_NODELETE -DOPENSSL_PIC -DOPENSSLDIR="\"/opt/ossl-static/ssl\"" -DENGINESDIR="\"/opt/ossl-static/lib/engines-3\"" -DMODULESDIR="\"/opt/ossl-static/lib/ossl-modules\"" -DOPENSSL_BUILDING_OPENSSL -DNDEBUG  -MMD -MF providers/implementations/ciphers/liblegacy-lib-cipher_idea.d.tmp -MT providers/implementations/ciphers/liblegacy-lib-cipher_idea.o -c -o providers/implementations/ciphers/liblegacy-lib-cipher_idea.o providers/implementations/ciphers/cipher_idea.c
gcc  -I. -Icrypto -Iinclude -Iproviders/implementations/include -Iproviders/common/include  -DMD5_ASM -fPIC -pthread -Wa,--noexecstack -Wall -O3 -DOPENSSL_USE_NODELETE -DOPENSSL_PIC -DOPENSSLDIR="\"/opt/ossl-static/ssl\"" -DENGINESDIR="\"/opt/ossl-static/lib/engines-3\"" -DMODULESDIR="\"/opt/ossl-static/lib/ossl-modules\"" -DOPENSSL_BUILDING_OPENSSL -DNDEBUG  -MMD -MF providers/implementations/ciphers/liblegacy-lib-cipher_idea_hw.d.tmp -MT providers/implementations/ciphers/liblegacy-lib-cipher_idea_hw.o -c -o providers/implementations/ciphers/liblegacy-lib-cipher_idea_hw.o providers/implementations/ciphers/cipher_idea_hw.c
gcc  -I. -Icrypto -Iinclude -Iproviders/implementations/include -Iproviders/common/include  -DMD5_ASM -fPIC -pthread -Wa,--noexecstack -Wall -O3 -DOPENSSL_USE_NODELETE -DOPENSSL_PIC -DOPENSSLDIR="\"/opt/ossl-static/ssl\"" -DENGINESDIR="\"/opt/ossl-static/lib/engines-3\"" -DMODULESDIR="\"/opt/ossl-static/lib/ossl-modules\"" -DOPENSSL_BUILDING_OPENSSL -DNDEBUG  -MMD -MF providers/implementations/ciphers/liblegacy-lib-cipher_rc2.d.tmp -MT providers/implementations/ciphers/liblegacy-lib-cipher_rc2.o -c -o providers/implementations/ciphers/liblegacy-lib-cipher_rc2.o providers/implementations/ciphers/cipher_rc2.c
gcc  -I. -Icrypto -Iinclude -Iproviders/implementations/include -Iproviders/common/include  -DMD5_ASM -fPIC -pthread -Wa,--noexecstack -Wall -O3 -DOPENSSL_USE_NODELETE -DOPENSSL_PIC -DOPENSSLDIR="\"/opt/ossl-static/ssl\"" -DENGINESDIR="\"/opt/ossl-static/lib/engines-3\"" -DMODULESDIR="\"/opt/ossl-static/lib/ossl-modules\"" -DOPENSSL_BUILDING_OPENSSL -DNDEBUG  -MMD -MF providers/implementations/ciphers/liblegacy-lib-cipher_rc2_hw.d.tmp -MT providers/implementations/ciphers/liblegacy-lib-cipher_rc2_hw.o -c -o providers/implementations/ciphers/liblegacy-lib-cipher_rc2_hw.o providers/implementations/ciphers/cipher_rc2_hw.c
gcc  -I. -Icrypto -Iinclude -Iproviders/implementations/include -Iproviders/common/include  -DMD5_ASM -fPIC -pthread -Wa,--noexecstack -Wall -O3 -DOPENSSL_USE_NODELETE -DOPENSSL_PIC -DOPENSSLDIR="\"/opt/ossl-static/ssl\"" -DENGINESDIR="\"/opt/ossl-static/lib/engines-3\"" -DMODULESDIR="\"/opt/ossl-static/lib/ossl-modules\"" -DOPENSSL_BUILDING_OPENSSL -DNDEBUG  -MMD -MF providers/implementations/ciphers/liblegacy-lib-cipher_rc4.d.tmp -MT providers/implementations/ciphers/liblegacy-lib-cipher_rc4.o -c -o providers/implementations/ciphers/liblegacy-lib-cipher_rc4.o providers/implementations/ciphers/cipher_rc4.c
gcc  -I. -Icrypto -Iinclude -Iproviders/implementations/include -Iproviders/common/include  -DMD5_ASM -fPIC -pthread -Wa,--noexecstack -Wall -O3 -DOPENSSL_USE_NODELETE -DOPENSSL_PIC -DOPENSSLDIR="\"/opt/ossl-static/ssl\"" -DENGINESDIR="\"/opt/ossl-static/lib/engines-3\"" -DMODULESDIR="\"/opt/ossl-static/lib/ossl-modules\"" -DOPENSSL_BUILDING_OPENSSL -DNDEBUG  -MMD -MF providers/implementations/ciphers/liblegacy-lib-cipher_rc4_hmac_md5.d.tmp -MT providers/implementations/ciphers/liblegacy-lib-cipher_rc4_hmac_md5.o -c -o providers/implementations/ciphers/liblegacy-lib-cipher_rc4_hmac_md5.o providers/implementations/ciphers/cipher_rc4_hmac_md5.c
gcc  -I. -Icrypto -Iinclude -Iproviders/implementations/include -Iproviders/common/include  -DMD5_ASM -fPIC -pthread -Wa,--noexecstack -Wall -O3 -DOPENSSL_USE_NODELETE -DOPENSSL_PIC -DOPENSSLDIR="\"/opt/ossl-static/ssl\"" -DENGINESDIR="\"/opt/ossl-static/lib/engines-3\"" -DMODULESDIR="\"/opt/ossl-static/lib/ossl-modules\"" -DOPENSSL_BUILDING_OPENSSL -DNDEBUG  -MMD -MF providers/implementations/ciphers/liblegacy-lib-cipher_rc4_hmac_md5_hw.d.tmp -MT providers/implementations/ciphers/liblegacy-lib-cipher_rc4_hmac_md5_hw.o -c -o providers/implementations/ciphers/liblegacy-lib-cipher_rc4_hmac_md5_hw.o providers/implementations/ciphers/cipher_rc4_hmac_md5_hw.c
gcc  -I. -Icrypto -Iinclude -Iproviders/implementations/include -Iproviders/common/include  -DMD5_ASM -fPIC -pthread -Wa,--noexecstack -Wall -O3 -DOPENSSL_USE_NODELETE -DOPENSSL_PIC -DOPENSSLDIR="\"/opt/ossl-static/ssl\"" -DENGINESDIR="\"/opt/ossl-static/lib/engines-3\"" -DMODULESDIR="\"/opt/ossl-static/lib/ossl-modules\"" -DOPENSSL_BUILDING_OPENSSL -DNDEBUG  -MMD -MF providers/implementations/ciphers/liblegacy-lib-cipher_rc4_hw.d.tmp -MT providers/implementations/ciphers/liblegacy-lib-cipher_rc4_hw.o -c -o providers/implementations/ciphers/liblegacy-lib-cipher_rc4_hw.o providers/implementations/ciphers/cipher_rc4_hw.c
gcc  -I. -Icrypto -Iinclude -Iproviders/implementations/include -Iproviders/common/include  -DMD5_ASM -fPIC -pthread -Wa,--noexecstack -Wall -O3 -DOPENSSL_USE_NODELETE -DOPENSSL_PIC -DOPENSSLDIR="\"/opt/ossl-static/ssl\"" -DENGINESDIR="\"/opt/ossl-static/lib/engines-3\"" -DMODULESDIR="\"/opt/ossl-static/lib/ossl-modules\"" -DOPENSSL_BUILDING_OPENSSL -DNDEBUG  -MMD -MF providers/implementations/ciphers/liblegacy-lib-cipher_seed.d.tmp -MT providers/implementations/ciphers/liblegacy-lib-cipher_seed.o -c -o providers/implementations/ciphers/liblegacy-lib-cipher_seed.o providers/implementations/ciphers/cipher_seed.c
gcc  -I. -Icrypto -Iinclude -Iproviders/implementations/include -Iproviders/common/include  -DMD5_ASM -fPIC -pthread -Wa,--noexecstack -Wall -O3 -DOPENSSL_USE_NODELETE -DOPENSSL_PIC -DOPENSSLDIR="\"/opt/ossl-static/ssl\"" -DENGINESDIR="\"/opt/ossl-static/lib/engines-3\"" -DMODULESDIR="\"/opt/ossl-static/lib/ossl-modules\"" -DOPENSSL_BUILDING_OPENSSL -DNDEBUG  -MMD -MF providers/implementations/ciphers/liblegacy-lib-cipher_seed_hw.d.tmp -MT providers/implementations/ciphers/liblegacy-lib-cipher_seed_hw.o -c -o providers/implementations/ciphers/liblegacy-lib-cipher_seed_hw.o providers/implementations/ciphers/cipher_seed_hw.c
gcc  -I. -Icrypto -Iinclude -Iproviders/implementations/include -Iproviders/common/include  -DMD5_ASM -fPIC -pthread -Wa,--noexecstack -Wall -O3 -DOPENSSL_USE_NODELETE -DOPENSSL_PIC -DOPENSSLDIR="\"/opt/ossl-static/ssl\"" -DENGINESDIR="\"/opt/ossl-static/lib/engines-3\"" -DMODULESDIR="\"/opt/ossl-static/lib/ossl-modules\"" -DOPENSSL_BUILDING_OPENSSL -DNDEBUG  -MMD -MF providers/implementations/ciphers/liblegacy-lib-cipher_tdes_common.d.tmp -MT providers/implementations/ciphers/liblegacy-lib-cipher_tdes_common.o -c -o providers/implementations/ciphers/liblegacy-lib-cipher_tdes_common.o providers/implementations/ciphers/cipher_tdes_common.c
gcc  -I. -Icrypto -Iinclude -Iproviders/implementations/include -Iproviders/common/include  -DMD5_ASM -fPIC -pthread -Wa,--noexecstack -Wall -O3 -DOPENSSL_USE_NODELETE -DOPENSSL_PIC -DOPENSSLDIR="\"/opt/ossl-static/ssl\"" -DENGINESDIR="\"/opt/ossl-static/lib/engines-3\"" -DMODULESDIR="\"/opt/ossl-static/lib/ossl-modules\"" -DOPENSSL_BUILDING_OPENSSL -DNDEBUG  -MMD -MF providers/implementations/digests/liblegacy-lib-md4_prov.d.tmp -MT providers/implementations/digests/liblegacy-lib-md4_prov.o -c -o providers/implementations/digests/liblegacy-lib-md4_prov.o providers/implementations/digests/md4_prov.c
gcc  -I. -Icrypto -Iinclude -Iproviders/implementations/include -Iproviders/common/include  -DMD5_ASM -fPIC -pthread -Wa,--noexecstack -Wall -O3 -DOPENSSL_USE_NODELETE -DOPENSSL_PIC -DOPENSSLDIR="\"/opt/ossl-static/ssl\"" -DENGINESDIR="\"/opt/ossl-static/lib/engines-3\"" -DMODULESDIR="\"/opt/ossl-static/lib/ossl-modules\"" -DOPENSSL_BUILDING_OPENSSL -DNDEBUG  -MMD -MF providers/implementations/digests/liblegacy-lib-mdc2_prov.d.tmp -MT providers/implementations/digests/liblegacy-lib-mdc2_prov.o -c -o providers/implementations/digests/liblegacy-lib-mdc2_prov.o providers/implementations/digests/mdc2_prov.c
gcc  -I. -Icrypto -Iinclude -Iproviders/implementations/include -Iproviders/common/include  -DMD5_ASM -fPIC -pthread -Wa,--noexecstack -Wall -O3 -DOPENSSL_USE_NODELETE -DOPENSSL_PIC -DOPENSSLDIR="\"/opt/ossl-static/ssl\"" -DENGINESDIR="\"/opt/ossl-static/lib/engines-3\"" -DMODULESDIR="\"/opt/ossl-static/lib/ossl-modules\"" -DOPENSSL_BUILDING_OPENSSL -DNDEBUG  -MMD -MF providers/implementations/digests/liblegacy-lib-ripemd_prov.d.tmp -MT providers/implementations/digests/liblegacy-lib-ripemd_prov.o -c -o providers/implementations/digests/liblegacy-lib-ripemd_prov.o providers/implementations/digests/ripemd_prov.c
gcc  -I. -Icrypto -Iinclude -Iproviders/implementations/include -Iproviders/common/include  -DMD5_ASM -fPIC -pthread -Wa,--noexecstack -Wall -O3 -DOPENSSL_USE_NODELETE -DOPENSSL_PIC -DOPENSSLDIR="\"/opt/ossl-static/ssl\"" -DENGINESDIR="\"/opt/ossl-static/lib/engines-3\"" -DMODULESDIR="\"/opt/ossl-static/lib/ossl-modules\"" -DOPENSSL_BUILDING_OPENSSL -DNDEBUG  -MMD -MF providers/implementations/digests/liblegacy-lib-wp_prov.d.tmp -MT providers/implementations/digests/liblegacy-lib-wp_prov.o -c -o providers/implementations/digests/liblegacy-lib-wp_prov.o providers/implementations/digests/wp_prov.c
gcc  -I. -Icrypto -Iinclude -Iproviders/implementations/include -Iproviders/common/include  -DMD5_ASM -fPIC -pthread -Wa,--noexecstack -Wall -O3 -DOPENSSL_USE_NODELETE -DOPENSSL_PIC -DOPENSSLDIR="\"/opt/ossl-static/ssl\"" -DENGINESDIR="\"/opt/ossl-static/lib/engines-3\"" -DMODULESDIR="\"/opt/ossl-static/lib/ossl-modules\"" -DOPENSSL_BUILDING_OPENSSL -DNDEBUG  -MMD -MF providers/implementations/kdfs/liblegacy-lib-pbkdf1.d.tmp -MT providers/implementations/kdfs/liblegacy-lib-pbkdf1.o -c -o providers/implementations/kdfs/liblegacy-lib-pbkdf1.o providers/implementations/kdfs/pbkdf1.c
gcc  -I. -Icrypto -Iinclude -Iproviders/implementations/include -Iproviders/common/include  -DMD5_ASM -fPIC -pthread -Wa,--noexecstack -Wall -O3 -DOPENSSL_USE_NODELETE -DOPENSSL_PIC -DOPENSSLDIR="\"/opt/ossl-static/ssl\"" -DENGINESDIR="\"/opt/ossl-static/lib/engines-3\"" -DMODULESDIR="\"/opt/ossl-static/lib/ossl-modules\"" -DOPENSSL_BUILDING_OPENSSL -DNDEBUG  -MMD -MF providers/implementations/kdfs/liblegacy-lib-pvkkdf.d.tmp -MT providers/implementations/kdfs/liblegacy-lib-pvkkdf.o -c -o providers/implementations/kdfs/liblegacy-lib-pvkkdf.o providers/implementations/kdfs/pvkkdf.c
gcc  -I. -Icrypto -Iinclude -Iproviders/implementations/include -Iproviders/common/include  -DMD5_ASM -fPIC -pthread -Wa,--noexecstack -Wall -O3 -DOPENSSL_USE_NODELETE -DOPENSSL_PIC -DOPENSSLDIR="\"/opt/ossl-static/ssl\"" -DENGINESDIR="\"/opt/ossl-static/lib/engines-3\"" -DMODULESDIR="\"/opt/ossl-static/lib/ossl-modules\"" -DOPENSSL_BUILDING_OPENSSL -DNDEBUG  -MMD -MF providers/liblegacy-lib-prov_running.d.tmp -MT providers/liblegacy-lib-prov_running.o -c -o providers/liblegacy-lib-prov_running.o providers/prov_running.c
gcc  -Iinclude -Iproviders/implementations/include -Iproviders/common/include  -fPIC -pthread -Wa,--noexecstack -Wall -O3 -DOPENSSL_BUILDING_OPENSSL -DNDEBUG  -MMD -MF providers/legacy-dso-legacyprov.d.tmp -MT providers/legacy-dso-legacyprov.o -c -o providers/legacy-dso-legacyprov.o providers/legacyprov.c
perl ./util/mkdef.pl --type dso --ordinals util/providers.num  --name providers/legacy --OS linux > providers/legacy.ld
perl apps/progs.pl "-C" "apps/openssl" > apps/progs.c
gcc  -Iinclude -Iapps/include  -pthread -Wa,--noexecstack -Wall -O3 -DOPENSSL_BUILDING_OPENSSL -DNDEBUG  -MMD -MF util/quicserver-bin-quicserver.d.tmp -MT util/quicserver-bin-quicserver.o -c -o util/quicserver-bin-quicserver.o util/quicserver.c
rm -f "apps/CA.pl"
perl "-I." -Mconfigdata "util/dofile.pl" \
    "-oMakefile" apps/CA.pl.in > "apps/CA.pl"
rm -f "apps/tsget.pl"
perl "-I." -Mconfigdata "util/dofile.pl" \
    "-oMakefile" apps/tsget.in > "apps/tsget.pl"
rm -f "tools/c_rehash"
perl "-I." -Mconfigdata "util/dofile.pl" \
    "-oMakefile" tools/c_rehash.in > "tools/c_rehash"
chmod a+x apps/CA.pl
rm -f "util/shlib_wrap.sh"
perl "-I." -Mconfigdata "util/dofile.pl" \
    "-oMakefile" util/shlib_wrap.sh.in > "util/shlib_wrap.sh"
chmod a+x apps/tsget.pl
rm -f "util/wrap.pl"
perl "-I." -Mconfigdata "util/dofile.pl" \
    "-oMakefile" util/wrap.pl.in > "util/wrap.pl"
chmod a+x tools/c_rehash
rm -f apps/libapps.a
ar qc apps/libapps.a apps/lib/libapps-lib-app_libctx.o apps/lib/libapps-lib-app_params.o apps/lib/libapps-lib-app_provider.o apps/lib/libapps-lib-app_rand.o apps/lib/libapps-lib-app_x509.o apps/lib/libapps-lib-apps.o apps/lib/libapps-lib-apps_opt_printf.o apps/lib/libapps-lib-apps_ui.o apps/lib/libapps-lib-columns.o apps/lib/libapps-lib-engine.o apps/lib/libapps-lib-engine_loader.o apps/lib/libapps-lib-fmt.o apps/lib/libapps-lib-http_server.o apps/lib/libapps-lib-log.o apps/lib/libapps-lib-names.o apps/lib/libapps-lib-opt.o apps/lib/libapps-lib-s_cb.o apps/lib/libapps-lib-s_socket.o apps/lib/libapps-lib-tlssrp_depr.o
ranlib apps/libapps.a || echo Never mind.
gcc  -Icrypto -I. -Iinclude -Iproviders/common/include -Iproviders/implementations/include  -DBSAES_ASM -DECP_NISTZ256_ASM -DECP_SM2P256_ASM -DKECCAK1600_ASM -DMD5_ASM -DOPENSSL_BN_ASM_MONT -DOPENSSL_CPUID_OBJ -DOPENSSL_SM3_ASM -DPOLY1305_ASM -DSHA1_ASM -DSHA256_ASM -DSHA512_ASM -DSM4_ASM -DVPAES_ASM -DVPSM4_ASM -fPIC -pthread -Wa,--noexecstack -Wall -O3 -DOPENSSL_USE_NODELETE -DOPENSSL_PIC -DOPENSSLDIR="\"/opt/ossl-static/ssl\"" -DENGINESDIR="\"/opt/ossl-static/lib/engines-3\"" -DMODULESDIR="\"/opt/ossl-static/lib/ossl-modules\"" -DOPENSSL_BUILDING_OPENSSL -DNDEBUG  -c -o crypto/aes/libcrypto-lib-aesv8-armx.o crypto/aes/aesv8-armx.S
chmod a+x util/shlib_wrap.sh
gcc  -I. -Iinclude -Iproviders/common/include -Iproviders/implementations/include  -DBSAES_ASM -DECP_NISTZ256_ASM -DECP_SM2P256_ASM -DKECCAK1600_ASM -DMD5_ASM -DOPENSSL_BN_ASM_MONT -DOPENSSL_CPUID_OBJ -DOPENSSL_SM3_ASM -DPOLY1305_ASM -DSHA1_ASM -DSHA256_ASM -DSHA512_ASM -DSM4_ASM -DVPAES_ASM -DVPSM4_ASM -fPIC -pthread -Wa,--noexecstack -Wall -O3 -DOPENSSL_USE_NODELETE -DOPENSSL_PIC -DOPENSSLDIR="\"/opt/ossl-static/ssl\"" -DENGINESDIR="\"/opt/ossl-static/lib/engines-3\"" -DMODULESDIR="\"/opt/ossl-static/lib/ossl-modules\"" -DOPENSSL_BUILDING_OPENSSL -DNDEBUG  -c -o crypto/aes/libcrypto-lib-bsaes-armv8.o crypto/aes/bsaes-armv8.S
gcc  -Icrypto -I. -Iinclude -Iproviders/common/include -Iproviders/implementations/include  -DBSAES_ASM -DECP_NISTZ256_ASM -DECP_SM2P256_ASM -DKECCAK1600_ASM -DMD5_ASM -DOPENSSL_BN_ASM_MONT -DOPENSSL_CPUID_OBJ -DOPENSSL_SM3_ASM -DPOLY1305_ASM -DSHA1_ASM -DSHA256_ASM -DSHA512_ASM -DSM4_ASM -DVPAES_ASM -DVPSM4_ASM -fPIC -pthread -Wa,--noexecstack -Wall -O3 -DOPENSSL_USE_NODELETE -DOPENSSL_PIC -DOPENSSLDIR="\"/opt/ossl-static/ssl\"" -DENGINESDIR="\"/opt/ossl-static/lib/engines-3\"" -DMODULESDIR="\"/opt/ossl-static/lib/ossl-modules\"" -DOPENSSL_BUILDING_OPENSSL -DNDEBUG  -c -o crypto/aes/libcrypto-lib-vpaes-armv8.o crypto/aes/vpaes-armv8.S
gcc  -Icrypto -I. -Iinclude -Iproviders/common/include -Iproviders/implementations/include  -DBSAES_ASM -DECP_NISTZ256_ASM -DECP_SM2P256_ASM -DKECCAK1600_ASM -DMD5_ASM -DOPENSSL_BN_ASM_MONT -DOPENSSL_CPUID_OBJ -DOPENSSL_SM3_ASM -DPOLY1305_ASM -DSHA1_ASM -DSHA256_ASM -DSHA512_ASM -DSM4_ASM -DVPAES_ASM -DVPSM4_ASM -fPIC -pthread -Wa,--noexecstack -Wall -O3 -DOPENSSL_USE_NODELETE -DOPENSSL_PIC -DOPENSSLDIR="\"/opt/ossl-static/ssl\"" -DENGINESDIR="\"/opt/ossl-static/lib/engines-3\"" -DMODULESDIR="\"/opt/ossl-static/lib/ossl-modules\"" -DOPENSSL_BUILDING_OPENSSL -DNDEBUG  -c -o crypto/bn/libcrypto-lib-armv8-mont.o crypto/bn/armv8-mont.S
gcc  -Icrypto -I. -Iinclude -Iproviders/common/include -Iproviders/implementations/include  -DBSAES_ASM -DECP_NISTZ256_ASM -DECP_SM2P256_ASM -DKECCAK1600_ASM -DMD5_ASM -DOPENSSL_BN_ASM_MONT -DOPENSSL_CPUID_OBJ -DOPENSSL_SM3_ASM -DPOLY1305_ASM -DSHA1_ASM -DSHA256_ASM -DSHA512_ASM -DSM4_ASM -DVPAES_ASM -DVPSM4_ASM -fPIC -pthread -Wa,--noexecstack -Wall -O3 -DOPENSSL_USE_NODELETE -DOPENSSL_PIC -DOPENSSLDIR="\"/opt/ossl-static/ssl\"" -DENGINESDIR="\"/opt/ossl-static/lib/engines-3\"" -DMODULESDIR="\"/opt/ossl-static/lib/ossl-modules\"" -DOPENSSL_BUILDING_OPENSSL -DNDEBUG  -c -o crypto/chacha/libcrypto-lib-chacha-armv8-sve.o crypto/chacha/chacha-armv8-sve.S
gcc  -Icrypto -I. -Iinclude -Iproviders/common/include -Iproviders/implementations/include  -DBSAES_ASM -DECP_NISTZ256_ASM -DECP_SM2P256_ASM -DKECCAK1600_ASM -DMD5_ASM -DOPENSSL_BN_ASM_MONT -DOPENSSL_CPUID_OBJ -DOPENSSL_SM3_ASM -DPOLY1305_ASM -DSHA1_ASM -DSHA256_ASM -DSHA512_ASM -DSM4_ASM -DVPAES_ASM -DVPSM4_ASM -fPIC -pthread -Wa,--noexecstack -Wall -O3 -DOPENSSL_USE_NODELETE -DOPENSSL_PIC -DOPENSSLDIR="\"/opt/ossl-static/ssl\"" -DENGINESDIR="\"/opt/ossl-static/lib/engines-3\"" -DMODULESDIR="\"/opt/ossl-static/lib/ossl-modules\"" -DOPENSSL_BUILDING_OPENSSL -DNDEBUG  -c -o crypto/chacha/libcrypto-lib-chacha-armv8.o crypto/chacha/chacha-armv8.S
chmod a+x util/wrap.pl
gcc  -Icrypto -I. -Iinclude -Iproviders/common/include -Iproviders/implementations/include  -DBSAES_ASM -DECP_NISTZ256_ASM -DECP_SM2P256_ASM -DKECCAK1600_ASM -DMD5_ASM -DOPENSSL_BN_ASM_MONT -DOPENSSL_CPUID_OBJ -DOPENSSL_SM3_ASM -DPOLY1305_ASM -DSHA1_ASM -DSHA256_ASM -DSHA512_ASM -DSM4_ASM -DVPAES_ASM -DVPSM4_ASM -fPIC -pthread -Wa,--noexecstack -Wall -O3 -DOPENSSL_USE_NODELETE -DOPENSSL_PIC -DOPENSSLDIR="\"/opt/ossl-static/ssl\"" -DENGINESDIR="\"/opt/ossl-static/lib/engines-3\"" -DMODULESDIR="\"/opt/ossl-static/lib/ossl-modules\"" -DOPENSSL_BUILDING_OPENSSL -DNDEBUG  -c -o crypto/ec/libcrypto-lib-ecp_nistz256-armv8.o crypto/ec/ecp_nistz256-armv8.S
gcc  -Icrypto -I. -Iinclude -Iproviders/common/include -Iproviders/implementations/include  -DBSAES_ASM -DECP_NISTZ256_ASM -DECP_SM2P256_ASM -DKECCAK1600_ASM -DMD5_ASM -DOPENSSL_BN_ASM_MONT -DOPENSSL_CPUID_OBJ -DOPENSSL_SM3_ASM -DPOLY1305_ASM -DSHA1_ASM -DSHA256_ASM -DSHA512_ASM -DSM4_ASM -DVPAES_ASM -DVPSM4_ASM -fPIC -pthread -Wa,--noexecstack -Wall -O3 -DOPENSSL_USE_NODELETE -DOPENSSL_PIC -DOPENSSLDIR="\"/opt/ossl-static/ssl\"" -DENGINESDIR="\"/opt/ossl-static/lib/engines-3\"" -DMODULESDIR="\"/opt/ossl-static/lib/ossl-modules\"" -DOPENSSL_BUILDING_OPENSSL -DNDEBUG  -c -o crypto/ec/libcrypto-lib-ecp_sm2p256-armv8.o crypto/ec/ecp_sm2p256-armv8.S
gcc  -Icrypto -I. -Iinclude -Iproviders/common/include -Iproviders/implementations/include  -DBSAES_ASM -DECP_NISTZ256_ASM -DECP_SM2P256_ASM -DKECCAK1600_ASM -DMD5_ASM -DOPENSSL_BN_ASM_MONT -DOPENSSL_CPUID_OBJ -DOPENSSL_SM3_ASM -DPOLY1305_ASM -DSHA1_ASM -DSHA256_ASM -DSHA512_ASM -DSM4_ASM -DVPAES_ASM -DVPSM4_ASM -fPIC -pthread -Wa,--noexecstack -Wall -O3 -DOPENSSL_USE_NODELETE -DOPENSSL_PIC -DOPENSSLDIR="\"/opt/ossl-static/ssl\"" -DENGINESDIR="\"/opt/ossl-static/lib/engines-3\"" -DMODULESDIR="\"/opt/ossl-static/lib/ossl-modules\"" -DOPENSSL_BUILDING_OPENSSL -DNDEBUG  -c -o crypto/libcrypto-lib-arm64cpuid.o crypto/arm64cpuid.S
gcc  -Icrypto -I. -Iinclude -Iproviders/common/include -Iproviders/implementations/include  -DBSAES_ASM -DECP_NISTZ256_ASM -DECP_SM2P256_ASM -DKECCAK1600_ASM -DMD5_ASM -DOPENSSL_BN_ASM_MONT -DOPENSSL_CPUID_OBJ -DOPENSSL_SM3_ASM -DPOLY1305_ASM -DSHA1_ASM -DSHA256_ASM -DSHA512_ASM -DSM4_ASM -DVPAES_ASM -DVPSM4_ASM -fPIC -pthread -Wa,--noexecstack -Wall -O3 -DOPENSSL_USE_NODELETE -DOPENSSL_PIC -DOPENSSLDIR="\"/opt/ossl-static/ssl\"" -DENGINESDIR="\"/opt/ossl-static/lib/engines-3\"" -DMODULESDIR="\"/opt/ossl-static/lib/ossl-modules\"" -DOPENSSL_BUILDING_OPENSSL -DNDEBUG  -MMD -MF crypto/libcrypto-lib-cversion.d.tmp -MT crypto/libcrypto-lib-cversion.o -c -o crypto/libcrypto-lib-cversion.o crypto/cversion.c
gcc  -Icrypto -I. -Iinclude -Iproviders/common/include -Iproviders/implementations/include  -DBSAES_ASM -DECP_NISTZ256_ASM -DECP_SM2P256_ASM -DKECCAK1600_ASM -DMD5_ASM -DOPENSSL_BN_ASM_MONT -DOPENSSL_CPUID_OBJ -DOPENSSL_SM3_ASM -DPOLY1305_ASM -DSHA1_ASM -DSHA256_ASM -DSHA512_ASM -DSM4_ASM -DVPAES_ASM -DVPSM4_ASM -fPIC -pthread -Wa,--noexecstack -Wall -O3 -DOPENSSL_USE_NODELETE -DOPENSSL_PIC -DOPENSSLDIR="\"/opt/ossl-static/ssl\"" -DENGINESDIR="\"/opt/ossl-static/lib/engines-3\"" -DMODULESDIR="\"/opt/ossl-static/lib/ossl-modules\"" -DOPENSSL_BUILDING_OPENSSL -DNDEBUG  -c -o crypto/md5/libcrypto-lib-md5-aarch64.o crypto/md5/md5-aarch64.S
gcc  -Icrypto -I. -Iinclude -Iproviders/common/include -Iproviders/implementations/include  -DBSAES_ASM -DECP_NISTZ256_ASM -DECP_SM2P256_ASM -DKECCAK1600_ASM -DMD5_ASM -DOPENSSL_BN_ASM_MONT -DOPENSSL_CPUID_OBJ -DOPENSSL_SM3_ASM -DPOLY1305_ASM -DSHA1_ASM -DSHA256_ASM -DSHA512_ASM -DSM4_ASM -DVPAES_ASM -DVPSM4_ASM -fPIC -pthread -Wa,--noexecstack -Wall -O3 -DOPENSSL_USE_NODELETE -DOPENSSL_PIC -DOPENSSLDIR="\"/opt/ossl-static/ssl\"" -DENGINESDIR="\"/opt/ossl-static/lib/engines-3\"" -DMODULESDIR="\"/opt/ossl-static/lib/ossl-modules\"" -DOPENSSL_BUILDING_OPENSSL -DNDEBUG  -c -o crypto/modes/libcrypto-lib-aes-gcm-armv8-unroll8_64.o crypto/modes/aes-gcm-armv8-unroll8_64.S
gcc  -Icrypto -I. -Iinclude -Iproviders/common/include -Iproviders/implementations/include  -DBSAES_ASM -DECP_NISTZ256_ASM -DECP_SM2P256_ASM -DKECCAK1600_ASM -DMD5_ASM -DOPENSSL_BN_ASM_MONT -DOPENSSL_CPUID_OBJ -DOPENSSL_SM3_ASM -DPOLY1305_ASM -DSHA1_ASM -DSHA256_ASM -DSHA512_ASM -DSM4_ASM -DVPAES_ASM -DVPSM4_ASM -fPIC -pthread -Wa,--noexecstack -Wall -O3 -DOPENSSL_USE_NODELETE -DOPENSSL_PIC -DOPENSSLDIR="\"/opt/ossl-static/ssl\"" -DENGINESDIR="\"/opt/ossl-static/lib/engines-3\"" -DMODULESDIR="\"/opt/ossl-static/lib/ossl-modules\"" -DOPENSSL_BUILDING_OPENSSL -DNDEBUG  -c -o crypto/modes/libcrypto-lib-aes-gcm-armv8_64.o crypto/modes/aes-gcm-armv8_64.S
gcc  -Icrypto -I. -Iinclude -Iproviders/common/include -Iproviders/implementations/include  -DBSAES_ASM -DECP_NISTZ256_ASM -DECP_SM2P256_ASM -DKECCAK1600_ASM -DMD5_ASM -DOPENSSL_BN_ASM_MONT -DOPENSSL_CPUID_OBJ -DOPENSSL_SM3_ASM -DPOLY1305_ASM -DSHA1_ASM -DSHA256_ASM -DSHA512_ASM -DSM4_ASM -DVPAES_ASM -DVPSM4_ASM -fPIC -pthread -Wa,--noexecstack -Wall -O3 -DOPENSSL_USE_NODELETE -DOPENSSL_PIC -DOPENSSLDIR="\"/opt/ossl-static/ssl\"" -DENGINESDIR="\"/opt/ossl-static/lib/engines-3\"" -DMODULESDIR="\"/opt/ossl-static/lib/ossl-modules\"" -DOPENSSL_BUILDING_OPENSSL -DNDEBUG  -c -o crypto/modes/libcrypto-lib-ghashv8-armx.o crypto/modes/ghashv8-armx.S
gcc  -Icrypto -I. -Iinclude -Iproviders/common/include -Iproviders/implementations/include  -DBSAES_ASM -DECP_NISTZ256_ASM -DECP_SM2P256_ASM -DKECCAK1600_ASM -DMD5_ASM -DOPENSSL_BN_ASM_MONT -DOPENSSL_CPUID_OBJ -DOPENSSL_SM3_ASM -DPOLY1305_ASM -DSHA1_ASM -DSHA256_ASM -DSHA512_ASM -DSM4_ASM -DVPAES_ASM -DVPSM4_ASM -fPIC -pthread -Wa,--noexecstack -Wall -O3 -DOPENSSL_USE_NODELETE -DOPENSSL_PIC -DOPENSSLDIR="\"/opt/ossl-static/ssl\"" -DENGINESDIR="\"/opt/ossl-static/lib/engines-3\"" -DMODULESDIR="\"/opt/ossl-static/lib/ossl-modules\"" -DOPENSSL_BUILDING_OPENSSL -DNDEBUG  -c -o crypto/poly1305/libcrypto-lib-poly1305-armv8.o crypto/poly1305/poly1305-armv8.S
gcc  -Icrypto -I. -Iinclude -Iproviders/common/include -Iproviders/implementations/include  -DBSAES_ASM -DECP_NISTZ256_ASM -DECP_SM2P256_ASM -DKECCAK1600_ASM -DMD5_ASM -DOPENSSL_BN_ASM_MONT -DOPENSSL_CPUID_OBJ -DOPENSSL_SM3_ASM -DPOLY1305_ASM -DSHA1_ASM -DSHA256_ASM -DSHA512_ASM -DSM4_ASM -DVPAES_ASM -DVPSM4_ASM -fPIC -pthread -Wa,--noexecstack -Wall -O3 -DOPENSSL_USE_NODELETE -DOPENSSL_PIC -DOPENSSLDIR="\"/opt/ossl-static/ssl\"" -DENGINESDIR="\"/opt/ossl-static/lib/engines-3\"" -DMODULESDIR="\"/opt/ossl-static/lib/ossl-modules\"" -DOPENSSL_BUILDING_OPENSSL -DNDEBUG  -c -o crypto/sha/libcrypto-lib-keccak1600-armv8.o crypto/sha/keccak1600-armv8.S
gcc  -Icrypto -I. -Iinclude -Iproviders/common/include -Iproviders/implementations/include  -DBSAES_ASM -DECP_NISTZ256_ASM -DECP_SM2P256_ASM -DKECCAK1600_ASM -DMD5_ASM -DOPENSSL_BN_ASM_MONT -DOPENSSL_CPUID_OBJ -DOPENSSL_SM3_ASM -DPOLY1305_ASM -DSHA1_ASM -DSHA256_ASM -DSHA512_ASM -DSM4_ASM -DVPAES_ASM -DVPSM4_ASM -fPIC -pthread -Wa,--noexecstack -Wall -O3 -DOPENSSL_USE_NODELETE -DOPENSSL_PIC -DOPENSSLDIR="\"/opt/ossl-static/ssl\"" -DENGINESDIR="\"/opt/ossl-static/lib/engines-3\"" -DMODULESDIR="\"/opt/ossl-static/lib/ossl-modules\"" -DOPENSSL_BUILDING_OPENSSL -DNDEBUG  -c -o crypto/sha/libcrypto-lib-sha1-armv8.o crypto/sha/sha1-armv8.S
gcc  -Icrypto -I. -Iinclude -Iproviders/common/include -Iproviders/implementations/include  -DBSAES_ASM -DECP_NISTZ256_ASM -DECP_SM2P256_ASM -DKECCAK1600_ASM -DMD5_ASM -DOPENSSL_BN_ASM_MONT -DOPENSSL_CPUID_OBJ -DOPENSSL_SM3_ASM -DPOLY1305_ASM -DSHA1_ASM -DSHA256_ASM -DSHA512_ASM -DSM4_ASM -DVPAES_ASM -DVPSM4_ASM -fPIC -pthread -Wa,--noexecstack -Wall -O3 -DOPENSSL_USE_NODELETE -DOPENSSL_PIC -DOPENSSLDIR="\"/opt/ossl-static/ssl\"" -DENGINESDIR="\"/opt/ossl-static/lib/engines-3\"" -DMODULESDIR="\"/opt/ossl-static/lib/ossl-modules\"" -DOPENSSL_BUILDING_OPENSSL -DNDEBUG  -c -o crypto/sha/libcrypto-lib-sha256-armv8.o crypto/sha/sha256-armv8.S
gcc  -Icrypto -I. -Iinclude -Iproviders/common/include -Iproviders/implementations/include  -DBSAES_ASM -DECP_NISTZ256_ASM -DECP_SM2P256_ASM -DKECCAK1600_ASM -DMD5_ASM -DOPENSSL_BN_ASM_MONT -DOPENSSL_CPUID_OBJ -DOPENSSL_SM3_ASM -DPOLY1305_ASM -DSHA1_ASM -DSHA256_ASM -DSHA512_ASM -DSM4_ASM -DVPAES_ASM -DVPSM4_ASM -fPIC -pthread -Wa,--noexecstack -Wall -O3 -DOPENSSL_USE_NODELETE -DOPENSSL_PIC -DOPENSSLDIR="\"/opt/ossl-static/ssl\"" -DENGINESDIR="\"/opt/ossl-static/lib/engines-3\"" -DMODULESDIR="\"/opt/ossl-static/lib/ossl-modules\"" -DOPENSSL_BUILDING_OPENSSL -DNDEBUG  -c -o crypto/sha/libcrypto-lib-sha512-armv8.o crypto/sha/sha512-armv8.S
gcc  -Icrypto -I. -Iinclude -Iproviders/common/include -Iproviders/implementations/include  -DBSAES_ASM -DECP_NISTZ256_ASM -DECP_SM2P256_ASM -DKECCAK1600_ASM -DMD5_ASM -DOPENSSL_BN_ASM_MONT -DOPENSSL_CPUID_OBJ -DOPENSSL_SM3_ASM -DPOLY1305_ASM -DSHA1_ASM -DSHA256_ASM -DSHA512_ASM -DSM4_ASM -DVPAES_ASM -DVPSM4_ASM -fPIC -pthread -Wa,--noexecstack -Wall -O3 -DOPENSSL_USE_NODELETE -DOPENSSL_PIC -DOPENSSLDIR="\"/opt/ossl-static/ssl\"" -DENGINESDIR="\"/opt/ossl-static/lib/engines-3\"" -DMODULESDIR="\"/opt/ossl-static/lib/ossl-modules\"" -DOPENSSL_BUILDING_OPENSSL -DNDEBUG  -c -o crypto/sm3/libcrypto-lib-sm3-armv8.o crypto/sm3/sm3-armv8.S
gcc  -Icrypto -I. -Iinclude -Iproviders/common/include -Iproviders/implementations/include  -DBSAES_ASM -DECP_NISTZ256_ASM -DECP_SM2P256_ASM -DKECCAK1600_ASM -DMD5_ASM -DOPENSSL_BN_ASM_MONT -DOPENSSL_CPUID_OBJ -DOPENSSL_SM3_ASM -DPOLY1305_ASM -DSHA1_ASM -DSHA256_ASM -DSHA512_ASM -DSM4_ASM -DVPAES_ASM -DVPSM4_ASM -fPIC -pthread -Wa,--noexecstack -Wall -O3 -DOPENSSL_USE_NODELETE -DOPENSSL_PIC -DOPENSSLDIR="\"/opt/ossl-static/ssl\"" -DENGINESDIR="\"/opt/ossl-static/lib/engines-3\"" -DMODULESDIR="\"/opt/ossl-static/lib/ossl-modules\"" -DOPENSSL_BUILDING_OPENSSL -DNDEBUG  -c -o crypto/sm4/libcrypto-lib-sm4-armv8.o crypto/sm4/sm4-armv8.S
gcc  -Icrypto -I. -Iinclude -Iproviders/common/include -Iproviders/implementations/include  -DBSAES_ASM -DECP_NISTZ256_ASM -DECP_SM2P256_ASM -DKECCAK1600_ASM -DMD5_ASM -DOPENSSL_BN_ASM_MONT -DOPENSSL_CPUID_OBJ -DOPENSSL_SM3_ASM -DPOLY1305_ASM -DSHA1_ASM -DSHA256_ASM -DSHA512_ASM -DSM4_ASM -DVPAES_ASM -DVPSM4_ASM -fPIC -pthread -Wa,--noexecstack -Wall -O3 -DOPENSSL_USE_NODELETE -DOPENSSL_PIC -DOPENSSLDIR="\"/opt/ossl-static/ssl\"" -DENGINESDIR="\"/opt/ossl-static/lib/engines-3\"" -DMODULESDIR="\"/opt/ossl-static/lib/ossl-modules\"" -DOPENSSL_BUILDING_OPENSSL -DNDEBUG  -c -o crypto/sm4/libcrypto-lib-vpsm4-armv8.o crypto/sm4/vpsm4-armv8.S
gcc  -Icrypto -I. -Iinclude -Iproviders/common/include -Iproviders/implementations/include  -DBSAES_ASM -DECP_NISTZ256_ASM -DECP_SM2P256_ASM -DKECCAK1600_ASM -DMD5_ASM -DOPENSSL_BN_ASM_MONT -DOPENSSL_CPUID_OBJ -DOPENSSL_SM3_ASM -DPOLY1305_ASM -DSHA1_ASM -DSHA256_ASM -DSHA512_ASM -DSM4_ASM -DVPAES_ASM -DVPSM4_ASM -fPIC -pthread -Wa,--noexecstack -Wall -O3 -DOPENSSL_USE_NODELETE -DOPENSSL_PIC -DOPENSSLDIR="\"/opt/ossl-static/ssl\"" -DENGINESDIR="\"/opt/ossl-static/lib/engines-3\"" -DMODULESDIR="\"/opt/ossl-static/lib/ossl-modules\"" -DOPENSSL_BUILDING_OPENSSL -DNDEBUG  -c -o crypto/sm4/libcrypto-lib-vpsm4_ex-armv8.o crypto/sm4/vpsm4_ex-armv8.S
gcc  -Iproviders/common/include/prov -I. -Icrypto -Iinclude -Iproviders/implementations/include -Iproviders/common/include  -DBSAES_ASM -DECP_NISTZ256_ASM -DECP_SM2P256_ASM -DKECCAK1600_ASM -DOPENSSL_CPUID_OBJ -DSHA1_ASM -DSHA256_ASM -DSHA512_ASM -DSM4_ASM -DVPAES_ASM -DVPSM4_ASM -fPIC -pthread -Wa,--noexecstack -Wall -O3 -DOPENSSL_USE_NODELETE -DOPENSSL_PIC -DOPENSSLDIR="\"/opt/ossl-static/ssl\"" -DENGINESDIR="\"/opt/ossl-static/lib/engines-3\"" -DMODULESDIR="\"/opt/ossl-static/lib/ossl-modules\"" -DOPENSSL_BUILDING_OPENSSL -DNDEBUG  -MMD -MF providers/common/der/libdefault-lib-der_rsa_sig.d.tmp -MT providers/common/der/libdefault-lib-der_rsa_sig.o -c -o providers/common/der/libdefault-lib-der_rsa_sig.o providers/common/der/der_rsa_sig.c
gcc  -Iproviders/common/include/prov -I. -Icrypto -Iinclude -Iproviders/implementations/include -Iproviders/common/include  -DBSAES_ASM -DECP_NISTZ256_ASM -DECP_SM2P256_ASM -DKECCAK1600_ASM -DOPENSSL_CPUID_OBJ -DSHA1_ASM -DSHA256_ASM -DSHA512_ASM -DSM4_ASM -DVPAES_ASM -DVPSM4_ASM -fPIC -pthread -Wa,--noexecstack -Wall -O3 -DOPENSSL_USE_NODELETE -DOPENSSL_PIC -DOPENSSLDIR="\"/opt/ossl-static/ssl\"" -DENGINESDIR="\"/opt/ossl-static/lib/engines-3\"" -DMODULESDIR="\"/opt/ossl-static/lib/ossl-modules\"" -DOPENSSL_BUILDING_OPENSSL -DNDEBUG  -MMD -MF providers/common/der/libdefault-lib-der_sm2_gen.d.tmp -MT providers/common/der/libdefault-lib-der_sm2_gen.o -c -o providers/common/der/libdefault-lib-der_sm2_gen.o providers/common/der/der_sm2_gen.c
gcc  -Iproviders/common/include/prov -I. -Icrypto -Iinclude -Iproviders/implementations/include -Iproviders/common/include  -DBSAES_ASM -DECP_NISTZ256_ASM -DECP_SM2P256_ASM -DKECCAK1600_ASM -DOPENSSL_CPUID_OBJ -DSHA1_ASM -DSHA256_ASM -DSHA512_ASM -DSM4_ASM -DVPAES_ASM -DVPSM4_ASM -fPIC -pthread -Wa,--noexecstack -Wall -O3 -DOPENSSL_USE_NODELETE -DOPENSSL_PIC -DOPENSSLDIR="\"/opt/ossl-static/ssl\"" -DENGINESDIR="\"/opt/ossl-static/lib/engines-3\"" -DMODULESDIR="\"/opt/ossl-static/lib/ossl-modules\"" -DOPENSSL_BUILDING_OPENSSL -DNDEBUG  -MMD -MF providers/common/der/libdefault-lib-der_sm2_key.d.tmp -MT providers/common/der/libdefault-lib-der_sm2_key.o -c -o providers/common/der/libdefault-lib-der_sm2_key.o providers/common/der/der_sm2_key.c
gcc  -Iproviders/common/include/prov -I. -Icrypto -Iinclude -Iproviders/implementations/include -Iproviders/common/include  -DBSAES_ASM -DECP_NISTZ256_ASM -DECP_SM2P256_ASM -DKECCAK1600_ASM -DOPENSSL_CPUID_OBJ -DSHA1_ASM -DSHA256_ASM -DSHA512_ASM -DSM4_ASM -DVPAES_ASM -DVPSM4_ASM -fPIC -pthread -Wa,--noexecstack -Wall -O3 -DOPENSSL_USE_NODELETE -DOPENSSL_PIC -DOPENSSLDIR="\"/opt/ossl-static/ssl\"" -DENGINESDIR="\"/opt/ossl-static/lib/engines-3\"" -DMODULESDIR="\"/opt/ossl-static/lib/ossl-modules\"" -DOPENSSL_BUILDING_OPENSSL -DNDEBUG  -MMD -MF providers/common/der/libdefault-lib-der_sm2_sig.d.tmp -MT providers/common/der/libdefault-lib-der_sm2_sig.o -c -o providers/common/der/libdefault-lib-der_sm2_sig.o providers/common/der/der_sm2_sig.c
gcc  -Iproviders/common/include/prov -I. -Icrypto -Iinclude -Iproviders/implementations/include -Iproviders/common/include  -DBSAES_ASM -DECP_NISTZ256_ASM -DECP_SM2P256_ASM -DKECCAK1600_ASM -DOPENSSL_CPUID_OBJ -DSHA1_ASM -DSHA256_ASM -DSHA512_ASM -DSM4_ASM -DVPAES_ASM -DVPSM4_ASM -fPIC -pthread -Wa,--noexecstack -Wall -O3 -DOPENSSL_USE_NODELETE -DOPENSSL_PIC -DOPENSSLDIR="\"/opt/ossl-static/ssl\"" -DENGINESDIR="\"/opt/ossl-static/lib/engines-3\"" -DMODULESDIR="\"/opt/ossl-static/lib/ossl-modules\"" -DOPENSSL_BUILDING_OPENSSL -DNDEBUG  -MMD -MF providers/implementations/kdfs/libdefault-lib-x942kdf.d.tmp -MT providers/implementations/kdfs/libdefault-lib-x942kdf.o -c -o providers/implementations/kdfs/libdefault-lib-x942kdf.o providers/implementations/kdfs/x942kdf.c
gcc  -Iproviders/common/include/prov -I. -Icrypto -Iinclude -Iproviders/implementations/include -Iproviders/common/include  -DBSAES_ASM -DECP_NISTZ256_ASM -DECP_SM2P256_ASM -DKECCAK1600_ASM -DOPENSSL_CPUID_OBJ -DSHA1_ASM -DSHA256_ASM -DSHA512_ASM -DSM4_ASM -DVPAES_ASM -DVPSM4_ASM -fPIC -pthread -Wa,--noexecstack -Wall -O3 -DOPENSSL_USE_NODELETE -DOPENSSL_PIC -DOPENSSLDIR="\"/opt/ossl-static/ssl\"" -DENGINESDIR="\"/opt/ossl-static/lib/engines-3\"" -DMODULESDIR="\"/opt/ossl-static/lib/ossl-modules\"" -DOPENSSL_BUILDING_OPENSSL -DNDEBUG  -MMD -MF providers/implementations/signature/libdefault-lib-dsa_sig.d.tmp -MT providers/implementations/signature/libdefault-lib-dsa_sig.o -c -o providers/implementations/signature/libdefault-lib-dsa_sig.o providers/implementations/signature/dsa_sig.c
gcc  -Iproviders/common/include/prov -I. -Icrypto -Iinclude -Iproviders/implementations/include -Iproviders/common/include  -DBSAES_ASM -DECP_NISTZ256_ASM -DECP_SM2P256_ASM -DKECCAK1600_ASM -DOPENSSL_CPUID_OBJ -DSHA1_ASM -DSHA256_ASM -DSHA512_ASM -DSM4_ASM -DVPAES_ASM -DVPSM4_ASM -fPIC -pthread -Wa,--noexecstack -Wall -O3 -DOPENSSL_USE_NODELETE -DOPENSSL_PIC -DOPENSSLDIR="\"/opt/ossl-static/ssl\"" -DENGINESDIR="\"/opt/ossl-static/lib/engines-3\"" -DMODULESDIR="\"/opt/ossl-static/lib/ossl-modules\"" -DOPENSSL_BUILDING_OPENSSL -DNDEBUG  -MMD -MF providers/implementations/signature/libdefault-lib-eddsa_sig.d.tmp -MT providers/implementations/signature/libdefault-lib-eddsa_sig.o -c -o providers/implementations/signature/libdefault-lib-eddsa_sig.o providers/implementations/signature/eddsa_sig.c
gcc  -Iproviders/common/include/prov -Icrypto -Iinclude -Iproviders/implementations/include -Iproviders/common/include  -DOPENSSL_BN_ASM_MONT -DOPENSSL_CPUID_OBJ -fPIC -pthread -Wa,--noexecstack -Wall -O3 -DOPENSSL_USE_NODELETE -DOPENSSL_PIC -DOPENSSLDIR="\"/opt/ossl-static/ssl\"" -DENGINESDIR="\"/opt/ossl-static/lib/engines-3\"" -DMODULESDIR="\"/opt/ossl-static/lib/ossl-modules\"" -DOPENSSL_BUILDING_OPENSSL -DNDEBUG  -MMD -MF providers/common/der/libcommon-lib-der_digests_gen.d.tmp -MT providers/common/der/libcommon-lib-der_digests_gen.o -c -o providers/common/der/libcommon-lib-der_digests_gen.o providers/common/der/der_digests_gen.c
gcc  -Iproviders/common/include/prov -Icrypto -Iinclude -Iproviders/implementations/include -Iproviders/common/include  -DOPENSSL_BN_ASM_MONT -DOPENSSL_CPUID_OBJ -fPIC -pthread -Wa,--noexecstack -Wall -O3 -DOPENSSL_USE_NODELETE -DOPENSSL_PIC -DOPENSSLDIR="\"/opt/ossl-static/ssl\"" -DENGINESDIR="\"/opt/ossl-static/lib/engines-3\"" -DMODULESDIR="\"/opt/ossl-static/lib/ossl-modules\"" -DOPENSSL_BUILDING_OPENSSL -DNDEBUG  -MMD -MF providers/common/der/libcommon-lib-der_dsa_gen.d.tmp -MT providers/common/der/libcommon-lib-der_dsa_gen.o -c -o providers/common/der/libcommon-lib-der_dsa_gen.o providers/common/der/der_dsa_gen.c
gcc  -Iproviders/common/include/prov -Icrypto -Iinclude -Iproviders/implementations/include -Iproviders/common/include  -DOPENSSL_BN_ASM_MONT -DOPENSSL_CPUID_OBJ -fPIC -pthread -Wa,--noexecstack -Wall -O3 -DOPENSSL_USE_NODELETE -DOPENSSL_PIC -DOPENSSLDIR="\"/opt/ossl-static/ssl\"" -DENGINESDIR="\"/opt/ossl-static/lib/engines-3\"" -DMODULESDIR="\"/opt/ossl-static/lib/ossl-modules\"" -DOPENSSL_BUILDING_OPENSSL -DNDEBUG  -MMD -MF providers/common/der/libcommon-lib-der_ec_gen.d.tmp -MT providers/common/der/libcommon-lib-der_ec_gen.o -c -o providers/common/der/libcommon-lib-der_ec_gen.o providers/common/der/der_ec_gen.c
gcc  -Iproviders/common/include/prov -Icrypto -Iinclude -Iproviders/implementations/include -Iproviders/common/include  -DOPENSSL_BN_ASM_MONT -DOPENSSL_CPUID_OBJ -fPIC -pthread -Wa,--noexecstack -Wall -O3 -DOPENSSL_USE_NODELETE -DOPENSSL_PIC -DOPENSSLDIR="\"/opt/ossl-static/ssl\"" -DENGINESDIR="\"/opt/ossl-static/lib/engines-3\"" -DMODULESDIR="\"/opt/ossl-static/lib/ossl-modules\"" -DOPENSSL_BUILDING_OPENSSL -DNDEBUG  -MMD -MF providers/common/der/libcommon-lib-der_ecx_gen.d.tmp -MT providers/common/der/libcommon-lib-der_ecx_gen.o -c -o providers/common/der/libcommon-lib-der_ecx_gen.o providers/common/der/der_ecx_gen.c
gcc  -Iproviders/common/include/prov -Icrypto -Iinclude -Iproviders/implementations/include -Iproviders/common/include  -DOPENSSL_BN_ASM_MONT -DOPENSSL_CPUID_OBJ -fPIC -pthread -Wa,--noexecstack -Wall -O3 -DOPENSSL_USE_NODELETE -DOPENSSL_PIC -DOPENSSLDIR="\"/opt/ossl-static/ssl\"" -DENGINESDIR="\"/opt/ossl-static/lib/engines-3\"" -DMODULESDIR="\"/opt/ossl-static/lib/ossl-modules\"" -DOPENSSL_BUILDING_OPENSSL -DNDEBUG  -MMD -MF providers/common/der/libcommon-lib-der_rsa_gen.d.tmp -MT providers/common/der/libcommon-lib-der_rsa_gen.o -c -o providers/common/der/libcommon-lib-der_rsa_gen.o providers/common/der/der_rsa_gen.c
gcc  -Iproviders/common/include/prov -Icrypto -Iinclude -Iproviders/implementations/include -Iproviders/common/include  -DOPENSSL_BN_ASM_MONT -DOPENSSL_CPUID_OBJ -fPIC -pthread -Wa,--noexecstack -Wall -O3 -DOPENSSL_USE_NODELETE -DOPENSSL_PIC -DOPENSSLDIR="\"/opt/ossl-static/ssl\"" -DENGINESDIR="\"/opt/ossl-static/lib/engines-3\"" -DMODULESDIR="\"/opt/ossl-static/lib/ossl-modules\"" -DOPENSSL_BUILDING_OPENSSL -DNDEBUG  -MMD -MF providers/common/der/libcommon-lib-der_wrap_gen.d.tmp -MT providers/common/der/libcommon-lib-der_wrap_gen.o -c -o providers/common/der/libcommon-lib-der_wrap_gen.o providers/common/der/der_wrap_gen.c
rm -f libssl.a
ar qc libssl.a ssl/libssl-lib-bio_ssl.o ssl/libssl-lib-d1_lib.o ssl/libssl-lib-d1_msg.o ssl/libssl-lib-d1_srtp.o ssl/libssl-lib-event_queue.o ssl/libssl-lib-methods.o ssl/libssl-lib-pqueue.o ssl/libssl-lib-priority_queue.o ssl/libssl-lib-s3_enc.o ssl/libssl-lib-s3_lib.o ssl/libssl-lib-s3_msg.o ssl/libssl-lib-ssl_asn1.o ssl/libssl-lib-ssl_cert.o ssl/libssl-lib-ssl_cert_comp.o ssl/libssl-lib-ssl_ciph.o ssl/libssl-lib-ssl_conf.o ssl/libssl-lib-ssl_err.o ssl/libssl-lib-ssl_err_legacy.o ssl/libssl-lib-ssl_init.o ssl/libssl-lib-ssl_lib.o ssl/libssl-lib-ssl_mcnf.o ssl/libssl-lib-ssl_rsa.o ssl/libssl-lib-ssl_rsa_legacy.o ssl/libssl-lib-ssl_sess.o ssl/libssl-lib-ssl_stat.o ssl/libssl-lib-ssl_txt.o ssl/libssl-lib-ssl_utst.o ssl/libssl-lib-t1_enc.o ssl/libssl-lib-t1_lib.o ssl/libssl-lib-t1_trce.o ssl/libssl-lib-tls13_enc.o ssl/libssl-lib-tls_depr.o ssl/libssl-lib-tls_srp.o ssl/quic/libssl-lib-cc_newreno.o ssl/quic/libssl-lib-json_enc.o ssl/quic/libssl-lib-qlog.o ssl/quic/libssl-lib-qlog_event_helpers.o ssl/quic/libssl-lib-quic_ackm.o ssl/quic/libssl-lib-quic_cfq.o ssl/quic/libssl-lib-quic_channel.o ssl/quic/libssl-lib-quic_demux.o ssl/quic/libssl-lib-quic_engine.o ssl/quic/libssl-lib-quic_fc.o ssl/quic/libssl-lib-quic_fifd.o ssl/quic/libssl-lib-quic_impl.o ssl/quic/libssl-lib-quic_lcidm.o ssl/quic/libssl-lib-quic_method.o ssl/quic/libssl-lib-quic_port.o ssl/quic/libssl-lib-quic_rcidm.o ssl/quic/libssl-lib-quic_reactor.o ssl/quic/libssl-lib-quic_record_rx.o ssl/quic/libssl-lib-quic_record_shared.o ssl/quic/libssl-lib-quic_record_tx.o ssl/quic/libssl-lib-quic_record_util.o ssl/quic/libssl-lib-quic_rstream.o ssl/quic/libssl-lib-quic_rx_depack.o ssl/quic/libssl-lib-quic_sf_list.o ssl/quic/libssl-lib-quic_srt_gen.o ssl/quic/libssl-lib-quic_srtm.o ssl/quic/libssl-lib-quic_sstream.o ssl/quic/libssl-lib-quic_statm.o ssl/quic/libssl-lib-quic_stream_map.o ssl/quic/libssl-lib-quic_thread_assist.o ssl/quic/libssl-lib-quic_tls.o ssl/quic/libssl-lib-quic_trace.o ssl/quic/libssl-lib-quic_tserver.o ssl/quic/libssl-lib-quic_txp.o ssl/quic/libssl-lib-quic_txpim.o ssl/quic/libssl-lib-quic_types.o ssl/quic/libssl-lib-quic_wire.o ssl/quic/libssl-lib-quic_wire_pkt.o ssl/quic/libssl-lib-uint_set.o ssl/record/libssl-lib-rec_layer_d1.o ssl/record/libssl-lib-rec_layer_s3.o ssl/record/methods/libssl-lib-dtls_meth.o ssl/record/methods/libssl-lib-ssl3_meth.o ssl/record/methods/libssl-lib-tls13_meth.o ssl/record/methods/libssl-lib-tls1_meth.o ssl/record/methods/libssl-lib-tls_common.o ssl/record/methods/libssl-lib-tls_multib.o ssl/record/methods/libssl-lib-tlsany_meth.o ssl/rio/libssl-lib-poll_immediate.o ssl/statem/libssl-lib-extensions.o ssl/statem/libssl-lib-extensions_clnt.o ssl/statem/libssl-lib-extensions_cust.o ssl/statem/libssl-lib-extensions_srvr.o ssl/statem/libssl-lib-statem.o ssl/statem/libssl-lib-statem_clnt.o ssl/statem/libssl-lib-statem_dtls.o ssl/statem/libssl-lib-statem_lib.o ssl/statem/libssl-lib-statem_srvr.o
ranlib libssl.a || echo Never mind.
rm -f providers/libdefault.a
ar qc providers/libdefault.a providers/common/der/libdefault-lib-der_rsa_sig.o providers/common/der/libdefault-lib-der_sm2_gen.o providers/common/der/libdefault-lib-der_sm2_key.o providers/common/der/libdefault-lib-der_sm2_sig.o providers/common/libdefault-lib-bio_prov.o providers/common/libdefault-lib-capabilities.o providers/common/libdefault-lib-digest_to_nid.o providers/common/libdefault-lib-provider_seeding.o providers/common/libdefault-lib-provider_util.o providers/common/libdefault-lib-securitycheck.o providers/common/libdefault-lib-securitycheck_default.o providers/implementations/asymciphers/libdefault-lib-rsa_enc.o providers/implementations/asymciphers/libdefault-lib-sm2_enc.o providers/implementations/ciphers/libdefault-lib-cipher_aes.o providers/implementations/ciphers/libdefault-lib-cipher_aes_cbc_hmac_sha.o providers/implementations/ciphers/libdefault-lib-cipher_aes_cbc_hmac_sha1_hw.o providers/implementations/ciphers/libdefault-lib-cipher_aes_cbc_hmac_sha256_hw.o providers/implementations/ciphers/libdefault-lib-cipher_aes_ccm.o providers/implementations/ciphers/libdefault-lib-cipher_aes_ccm_hw.o providers/implementations/ciphers/libdefault-lib-cipher_aes_gcm.o providers/implementations/ciphers/libdefault-lib-cipher_aes_gcm_hw.o providers/implementations/ciphers/libdefault-lib-cipher_aes_gcm_siv.o providers/implementations/ciphers/libdefault-lib-cipher_aes_gcm_siv_hw.o providers/implementations/ciphers/libdefault-lib-cipher_aes_gcm_siv_polyval.o providers/implementations/ciphers/libdefault-lib-cipher_aes_hw.o providers/implementations/ciphers/libdefault-lib-cipher_aes_ocb.o providers/implementations/ciphers/libdefault-lib-cipher_aes_ocb_hw.o providers/implementations/ciphers/libdefault-lib-cipher_aes_siv.o providers/implementations/ciphers/libdefault-lib-cipher_aes_siv_hw.o providers/implementations/ciphers/libdefault-lib-cipher_aes_wrp.o providers/implementations/ciphers/libdefault-lib-cipher_aes_xts.o providers/implementations/ciphers/libdefault-lib-cipher_aes_xts_fips.o providers/implementations/ciphers/libdefault-lib-cipher_aes_xts_hw.o providers/implementations/ciphers/libdefault-lib-cipher_aria.o providers/implementations/ciphers/libdefault-lib-cipher_aria_ccm.o providers/implementations/ciphers/libdefault-lib-cipher_aria_ccm_hw.o providers/implementations/ciphers/libdefault-lib-cipher_aria_gcm.o providers/implementations/ciphers/libdefault-lib-cipher_aria_gcm_hw.o providers/implementations/ciphers/libdefault-lib-cipher_aria_hw.o providers/implementations/ciphers/libdefault-lib-cipher_camellia.o providers/implementations/ciphers/libdefault-lib-cipher_camellia_hw.o providers/implementations/ciphers/libdefault-lib-cipher_chacha20.o providers/implementations/ciphers/libdefault-lib-cipher_chacha20_hw.o providers/implementations/ciphers/libdefault-lib-cipher_chacha20_poly1305.o providers/implementations/ciphers/libdefault-lib-cipher_chacha20_poly1305_hw.o providers/implementations/ciphers/libdefault-lib-cipher_cts.o providers/implementations/ciphers/libdefault-lib-cipher_null.o providers/implementations/ciphers/libdefault-lib-cipher_sm4.o providers/implementations/ciphers/libdefault-lib-cipher_sm4_ccm.o providers/implementations/ciphers/libdefault-lib-cipher_sm4_ccm_hw.o providers/implementations/ciphers/libdefault-lib-cipher_sm4_gcm.o providers/implementations/ciphers/libdefault-lib-cipher_sm4_gcm_hw.o providers/implementations/ciphers/libdefault-lib-cipher_sm4_hw.o providers/implementations/ciphers/libdefault-lib-cipher_sm4_xts.o providers/implementations/ciphers/libdefault-lib-cipher_sm4_xts_hw.o providers/implementations/ciphers/libdefault-lib-cipher_tdes.o providers/implementations/ciphers/libdefault-lib-cipher_tdes_common.o providers/implementations/ciphers/libdefault-lib-cipher_tdes_default.o providers/implementations/ciphers/libdefault-lib-cipher_tdes_default_hw.o providers/implementations/ciphers/libdefault-lib-cipher_tdes_hw.o providers/implementations/ciphers/libdefault-lib-cipher_tdes_wrap.o providers/implementations/ciphers/libdefault-lib-cipher_tdes_wrap_hw.o providers/implementations/digests/libdefault-lib-blake2_prov.o providers/implementations/digests/libdefault-lib-blake2b_prov.o providers/implementations/digests/libdefault-lib-blake2s_prov.o providers/implementations/digests/libdefault-lib-md5_prov.o providers/implementations/digests/libdefault-lib-md5_sha1_prov.o providers/implementations/digests/libdefault-lib-null_prov.o providers/implementations/digests/libdefault-lib-ripemd_prov.o providers/implementations/digests/libdefault-lib-sha2_prov.o providers/implementations/digests/libdefault-lib-sha3_prov.o providers/implementations/digests/libdefault-lib-sm3_prov.o providers/implementations/encode_decode/libdefault-lib-decode_der2key.o providers/implementations/encode_decode/libdefault-lib-decode_epki2pki.o providers/implementations/encode_decode/libdefault-lib-decode_msblob2key.o providers/implementations/encode_decode/libdefault-lib-decode_pem2der.o providers/implementations/encode_decode/libdefault-lib-decode_pvk2key.o providers/implementations/encode_decode/libdefault-lib-decode_spki2typespki.o providers/implementations/encode_decode/libdefault-lib-encode_key2any.o providers/implementations/encode_decode/libdefault-lib-encode_key2blob.o providers/implementations/encode_decode/libdefault-lib-encode_key2ms.o providers/implementations/encode_decode/libdefault-lib-encode_key2text.o providers/implementations/encode_decode/libdefault-lib-endecoder_common.o providers/implementations/exchange/libdefault-lib-dh_exch.o providers/implementations/exchange/libdefault-lib-ecdh_exch.o providers/implementations/exchange/libdefault-lib-ecx_exch.o providers/implementations/exchange/libdefault-lib-kdf_exch.o providers/implementations/kdfs/libdefault-lib-argon2.o providers/implementations/kdfs/libdefault-lib-hkdf.o providers/implementations/kdfs/libdefault-lib-hmacdrbg_kdf.o providers/implementations/kdfs/libdefault-lib-kbkdf.o providers/implementations/kdfs/libdefault-lib-krb5kdf.o providers/implementations/kdfs/libdefault-lib-pbkdf2.o providers/implementations/kdfs/libdefault-lib-pbkdf2_fips.o providers/implementations/kdfs/libdefault-lib-pkcs12kdf.o providers/implementations/kdfs/libdefault-lib-scrypt.o providers/implementations/kdfs/libdefault-lib-sshkdf.o providers/implementations/kdfs/libdefault-lib-sskdf.o providers/implementations/kdfs/libdefault-lib-tls1_prf.o providers/implementations/kdfs/libdefault-lib-x942kdf.o providers/implementations/kem/libdefault-lib-ec_kem.o providers/implementations/kem/libdefault-lib-ecx_kem.o providers/implementations/kem/libdefault-lib-kem_util.o providers/implementations/kem/libdefault-lib-rsa_kem.o providers/implementations/keymgmt/libdefault-lib-dh_kmgmt.o providers/implementations/keymgmt/libdefault-lib-dsa_kmgmt.o providers/implementations/keymgmt/libdefault-lib-ec_kmgmt.o providers/implementations/keymgmt/libdefault-lib-ecx_kmgmt.o providers/implementations/keymgmt/libdefault-lib-kdf_legacy_kmgmt.o providers/implementations/keymgmt/libdefault-lib-mac_legacy_kmgmt.o providers/implementations/keymgmt/libdefault-lib-rsa_kmgmt.o providers/implementations/macs/libdefault-lib-blake2b_mac.o providers/implementations/macs/libdefault-lib-blake2s_mac.o providers/implementations/macs/libdefault-lib-cmac_prov.o providers/implementations/macs/libdefault-lib-gmac_prov.o providers/implementations/macs/libdefault-lib-hmac_prov.o providers/implementations/macs/libdefault-lib-kmac_prov.o providers/implementations/macs/libdefault-lib-poly1305_prov.o providers/implementations/macs/libdefault-lib-siphash_prov.o providers/implementations/rands/libdefault-lib-crngt.o providers/implementations/rands/libdefault-lib-drbg.o providers/implementations/rands/libdefault-lib-drbg_ctr.o providers/implementations/rands/libdefault-lib-drbg_hash.o providers/implementations/rands/libdefault-lib-drbg_hmac.o providers/implementations/rands/libdefault-lib-seed_src.o providers/implementations/rands/libdefault-lib-test_rng.o providers/implementations/rands/seeding/libdefault-lib-rand_cpu_arm64.o providers/implementations/rands/seeding/libdefault-lib-rand_tsc.o providers/implementations/rands/seeding/libdefault-lib-rand_unix.o providers/implementations/rands/seeding/libdefault-lib-rand_win.o providers/implementations/signature/libdefault-lib-dsa_sig.o providers/implementations/signature/libdefault-lib-ecdsa_sig.o providers/implementations/signature/libdefault-lib-eddsa_sig.o providers/implementations/signature/libdefault-lib-mac_legacy_sig.o providers/implementations/signature/libdefault-lib-rsa_sig.o providers/implementations/signature/libdefault-lib-sm2_sig.o providers/implementations/storemgmt/libdefault-lib-file_store.o providers/implementations/storemgmt/libdefault-lib-file_store_any2obj.o ssl/record/methods/libdefault-lib-ssl3_cbc.o
rm -f providers/liblegacy.a
ar qc providers/liblegacy.a providers/implementations/ciphers/liblegacy-lib-cipher_blowfish.o providers/implementations/ciphers/liblegacy-lib-cipher_blowfish_hw.o providers/implementations/ciphers/liblegacy-lib-cipher_cast5.o providers/implementations/ciphers/liblegacy-lib-cipher_cast5_hw.o providers/implementations/ciphers/liblegacy-lib-cipher_des.o providers/implementations/ciphers/liblegacy-lib-cipher_des_hw.o providers/implementations/ciphers/liblegacy-lib-cipher_desx.o providers/implementations/ciphers/liblegacy-lib-cipher_desx_hw.o providers/implementations/ciphers/liblegacy-lib-cipher_idea.o providers/implementations/ciphers/liblegacy-lib-cipher_idea_hw.o providers/implementations/ciphers/liblegacy-lib-cipher_rc2.o providers/implementations/ciphers/liblegacy-lib-cipher_rc2_hw.o providers/implementations/ciphers/liblegacy-lib-cipher_rc4.o providers/implementations/ciphers/liblegacy-lib-cipher_rc4_hmac_md5.o providers/implementations/ciphers/liblegacy-lib-cipher_rc4_hmac_md5_hw.o providers/implementations/ciphers/liblegacy-lib-cipher_rc4_hw.o providers/implementations/ciphers/liblegacy-lib-cipher_seed.o providers/implementations/ciphers/liblegacy-lib-cipher_seed_hw.o providers/implementations/ciphers/liblegacy-lib-cipher_tdes_common.o providers/implementations/digests/liblegacy-lib-md4_prov.o providers/implementations/digests/liblegacy-lib-mdc2_prov.o providers/implementations/digests/liblegacy-lib-ripemd_prov.o providers/implementations/digests/liblegacy-lib-wp_prov.o providers/implementations/kdfs/liblegacy-lib-pbkdf1.o providers/implementations/kdfs/liblegacy-lib-pvkkdf.o providers/liblegacy-lib-prov_running.o
ranlib providers/liblegacy.a || echo Never mind.
ranlib providers/libdefault.a || echo Never mind.
perl apps/progs.pl "-H" "apps/openssl" > apps/progs.h
rm -f libcrypto.a
rm -f providers/libcommon.a
ar qc libcrypto.a crypto/aes/libcrypto-lib-aes_cbc.o crypto/aes/libcrypto-lib-aes_cfb.o crypto/aes/libcrypto-lib-aes_core.o crypto/aes/libcrypto-lib-aes_ecb.o crypto/aes/libcrypto-lib-aes_ige.o crypto/aes/libcrypto-lib-aes_misc.o crypto/aes/libcrypto-lib-aes_ofb.o crypto/aes/libcrypto-lib-aes_wrap.o crypto/aes/libcrypto-lib-aesv8-armx.o crypto/aes/libcrypto-lib-bsaes-armv8.o crypto/aes/libcrypto-lib-vpaes-armv8.o crypto/aria/libcrypto-lib-aria.o crypto/asn1/libcrypto-lib-a_bitstr.o crypto/asn1/libcrypto-lib-a_d2i_fp.o crypto/asn1/libcrypto-lib-a_digest.o crypto/asn1/libcrypto-lib-a_dup.o crypto/asn1/libcrypto-lib-a_gentm.o crypto/asn1/libcrypto-lib-a_i2d_fp.o crypto/asn1/libcrypto-lib-a_int.o crypto/asn1/libcrypto-lib-a_mbstr.o crypto/asn1/libcrypto-lib-a_object.o crypto/asn1/libcrypto-lib-a_octet.o crypto/asn1/libcrypto-lib-a_print.o crypto/asn1/libcrypto-lib-a_sign.o crypto/asn1/libcrypto-lib-a_strex.o crypto/asn1/libcrypto-lib-a_strnid.o crypto/asn1/libcrypto-lib-a_time.o crypto/asn1/libcrypto-lib-a_type.o crypto/asn1/libcrypto-lib-a_utctm.o crypto/asn1/libcrypto-lib-a_utf8.o crypto/asn1/libcrypto-lib-a_verify.o crypto/asn1/libcrypto-lib-ameth_lib.o crypto/asn1/libcrypto-lib-asn1_err.o crypto/asn1/libcrypto-lib-asn1_gen.o crypto/asn1/libcrypto-lib-asn1_item_list.o crypto/asn1/libcrypto-lib-asn1_lib.o crypto/asn1/libcrypto-lib-asn1_parse.o crypto/asn1/libcrypto-lib-asn_mime.o crypto/asn1/libcrypto-lib-asn_moid.o crypto/asn1/libcrypto-lib-asn_mstbl.o crypto/asn1/libcrypto-lib-asn_pack.o crypto/asn1/libcrypto-lib-bio_asn1.o crypto/asn1/libcrypto-lib-bio_ndef.o crypto/asn1/libcrypto-lib-d2i_param.o crypto/asn1/libcrypto-lib-d2i_pr.o crypto/asn1/libcrypto-lib-d2i_pu.o crypto/asn1/libcrypto-lib-evp_asn1.o crypto/asn1/libcrypto-lib-f_int.o crypto/asn1/libcrypto-lib-f_string.o crypto/asn1/libcrypto-lib-i2d_evp.o crypto/asn1/libcrypto-lib-n_pkey.o crypto/asn1/libcrypto-lib-nsseq.o crypto/asn1/libcrypto-lib-p5_pbe.o crypto/asn1/libcrypto-lib-p5_pbev2.o crypto/asn1/libcrypto-lib-p5_scrypt.o crypto/asn1/libcrypto-lib-p8_pkey.o crypto/asn1/libcrypto-lib-t_bitst.o crypto/asn1/libcrypto-lib-t_pkey.o crypto/asn1/libcrypto-lib-t_spki.o crypto/asn1/libcrypto-lib-tasn_dec.o crypto/asn1/libcrypto-lib-tasn_enc.o crypto/asn1/libcrypto-lib-tasn_fre.o crypto/asn1/libcrypto-lib-tasn_new.o crypto/asn1/libcrypto-lib-tasn_prn.o crypto/asn1/libcrypto-lib-tasn_scn.o crypto/asn1/libcrypto-lib-tasn_typ.o crypto/asn1/libcrypto-lib-tasn_utl.o crypto/asn1/libcrypto-lib-x_algor.o crypto/asn1/libcrypto-lib-x_bignum.o crypto/asn1/libcrypto-lib-x_info.o crypto/asn1/libcrypto-lib-x_int64.o crypto/asn1/libcrypto-lib-x_long.o crypto/asn1/libcrypto-lib-x_pkey.o crypto/asn1/libcrypto-lib-x_sig.o crypto/asn1/libcrypto-lib-x_spki.o crypto/asn1/libcrypto-lib-x_val.o crypto/async/arch/libcrypto-lib-async_null.o crypto/async/arch/libcrypto-lib-async_posix.o crypto/async/arch/libcrypto-lib-async_win.o crypto/async/libcrypto-lib-async.o crypto/async/libcrypto-lib-async_err.o crypto/async/libcrypto-lib-async_wait.o crypto/bf/libcrypto-lib-bf_cfb64.o crypto/bf/libcrypto-lib-bf_ecb.o crypto/bf/libcrypto-lib-bf_enc.o crypto/bf/libcrypto-lib-bf_ofb64.o crypto/bf/libcrypto-lib-bf_skey.o crypto/bio/libcrypto-lib-bf_buff.o crypto/bio/libcrypto-lib-bf_lbuf.o crypto/bio/libcrypto-lib-bf_nbio.o crypto/bio/libcrypto-lib-bf_null.o crypto/bio/libcrypto-lib-bf_prefix.o crypto/bio/libcrypto-lib-bf_readbuff.o crypto/bio/libcrypto-lib-bio_addr.o crypto/bio/libcrypto-lib-bio_cb.o crypto/bio/libcrypto-lib-bio_dump.o crypto/bio/libcrypto-lib-bio_err.o crypto/bio/libcrypto-lib-bio_lib.o crypto/bio/libcrypto-lib-bio_meth.o crypto/bio/libcrypto-lib-bio_print.o crypto/bio/libcrypto-lib-bio_sock.o crypto/bio/libcrypto-lib-bio_sock2.o crypto/bio/libcrypto-lib-bss_acpt.o crypto/bio/libcrypto-lib-bss_bio.o crypto/bio/libcrypto-lib-bss_conn.o crypto/bio/libcrypto-lib-bss_core.o crypto/bio/libcrypto-lib-bss_dgram.o crypto/bio/libcrypto-lib-bss_dgram_pair.o crypto/bio/libcrypto-lib-bss_fd.o crypto/bio/libcrypto-lib-bss_file.o crypto/bio/libcrypto-lib-bss_log.o crypto/bio/libcrypto-lib-bss_mem.o crypto/bio/libcrypto-lib-bss_null.o crypto/bio/libcrypto-lib-bss_sock.o crypto/bio/libcrypto-lib-ossl_core_bio.o crypto/bn/libcrypto-lib-armv8-mont.o crypto/bn/libcrypto-lib-bn_add.o crypto/bn/libcrypto-lib-bn_asm.o crypto/bn/libcrypto-lib-bn_blind.o crypto/bn/libcrypto-lib-bn_const.o crypto/bn/libcrypto-lib-bn_conv.o crypto/bn/libcrypto-lib-bn_ctx.o crypto/bn/libcrypto-lib-bn_depr.o crypto/bn/libcrypto-lib-bn_dh.o crypto/bn/libcrypto-lib-bn_div.o crypto/bn/libcrypto-lib-bn_err.o crypto/bn/libcrypto-lib-bn_exp.o crypto/bn/libcrypto-lib-bn_exp2.o crypto/bn/libcrypto-lib-bn_gcd.o crypto/bn/libcrypto-lib-bn_gf2m.o crypto/bn/libcrypto-lib-bn_intern.o crypto/bn/libcrypto-lib-bn_kron.o crypto/bn/libcrypto-lib-bn_lib.o crypto/bn/libcrypto-lib-bn_mod.o crypto/bn/libcrypto-lib-bn_mont.o crypto/bn/libcrypto-lib-bn_mpi.o crypto/bn/libcrypto-lib-bn_mul.o crypto/bn/libcrypto-lib-bn_nist.o crypto/bn/libcrypto-lib-bn_prime.o crypto/bn/libcrypto-lib-bn_print.o crypto/bn/libcrypto-lib-bn_rand.o crypto/bn/libcrypto-lib-bn_recp.o crypto/bn/libcrypto-lib-bn_rsa_fips186_4.o crypto/bn/libcrypto-lib-bn_shift.o crypto/bn/libcrypto-lib-bn_sqr.o crypto/bn/libcrypto-lib-bn_sqrt.o crypto/bn/libcrypto-lib-bn_srp.o crypto/bn/libcrypto-lib-bn_word.o crypto/bn/libcrypto-lib-bn_x931p.o crypto/buffer/libcrypto-lib-buf_err.o crypto/buffer/libcrypto-lib-buffer.o crypto/camellia/libcrypto-lib-camellia.o crypto/camellia/libcrypto-lib-cmll_cbc.o crypto/camellia/libcrypto-lib-cmll_cfb.o crypto/camellia/libcrypto-lib-cmll_ctr.o crypto/camellia/libcrypto-lib-cmll_ecb.o crypto/camellia/libcrypto-lib-cmll_misc.o crypto/camellia/libcrypto-lib-cmll_ofb.o crypto/cast/libcrypto-lib-c_cfb64.o crypto/cast/libcrypto-lib-c_ecb.o crypto/cast/libcrypto-lib-c_enc.o crypto/cast/libcrypto-lib-c_ofb64.o crypto/cast/libcrypto-lib-c_skey.o crypto/chacha/libcrypto-lib-chacha-armv8-sve.o crypto/chacha/libcrypto-lib-chacha-armv8.o crypto/cmac/libcrypto-lib-cmac.o crypto/cmp/libcrypto-lib-cmp_asn.o crypto/cmp/libcrypto-lib-cmp_client.o crypto/cmp/libcrypto-lib-cmp_ctx.o crypto/cmp/libcrypto-lib-cmp_err.o crypto/cmp/libcrypto-lib-cmp_genm.o crypto/cmp/libcrypto-lib-cmp_hdr.o crypto/cmp/libcrypto-lib-cmp_http.o crypto/cmp/libcrypto-lib-cmp_msg.o crypto/cmp/libcrypto-lib-cmp_protect.o crypto/cmp/libcrypto-lib-cmp_server.o crypto/cmp/libcrypto-lib-cmp_status.o crypto/cmp/libcrypto-lib-cmp_util.o crypto/cmp/libcrypto-lib-cmp_vfy.o crypto/cms/libcrypto-lib-cms_asn1.o crypto/cms/libcrypto-lib-cms_att.o crypto/cms/libcrypto-lib-cms_cd.o crypto/cms/libcrypto-lib-cms_dd.o crypto/cms/libcrypto-lib-cms_dh.o crypto/cms/libcrypto-lib-cms_ec.o crypto/cms/libcrypto-lib-cms_enc.o crypto/cms/libcrypto-lib-cms_env.o crypto/cms/libcrypto-lib-cms_err.o crypto/cms/libcrypto-lib-cms_ess.o crypto/cms/libcrypto-lib-cms_io.o crypto/cms/libcrypto-lib-cms_kari.o crypto/cms/libcrypto-lib-cms_lib.o crypto/cms/libcrypto-lib-cms_pwri.o crypto/cms/libcrypto-lib-cms_rsa.o crypto/cms/libcrypto-lib-cms_sd.o crypto/cms/libcrypto-lib-cms_smime.o crypto/comp/libcrypto-lib-c_brotli.o crypto/comp/libcrypto-lib-c_zlib.o crypto/comp/libcrypto-lib-c_zstd.o crypto/comp/libcrypto-lib-comp_err.o crypto/comp/libcrypto-lib-comp_lib.o crypto/conf/libcrypto-lib-conf_api.o crypto/conf/libcrypto-lib-conf_def.o crypto/conf/libcrypto-lib-conf_err.o crypto/conf/libcrypto-lib-conf_lib.o crypto/conf/libcrypto-lib-conf_mall.o crypto/conf/libcrypto-lib-conf_mod.o crypto/conf/libcrypto-lib-conf_sap.o crypto/conf/libcrypto-lib-conf_ssl.o crypto/crmf/libcrypto-lib-crmf_asn.o crypto/crmf/libcrypto-lib-crmf_err.o crypto/crmf/libcrypto-lib-crmf_lib.o crypto/crmf/libcrypto-lib-crmf_pbm.o crypto/ct/libcrypto-lib-ct_b64.o crypto/ct/libcrypto-lib-ct_err.o crypto/ct/libcrypto-lib-ct_log.o crypto/ct/libcrypto-lib-ct_oct.o crypto/ct/libcrypto-lib-ct_policy.o crypto/ct/libcrypto-lib-ct_prn.o crypto/ct/libcrypto-lib-ct_sct.o crypto/ct/libcrypto-lib-ct_sct_ctx.o crypto/ct/libcrypto-lib-ct_vfy.o crypto/ct/libcrypto-lib-ct_x509v3.o crypto/des/libcrypto-lib-cbc_cksm.o crypto/des/libcrypto-lib-cbc_enc.o crypto/des/libcrypto-lib-cfb64ede.o crypto/des/libcrypto-lib-cfb64enc.o crypto/des/libcrypto-lib-cfb_enc.o crypto/des/libcrypto-lib-des_enc.o crypto/des/libcrypto-lib-ecb3_enc.o crypto/des/libcrypto-lib-ecb_enc.o crypto/des/libcrypto-lib-fcrypt.o crypto/des/libcrypto-lib-fcrypt_b.o crypto/des/libcrypto-lib-ofb64ede.o crypto/des/libcrypto-lib-ofb64enc.o crypto/des/libcrypto-lib-ofb_enc.o crypto/des/libcrypto-lib-pcbc_enc.o crypto/des/libcrypto-lib-qud_cksm.o crypto/des/libcrypto-lib-rand_key.o crypto/des/libcrypto-lib-set_key.o crypto/des/libcrypto-lib-str2key.o crypto/des/libcrypto-lib-xcbc_enc.o crypto/dh/libcrypto-lib-dh_ameth.o crypto/dh/libcrypto-lib-dh_asn1.o crypto/dh/libcrypto-lib-dh_backend.o crypto/dh/libcrypto-lib-dh_check.o crypto/dh/libcrypto-lib-dh_depr.o crypto/dh/libcrypto-lib-dh_err.o crypto/dh/libcrypto-lib-dh_gen.o crypto/dh/libcrypto-lib-dh_group_params.o crypto/dh/libcrypto-lib-dh_kdf.o crypto/dh/libcrypto-lib-dh_key.o crypto/dh/libcrypto-lib-dh_lib.o crypto/dh/libcrypto-lib-dh_meth.o crypto/dh/libcrypto-lib-dh_pmeth.o crypto/dh/libcrypto-lib-dh_prn.o crypto/dh/libcrypto-lib-dh_rfc5114.o crypto/dsa/libcrypto-lib-dsa_ameth.o crypto/dsa/libcrypto-lib-dsa_asn1.o crypto/dsa/libcrypto-lib-dsa_backend.o crypto/dsa/libcrypto-lib-dsa_check.o crypto/dsa/libcrypto-lib-dsa_depr.o crypto/dsa/libcrypto-lib-dsa_err.o crypto/dsa/libcrypto-lib-dsa_gen.o crypto/dsa/libcrypto-lib-dsa_key.o crypto/dsa/libcrypto-lib-dsa_lib.o crypto/dsa/libcrypto-lib-dsa_meth.o crypto/dsa/libcrypto-lib-dsa_ossl.o crypto/dsa/libcrypto-lib-dsa_pmeth.o crypto/dsa/libcrypto-lib-dsa_prn.o crypto/dsa/libcrypto-lib-dsa_sign.o crypto/dsa/libcrypto-lib-dsa_vrf.o crypto/dso/libcrypto-lib-dso_dl.o crypto/dso/libcrypto-lib-dso_dlfcn.o crypto/dso/libcrypto-lib-dso_err.o crypto/dso/libcrypto-lib-dso_lib.o crypto/dso/libcrypto-lib-dso_openssl.o crypto/dso/libcrypto-lib-dso_vms.o crypto/dso/libcrypto-lib-dso_win32.o crypto/ec/curve448/arch_32/libcrypto-lib-f_impl32.o crypto/ec/curve448/arch_64/libcrypto-lib-f_impl64.o crypto/ec/curve448/libcrypto-lib-curve448.o crypto/ec/curve448/libcrypto-lib-curve448_tables.o crypto/ec/curve448/libcrypto-lib-eddsa.o crypto/ec/curve448/libcrypto-lib-f_generic.o crypto/ec/curve448/libcrypto-lib-scalar.o crypto/ec/libcrypto-lib-curve25519.o crypto/ec/libcrypto-lib-ec2_oct.o crypto/ec/libcrypto-lib-ec2_smpl.o crypto/ec/libcrypto-lib-ec_ameth.o crypto/ec/libcrypto-lib-ec_asn1.o crypto/ec/libcrypto-lib-ec_backend.o crypto/ec/libcrypto-lib-ec_check.o crypto/ec/libcrypto-lib-ec_curve.o crypto/ec/libcrypto-lib-ec_cvt.o crypto/ec/libcrypto-lib-ec_deprecated.o crypto/ec/libcrypto-lib-ec_err.o crypto/ec/libcrypto-lib-ec_key.o crypto/ec/libcrypto-lib-ec_kmeth.o crypto/ec/libcrypto-lib-ec_lib.o crypto/ec/libcrypto-lib-ec_mult.o crypto/ec/libcrypto-lib-ec_oct.o crypto/ec/libcrypto-lib-ec_pmeth.o crypto/ec/libcrypto-lib-ec_print.o crypto/ec/libcrypto-lib-ecdh_kdf.o crypto/ec/libcrypto-lib-ecdh_ossl.o crypto/ec/libcrypto-lib-ecdsa_ossl.o crypto/ec/libcrypto-lib-ecdsa_sign.o crypto/ec/libcrypto-lib-ecdsa_vrf.o crypto/ec/libcrypto-lib-eck_prn.o crypto/ec/libcrypto-lib-ecp_mont.o crypto/ec/libcrypto-lib-ecp_nist.o crypto/ec/libcrypto-lib-ecp_nistz256-armv8.o crypto/ec/libcrypto-lib-ecp_nistz256.o crypto/ec/libcrypto-lib-ecp_oct.o crypto/ec/libcrypto-lib-ecp_sm2p256-armv8.o crypto/ec/libcrypto-lib-ecp_sm2p256.o crypto/ec/libcrypto-lib-ecp_sm2p256_table.o crypto/ec/libcrypto-lib-ecp_smpl.o crypto/ec/libcrypto-lib-ecx_backend.o crypto/ec/libcrypto-lib-ecx_key.o crypto/ec/libcrypto-lib-ecx_meth.o crypto/encode_decode/libcrypto-lib-decoder_err.o crypto/encode_decode/libcrypto-lib-decoder_lib.o crypto/encode_decode/libcrypto-lib-decoder_meth.o crypto/encode_decode/libcrypto-lib-decoder_pkey.o crypto/encode_decode/libcrypto-lib-encoder_err.o crypto/encode_decode/libcrypto-lib-encoder_lib.o crypto/encode_decode/libcrypto-lib-encoder_meth.o crypto/encode_decode/libcrypto-lib-encoder_pkey.o crypto/engine/libcrypto-lib-eng_all.o crypto/engine/libcrypto-lib-eng_cnf.o crypto/engine/libcrypto-lib-eng_ctrl.o crypto/engine/libcrypto-lib-eng_dyn.o crypto/engine/libcrypto-lib-eng_err.o crypto/engine/libcrypto-lib-eng_fat.o crypto/engine/libcrypto-lib-eng_init.o crypto/engine/libcrypto-lib-eng_lib.o crypto/engine/libcrypto-lib-eng_list.o crypto/engine/libcrypto-lib-eng_openssl.o crypto/engine/libcrypto-lib-eng_pkey.o crypto/engine/libcrypto-lib-eng_rdrand.o crypto/engine/libcrypto-lib-eng_table.o crypto/engine/libcrypto-lib-tb_asnmth.o crypto/engine/libcrypto-lib-tb_cipher.o crypto/engine/libcrypto-lib-tb_dh.o crypto/engine/libcrypto-lib-tb_digest.o crypto/engine/libcrypto-lib-tb_dsa.o crypto/engine/libcrypto-lib-tb_eckey.o crypto/engine/libcrypto-lib-tb_pkmeth.o crypto/engine/libcrypto-lib-tb_rand.o crypto/engine/libcrypto-lib-tb_rsa.o crypto/err/libcrypto-lib-err.o crypto/err/libcrypto-lib-err_all.o crypto/err/libcrypto-lib-err_all_legacy.o crypto/err/libcrypto-lib-err_blocks.o crypto/err/libcrypto-lib-err_mark.o crypto/err/libcrypto-lib-err_prn.o crypto/err/libcrypto-lib-err_save.o crypto/ess/libcrypto-lib-ess_asn1.o crypto/ess/libcrypto-lib-ess_err.o crypto/ess/libcrypto-lib-ess_lib.o crypto/evp/libcrypto-lib-asymcipher.o crypto/evp/libcrypto-lib-bio_b64.o crypto/evp/libcrypto-lib-bio_enc.o crypto/evp/libcrypto-lib-bio_md.o crypto/evp/libcrypto-lib-bio_ok.o crypto/evp/libcrypto-lib-c_allc.o crypto/evp/libcrypto-lib-c_alld.o crypto/evp/libcrypto-lib-cmeth_lib.o crypto/evp/libcrypto-lib-ctrl_params_translate.o crypto/evp/libcrypto-lib-dh_ctrl.o crypto/evp/libcrypto-lib-dh_support.o crypto/evp/libcrypto-lib-digest.o crypto/evp/libcrypto-lib-dsa_ctrl.o crypto/evp/libcrypto-lib-e_aes.o crypto/evp/libcrypto-lib-e_aes_cbc_hmac_sha1.o crypto/evp/libcrypto-lib-e_aes_cbc_hmac_sha256.o crypto/evp/libcrypto-lib-e_aria.o crypto/evp/libcrypto-lib-e_bf.o crypto/evp/libcrypto-lib-e_camellia.o crypto/evp/libcrypto-lib-e_cast.o crypto/evp/libcrypto-lib-e_chacha20_poly1305.o crypto/evp/libcrypto-lib-e_des.o crypto/evp/libcrypto-lib-e_des3.o crypto/evp/libcrypto-lib-e_idea.o crypto/evp/libcrypto-lib-e_null.o crypto/evp/libcrypto-lib-e_old.o crypto/evp/libcrypto-lib-e_rc2.o crypto/evp/libcrypto-lib-e_rc4.o crypto/evp/libcrypto-lib-e_rc4_hmac_md5.o crypto/evp/libcrypto-lib-e_rc5.o crypto/evp/libcrypto-lib-e_seed.o crypto/evp/libcrypto-lib-e_sm4.o crypto/evp/libcrypto-lib-e_xcbc_d.o crypto/evp/libcrypto-lib-ec_ctrl.o crypto/evp/libcrypto-lib-ec_support.o crypto/evp/libcrypto-lib-encode.o crypto/evp/libcrypto-lib-evp_cnf.o crypto/evp/libcrypto-lib-evp_enc.o crypto/evp/libcrypto-lib-evp_err.o crypto/evp/libcrypto-lib-evp_fetch.o crypto/evp/libcrypto-lib-evp_key.o crypto/evp/libcrypto-lib-evp_lib.o crypto/evp/libcrypto-lib-evp_pbe.o crypto/evp/libcrypto-lib-evp_pkey.o crypto/evp/libcrypto-lib-evp_rand.o crypto/evp/libcrypto-lib-evp_utils.o crypto/evp/libcrypto-lib-exchange.o crypto/evp/libcrypto-lib-kdf_lib.o crypto/evp/libcrypto-lib-kdf_meth.o crypto/evp/libcrypto-lib-kem.o crypto/evp/libcrypto-lib-keymgmt_lib.o crypto/evp/libcrypto-lib-keymgmt_meth.o crypto/evp/libcrypto-lib-legacy_blake2.o crypto/evp/libcrypto-lib-legacy_md4.o crypto/evp/libcrypto-lib-legacy_md5.o crypto/evp/libcrypto-lib-legacy_md5_sha1.o crypto/evp/libcrypto-lib-legacy_mdc2.o crypto/evp/libcrypto-lib-legacy_ripemd.o crypto/evp/libcrypto-lib-legacy_sha.o crypto/evp/libcrypto-lib-legacy_wp.o crypto/evp/libcrypto-lib-m_null.o crypto/evp/libcrypto-lib-m_sigver.o crypto/evp/libcrypto-lib-mac_lib.o crypto/evp/libcrypto-lib-mac_meth.o crypto/evp/libcrypto-lib-names.o crypto/evp/libcrypto-lib-p5_crpt.o crypto/evp/libcrypto-lib-p5_crpt2.o crypto/evp/libcrypto-lib-p_dec.o crypto/evp/libcrypto-lib-p_enc.o crypto/evp/libcrypto-lib-p_legacy.o crypto/evp/libcrypto-lib-p_lib.o crypto/evp/libcrypto-lib-p_open.o crypto/evp/libcrypto-lib-p_seal.o crypto/evp/libcrypto-lib-p_sign.o crypto/evp/libcrypto-lib-p_verify.o crypto/evp/libcrypto-lib-pbe_scrypt.o crypto/evp/libcrypto-lib-pmeth_check.o crypto/evp/libcrypto-lib-pmeth_gn.o crypto/evp/libcrypto-lib-pmeth_lib.o crypto/evp/libcrypto-lib-signature.o crypto/ffc/libcrypto-lib-ffc_backend.o crypto/ffc/libcrypto-lib-ffc_dh.o crypto/ffc/libcrypto-lib-ffc_key_generate.o crypto/ffc/libcrypto-lib-ffc_key_validate.o crypto/ffc/libcrypto-lib-ffc_params.o crypto/ffc/libcrypto-lib-ffc_params_generate.o crypto/ffc/libcrypto-lib-ffc_params_validate.o crypto/hmac/libcrypto-lib-hmac.o crypto/hpke/libcrypto-lib-hpke.o crypto/hpke/libcrypto-lib-hpke_util.o crypto/http/libcrypto-lib-http_client.o crypto/http/libcrypto-lib-http_err.o crypto/http/libcrypto-lib-http_lib.o crypto/idea/libcrypto-lib-i_cbc.o crypto/idea/libcrypto-lib-i_cfb64.o crypto/idea/libcrypto-lib-i_ecb.o crypto/idea/libcrypto-lib-i_ofb64.o crypto/idea/libcrypto-lib-i_skey.o crypto/kdf/libcrypto-lib-kdf_err.o crypto/lhash/libcrypto-lib-lh_stats.o crypto/lhash/libcrypto-lib-lhash.o crypto/libcrypto-lib-arm64cpuid.o crypto/libcrypto-lib-armcap.o crypto/libcrypto-lib-asn1_dsa.o crypto/libcrypto-lib-bsearch.o crypto/libcrypto-lib-context.o crypto/libcrypto-lib-core_algorithm.o crypto/libcrypto-lib-core_fetch.o crypto/libcrypto-lib-core_namemap.o crypto/libcrypto-lib-cpt_err.o crypto/libcrypto-lib-cpuid.o crypto/libcrypto-lib-cryptlib.o crypto/libcrypto-lib-ctype.o crypto/libcrypto-lib-cversion.o crypto/libcrypto-lib-der_writer.o crypto/libcrypto-lib-deterministic_nonce.o crypto/libcrypto-lib-ebcdic.o crypto/libcrypto-lib-ex_data.o crypto/libcrypto-lib-getenv.o crypto/libcrypto-lib-info.o crypto/libcrypto-lib-init.o crypto/libcrypto-lib-initthread.o crypto/libcrypto-lib-mem.o crypto/libcrypto-lib-mem_sec.o crypto/libcrypto-lib-o_dir.o crypto/libcrypto-lib-o_fopen.o crypto/libcrypto-lib-o_init.o crypto/libcrypto-lib-o_str.o crypto/libcrypto-lib-o_time.o crypto/libcrypto-lib-packet.o crypto/libcrypto-lib-param_build.o crypto/libcrypto-lib-param_build_set.o crypto/libcrypto-lib-params.o crypto/libcrypto-lib-params_dup.o crypto/libcrypto-lib-params_from_text.o crypto/libcrypto-lib-params_idx.o crypto/libcrypto-lib-passphrase.o crypto/libcrypto-lib-provider.o
ar qc providers/libcommon.a providers/common/der/libcommon-lib-der_digests_gen.o providers/common/der/libcommon-lib-der_dsa_gen.o providers/common/der/libcommon-lib-der_dsa_key.o providers/common/der/libcommon-lib-der_dsa_sig.o providers/common/der/libcommon-lib-der_ec_gen.o providers/common/der/libcommon-lib-der_ec_key.o providers/common/der/libcommon-lib-der_ec_sig.o providers/common/der/libcommon-lib-der_ecx_gen.o providers/common/der/libcommon-lib-der_ecx_key.o providers/common/der/libcommon-lib-der_rsa_gen.o providers/common/der/libcommon-lib-der_rsa_key.o providers/common/der/libcommon-lib-der_wrap_gen.o providers/common/libcommon-lib-provider_ctx.o providers/common/libcommon-lib-provider_err.o providers/implementations/ciphers/libcommon-lib-ciphercommon.o providers/implementations/ciphers/libcommon-lib-ciphercommon_block.o providers/implementations/ciphers/libcommon-lib-ciphercommon_ccm.o providers/implementations/ciphers/libcommon-lib-ciphercommon_ccm_hw.o providers/implementations/ciphers/libcommon-lib-ciphercommon_gcm.o providers/implementations/ciphers/libcommon-lib-ciphercommon_gcm_hw.o providers/implementations/ciphers/libcommon-lib-ciphercommon_hw.o providers/implementations/digests/libcommon-lib-digestcommon.o ssl/record/methods/libcommon-lib-tls_pad.o
ranlib providers/libcommon.a || echo Never mind.
ar qc libcrypto.a crypto/libcrypto-lib-provider_child.o crypto/libcrypto-lib-provider_conf.o crypto/libcrypto-lib-provider_core.o crypto/libcrypto-lib-provider_predefined.o crypto/libcrypto-lib-punycode.o crypto/libcrypto-lib-quic_vlint.o crypto/libcrypto-lib-self_test_core.o crypto/libcrypto-lib-sleep.o crypto/libcrypto-lib-sparse_array.o crypto/libcrypto-lib-threads_lib.o crypto/libcrypto-lib-threads_none.o crypto/libcrypto-lib-threads_pthread.o crypto/libcrypto-lib-threads_win.o crypto/libcrypto-lib-time.o crypto/libcrypto-lib-trace.o crypto/libcrypto-lib-uid.o crypto/md4/libcrypto-lib-md4_dgst.o crypto/md4/libcrypto-lib-md4_one.o crypto/md5/libcrypto-lib-md5-aarch64.o crypto/md5/libcrypto-lib-md5_dgst.o crypto/md5/libcrypto-lib-md5_one.o crypto/md5/libcrypto-lib-md5_sha1.o crypto/mdc2/libcrypto-lib-mdc2_one.o crypto/mdc2/libcrypto-lib-mdc2dgst.o crypto/modes/libcrypto-lib-aes-gcm-armv8-unroll8_64.o crypto/modes/libcrypto-lib-aes-gcm-armv8_64.o crypto/modes/libcrypto-lib-cbc128.o crypto/modes/libcrypto-lib-ccm128.o crypto/modes/libcrypto-lib-cfb128.o crypto/modes/libcrypto-lib-ctr128.o crypto/modes/libcrypto-lib-cts128.o crypto/modes/libcrypto-lib-gcm128.o crypto/modes/libcrypto-lib-ghashv8-armx.o crypto/modes/libcrypto-lib-ocb128.o crypto/modes/libcrypto-lib-ofb128.o crypto/modes/libcrypto-lib-siv128.o crypto/modes/libcrypto-lib-wrap128.o crypto/modes/libcrypto-lib-xts128.o crypto/modes/libcrypto-lib-xts128gb.o crypto/objects/libcrypto-lib-o_names.o crypto/objects/libcrypto-lib-obj_dat.o crypto/objects/libcrypto-lib-obj_err.o crypto/objects/libcrypto-lib-obj_lib.o crypto/objects/libcrypto-lib-obj_xref.o crypto/ocsp/libcrypto-lib-ocsp_asn.o crypto/ocsp/libcrypto-lib-ocsp_cl.o crypto/ocsp/libcrypto-lib-ocsp_err.o crypto/ocsp/libcrypto-lib-ocsp_ext.o crypto/ocsp/libcrypto-lib-ocsp_http.o crypto/ocsp/libcrypto-lib-ocsp_lib.o crypto/ocsp/libcrypto-lib-ocsp_prn.o crypto/ocsp/libcrypto-lib-ocsp_srv.o crypto/ocsp/libcrypto-lib-ocsp_vfy.o crypto/ocsp/libcrypto-lib-v3_ocsp.o crypto/pem/libcrypto-lib-pem_all.o crypto/pem/libcrypto-lib-pem_err.o crypto/pem/libcrypto-lib-pem_info.o crypto/pem/libcrypto-lib-pem_lib.o crypto/pem/libcrypto-lib-pem_oth.o crypto/pem/libcrypto-lib-pem_pk8.o crypto/pem/libcrypto-lib-pem_pkey.o crypto/pem/libcrypto-lib-pem_sign.o crypto/pem/libcrypto-lib-pem_x509.o crypto/pem/libcrypto-lib-pem_xaux.o crypto/pem/libcrypto-lib-pvkfmt.o crypto/pkcs12/libcrypto-lib-p12_add.o crypto/pkcs12/libcrypto-lib-p12_asn.o crypto/pkcs12/libcrypto-lib-p12_attr.o crypto/pkcs12/libcrypto-lib-p12_crpt.o crypto/pkcs12/libcrypto-lib-p12_crt.o crypto/pkcs12/libcrypto-lib-p12_decr.o crypto/pkcs12/libcrypto-lib-p12_init.o crypto/pkcs12/libcrypto-lib-p12_key.o crypto/pkcs12/libcrypto-lib-p12_kiss.o crypto/pkcs12/libcrypto-lib-p12_mutl.o crypto/pkcs12/libcrypto-lib-p12_npas.o crypto/pkcs12/libcrypto-lib-p12_p8d.o crypto/pkcs12/libcrypto-lib-p12_p8e.o crypto/pkcs12/libcrypto-lib-p12_sbag.o crypto/pkcs12/libcrypto-lib-p12_utl.o crypto/pkcs12/libcrypto-lib-pk12err.o crypto/pkcs7/libcrypto-lib-bio_pk7.o crypto/pkcs7/libcrypto-lib-pk7_asn1.o crypto/pkcs7/libcrypto-lib-pk7_attr.o crypto/pkcs7/libcrypto-lib-pk7_doit.o crypto/pkcs7/libcrypto-lib-pk7_lib.o crypto/pkcs7/libcrypto-lib-pk7_mime.o crypto/pkcs7/libcrypto-lib-pk7_smime.o crypto/pkcs7/libcrypto-lib-pkcs7err.o crypto/poly1305/libcrypto-lib-poly1305-armv8.o crypto/poly1305/libcrypto-lib-poly1305.o crypto/property/libcrypto-lib-defn_cache.o crypto/property/libcrypto-lib-property.o crypto/property/libcrypto-lib-property_err.o crypto/property/libcrypto-lib-property_parse.o crypto/property/libcrypto-lib-property_query.o crypto/property/libcrypto-lib-property_string.o crypto/rand/libcrypto-lib-prov_seed.o crypto/rand/libcrypto-lib-rand_deprecated.o crypto/rand/libcrypto-lib-rand_err.o crypto/rand/libcrypto-lib-rand_lib.o crypto/rand/libcrypto-lib-rand_meth.o crypto/rand/libcrypto-lib-rand_pool.o crypto/rand/libcrypto-lib-rand_uniform.o crypto/rand/libcrypto-lib-randfile.o crypto/rc2/libcrypto-lib-rc2_cbc.o crypto/rc2/libcrypto-lib-rc2_ecb.o crypto/rc2/libcrypto-lib-rc2_skey.o crypto/rc2/libcrypto-lib-rc2cfb64.o crypto/rc2/libcrypto-lib-rc2ofb64.o crypto/rc4/libcrypto-lib-rc4_enc.o crypto/rc4/libcrypto-lib-rc4_skey.o crypto/ripemd/libcrypto-lib-rmd_dgst.o crypto/ripemd/libcrypto-lib-rmd_one.o crypto/rsa/libcrypto-lib-rsa_ameth.o crypto/rsa/libcrypto-lib-rsa_asn1.o crypto/rsa/libcrypto-lib-rsa_backend.o crypto/rsa/libcrypto-lib-rsa_chk.o crypto/rsa/libcrypto-lib-rsa_crpt.o crypto/rsa/libcrypto-lib-rsa_depr.o crypto/rsa/libcrypto-lib-rsa_err.o crypto/rsa/libcrypto-lib-rsa_gen.o crypto/rsa/libcrypto-lib-rsa_lib.o crypto/rsa/libcrypto-lib-rsa_meth.o crypto/rsa/libcrypto-lib-rsa_mp.o crypto/rsa/libcrypto-lib-rsa_mp_names.o crypto/rsa/libcrypto-lib-rsa_none.o crypto/rsa/libcrypto-lib-rsa_oaep.o crypto/rsa/libcrypto-lib-rsa_ossl.o crypto/rsa/libcrypto-lib-rsa_pk1.o crypto/rsa/libcrypto-lib-rsa_pmeth.o crypto/rsa/libcrypto-lib-rsa_prn.o crypto/rsa/libcrypto-lib-rsa_pss.o crypto/rsa/libcrypto-lib-rsa_saos.o crypto/rsa/libcrypto-lib-rsa_schemes.o crypto/rsa/libcrypto-lib-rsa_sign.o crypto/rsa/libcrypto-lib-rsa_sp800_56b_check.o crypto/rsa/libcrypto-lib-rsa_sp800_56b_gen.o crypto/rsa/libcrypto-lib-rsa_x931.o crypto/rsa/libcrypto-lib-rsa_x931g.o crypto/seed/libcrypto-lib-seed.o crypto/seed/libcrypto-lib-seed_cbc.o crypto/seed/libcrypto-lib-seed_cfb.o crypto/seed/libcrypto-lib-seed_ecb.o crypto/seed/libcrypto-lib-seed_ofb.o crypto/sha/libcrypto-lib-keccak1600-armv8.o crypto/sha/libcrypto-lib-sha1-armv8.o crypto/sha/libcrypto-lib-sha1_one.o crypto/sha/libcrypto-lib-sha1dgst.o crypto/sha/libcrypto-lib-sha256-armv8.o crypto/sha/libcrypto-lib-sha256.o crypto/sha/libcrypto-lib-sha3.o crypto/sha/libcrypto-lib-sha512-armv8.o crypto/sha/libcrypto-lib-sha512.o crypto/siphash/libcrypto-lib-siphash.o crypto/sm2/libcrypto-lib-sm2_crypt.o crypto/sm2/libcrypto-lib-sm2_err.o crypto/sm2/libcrypto-lib-sm2_key.o crypto/sm2/libcrypto-lib-sm2_sign.o crypto/sm3/libcrypto-lib-legacy_sm3.o crypto/sm3/libcrypto-lib-sm3-armv8.o crypto/sm3/libcrypto-lib-sm3.o crypto/sm4/libcrypto-lib-sm4-armv8.o crypto/sm4/libcrypto-lib-sm4.o crypto/sm4/libcrypto-lib-vpsm4-armv8.o crypto/sm4/libcrypto-lib-vpsm4_ex-armv8.o crypto/srp/libcrypto-lib-srp_lib.o crypto/srp/libcrypto-lib-srp_vfy.o crypto/stack/libcrypto-lib-stack.o crypto/store/libcrypto-lib-store_err.o crypto/store/libcrypto-lib-store_init.o crypto/store/libcrypto-lib-store_lib.o crypto/store/libcrypto-lib-store_meth.o crypto/store/libcrypto-lib-store_register.o crypto/store/libcrypto-lib-store_result.o crypto/store/libcrypto-lib-store_strings.o crypto/thread/arch/libcrypto-lib-thread_none.o crypto/thread/arch/libcrypto-lib-thread_posix.o crypto/thread/arch/libcrypto-lib-thread_win.o crypto/thread/libcrypto-lib-api.o crypto/thread/libcrypto-lib-arch.o crypto/thread/libcrypto-lib-internal.o crypto/ts/libcrypto-lib-ts_asn1.o crypto/ts/libcrypto-lib-ts_conf.o crypto/ts/libcrypto-lib-ts_err.o crypto/ts/libcrypto-lib-ts_lib.o crypto/ts/libcrypto-lib-ts_req_print.o crypto/ts/libcrypto-lib-ts_req_utils.o crypto/ts/libcrypto-lib-ts_rsp_print.o crypto/ts/libcrypto-lib-ts_rsp_sign.o crypto/ts/libcrypto-lib-ts_rsp_utils.o crypto/ts/libcrypto-lib-ts_rsp_verify.o crypto/ts/libcrypto-lib-ts_verify_ctx.o crypto/txt_db/libcrypto-lib-txt_db.o crypto/ui/libcrypto-lib-ui_err.o crypto/ui/libcrypto-lib-ui_lib.o crypto/ui/libcrypto-lib-ui_null.o crypto/ui/libcrypto-lib-ui_openssl.o crypto/ui/libcrypto-lib-ui_util.o crypto/whrlpool/libcrypto-lib-wp_block.o crypto/whrlpool/libcrypto-lib-wp_dgst.o crypto/x509/libcrypto-lib-by_dir.o crypto/x509/libcrypto-lib-by_file.o crypto/x509/libcrypto-lib-by_store.o crypto/x509/libcrypto-lib-pcy_cache.o crypto/x509/libcrypto-lib-pcy_data.o crypto/x509/libcrypto-lib-pcy_lib.o crypto/x509/libcrypto-lib-pcy_map.o crypto/x509/libcrypto-lib-pcy_node.o crypto/x509/libcrypto-lib-pcy_tree.o crypto/x509/libcrypto-lib-t_crl.o crypto/x509/libcrypto-lib-t_req.o crypto/x509/libcrypto-lib-t_x509.o crypto/x509/libcrypto-lib-v3_addr.o crypto/x509/libcrypto-lib-v3_admis.o crypto/x509/libcrypto-lib-v3_akeya.o crypto/x509/libcrypto-lib-v3_akid.o crypto/x509/libcrypto-lib-v3_asid.o crypto/x509/libcrypto-lib-v3_bcons.o crypto/x509/libcrypto-lib-v3_bitst.o crypto/x509/libcrypto-lib-v3_conf.o crypto/x509/libcrypto-lib-v3_cpols.o crypto/x509/libcrypto-lib-v3_crld.o crypto/x509/libcrypto-lib-v3_enum.o crypto/x509/libcrypto-lib-v3_extku.o crypto/x509/libcrypto-lib-v3_genn.o crypto/x509/libcrypto-lib-v3_group_ac.o crypto/x509/libcrypto-lib-v3_ia5.o crypto/x509/libcrypto-lib-v3_ind_iss.o crypto/x509/libcrypto-lib-v3_info.o crypto/x509/libcrypto-lib-v3_int.o crypto/x509/libcrypto-lib-v3_ist.o crypto/x509/libcrypto-lib-v3_lib.o crypto/x509/libcrypto-lib-v3_ncons.o crypto/x509/libcrypto-lib-v3_no_ass.o crypto/x509/libcrypto-lib-v3_no_rev_avail.o crypto/x509/libcrypto-lib-v3_pci.o crypto/x509/libcrypto-lib-v3_pcia.o crypto/x509/libcrypto-lib-v3_pcons.o crypto/x509/libcrypto-lib-v3_pku.o crypto/x509/libcrypto-lib-v3_pmaps.o crypto/x509/libcrypto-lib-v3_prn.o crypto/x509/libcrypto-lib-v3_purp.o crypto/x509/libcrypto-lib-v3_san.o crypto/x509/libcrypto-lib-v3_single_use.o crypto/x509/libcrypto-lib-v3_skid.o crypto/x509/libcrypto-lib-v3_soa_id.o crypto/x509/libcrypto-lib-v3_sxnet.o crypto/x509/libcrypto-lib-v3_tlsf.o crypto/x509/libcrypto-lib-v3_utf8.o crypto/x509/libcrypto-lib-v3_utl.o crypto/x509/libcrypto-lib-v3err.o crypto/x509/libcrypto-lib-x509_att.o crypto/x509/libcrypto-lib-x509_cmp.o crypto/x509/libcrypto-lib-x509_d2.o crypto/x509/libcrypto-lib-x509_def.o crypto/x509/libcrypto-lib-x509_err.o crypto/x509/libcrypto-lib-x509_ext.o crypto/x509/libcrypto-lib-x509_lu.o crypto/x509/libcrypto-lib-x509_meth.o crypto/x509/libcrypto-lib-x509_obj.o crypto/x509/libcrypto-lib-x509_r2x.o crypto/x509/libcrypto-lib-x509_req.o crypto/x509/libcrypto-lib-x509_set.o crypto/x509/libcrypto-lib-x509_trust.o crypto/x509/libcrypto-lib-x509_txt.o crypto/x509/libcrypto-lib-x509_v3.o crypto/x509/libcrypto-lib-x509_vfy.o crypto/x509/libcrypto-lib-x509_vpm.o crypto/x509/libcrypto-lib-x509cset.o crypto/x509/libcrypto-lib-x509name.o crypto/x509/libcrypto-lib-x509rset.o crypto/x509/libcrypto-lib-x509spki.o crypto/x509/libcrypto-lib-x509type.o crypto/x509/libcrypto-lib-x_all.o crypto/x509/libcrypto-lib-x_attrib.o crypto/x509/libcrypto-lib-x_crl.o crypto/x509/libcrypto-lib-x_exten.o crypto/x509/libcrypto-lib-x_name.o crypto/x509/libcrypto-lib-x_pubkey.o crypto/x509/libcrypto-lib-x_req.o crypto/x509/libcrypto-lib-x_x509.o crypto/x509/libcrypto-lib-x_x509a.o engines/libcrypto-lib-e_afalg.o engines/libcrypto-lib-e_capi.o engines/libcrypto-lib-e_padlock.o providers/libcrypto-lib-baseprov.o providers/libcrypto-lib-defltprov.o providers/libcrypto-lib-nullprov.o providers/libcrypto-lib-prov_running.o providers/common/der/libdefault-lib-der_rsa_sig.o providers/common/der/libdefault-lib-der_sm2_gen.o providers/common/der/libdefault-lib-der_sm2_key.o providers/common/der/libdefault-lib-der_sm2_sig.o providers/common/libdefault-lib-bio_prov.o providers/common/libdefault-lib-capabilities.o providers/common/libdefault-lib-digest_to_nid.o providers/common/libdefault-lib-provider_seeding.o providers/common/libdefault-lib-provider_util.o providers/common/libdefault-lib-securitycheck.o providers/common/libdefault-lib-securitycheck_default.o providers/implementations/asymciphers/libdefault-lib-rsa_enc.o providers/implementations/asymciphers/libdefault-lib-sm2_enc.o providers/implementations/ciphers/libdefault-lib-cipher_aes.o providers/implementations/ciphers/libdefault-lib-cipher_aes_cbc_hmac_sha.o providers/implementations/ciphers/libdefault-lib-cipher_aes_cbc_hmac_sha1_hw.o providers/implementations/ciphers/libdefault-lib-cipher_aes_cbc_hmac_sha256_hw.o providers/implementations/ciphers/libdefault-lib-cipher_aes_ccm.o providers/implementations/ciphers/libdefault-lib-cipher_aes_ccm_hw.o providers/implementations/ciphers/libdefault-lib-cipher_aes_gcm.o providers/implementations/ciphers/libdefault-lib-cipher_aes_gcm_hw.o providers/implementations/ciphers/libdefault-lib-cipher_aes_gcm_siv.o providers/implementations/ciphers/libdefault-lib-cipher_aes_gcm_siv_hw.o providers/implementations/ciphers/libdefault-lib-cipher_aes_gcm_siv_polyval.o providers/implementations/ciphers/libdefault-lib-cipher_aes_hw.o providers/implementations/ciphers/libdefault-lib-cipher_aes_ocb.o providers/implementations/ciphers/libdefault-lib-cipher_aes_ocb_hw.o providers/implementations/ciphers/libdefault-lib-cipher_aes_siv.o providers/implementations/ciphers/libdefault-lib-cipher_aes_siv_hw.o providers/implementations/ciphers/libdefault-lib-cipher_aes_wrp.o providers/implementations/ciphers/libdefault-lib-cipher_aes_xts.o providers/implementations/ciphers/libdefault-lib-cipher_aes_xts_fips.o providers/implementations/ciphers/libdefault-lib-cipher_aes_xts_hw.o providers/implementations/ciphers/libdefault-lib-cipher_aria.o providers/implementations/ciphers/libdefault-lib-cipher_aria_ccm.o providers/implementations/ciphers/libdefault-lib-cipher_aria_ccm_hw.o providers/implementations/ciphers/libdefault-lib-cipher_aria_gcm.o providers/implementations/ciphers/libdefault-lib-cipher_aria_gcm_hw.o providers/implementations/ciphers/libdefault-lib-cipher_aria_hw.o providers/implementations/ciphers/libdefault-lib-cipher_camellia.o providers/implementations/ciphers/libdefault-lib-cipher_camellia_hw.o providers/implementations/ciphers/libdefault-lib-cipher_chacha20.o providers/implementations/ciphers/libdefault-lib-cipher_chacha20_hw.o providers/implementations/ciphers/libdefault-lib-cipher_chacha20_poly1305.o providers/implementations/ciphers/libdefault-lib-cipher_chacha20_poly1305_hw.o providers/implementations/ciphers/libdefault-lib-cipher_cts.o providers/implementations/ciphers/libdefault-lib-cipher_null.o providers/implementations/ciphers/libdefault-lib-cipher_sm4.o providers/implementations/ciphers/libdefault-lib-cipher_sm4_ccm.o providers/implementations/ciphers/libdefault-lib-cipher_sm4_ccm_hw.o providers/implementations/ciphers/libdefault-lib-cipher_sm4_gcm.o providers/implementations/ciphers/libdefault-lib-cipher_sm4_gcm_hw.o providers/implementations/ciphers/libdefault-lib-cipher_sm4_hw.o providers/implementations/ciphers/libdefault-lib-cipher_sm4_xts.o providers/implementations/ciphers/libdefault-lib-cipher_sm4_xts_hw.o providers/implementations/ciphers/libdefault-lib-cipher_tdes.o providers/implementations/ciphers/libdefault-lib-cipher_tdes_common.o providers/implementations/ciphers/libdefault-lib-cipher_tdes_default.o providers/implementations/ciphers/libdefault-lib-cipher_tdes_default_hw.o providers/implementations/ciphers/libdefault-lib-cipher_tdes_hw.o providers/implementations/ciphers/libdefault-lib-cipher_tdes_wrap.o providers/implementations/ciphers/libdefault-lib-cipher_tdes_wrap_hw.o providers/implementations/digests/libdefault-lib-blake2_prov.o providers/implementations/digests/libdefault-lib-blake2b_prov.o providers/implementations/digests/libdefault-lib-blake2s_prov.o providers/implementations/digests/libdefault-lib-md5_prov.o providers/implementations/digests/libdefault-lib-md5_sha1_prov.o providers/implementations/digests/libdefault-lib-null_prov.o providers/implementations/digests/libdefault-lib-ripemd_prov.o providers/implementations/digests/libdefault-lib-sha2_prov.o providers/implementations/digests/libdefault-lib-sha3_prov.o providers/implementations/digests/libdefault-lib-sm3_prov.o providers/implementations/encode_decode/libdefault-lib-decode_der2key.o providers/implementations/encode_decode/libdefault-lib-decode_epki2pki.o providers/implementations/encode_decode/libdefault-lib-decode_msblob2key.o providers/implementations/encode_decode/libdefault-lib-decode_pem2der.o providers/implementations/encode_decode/libdefault-lib-decode_pvk2key.o providers/implementations/encode_decode/libdefault-lib-decode_spki2typespki.o providers/implementations/encode_decode/libdefault-lib-encode_key2any.o providers/implementations/encode_decode/libdefault-lib-encode_key2blob.o providers/implementations/encode_decode/libdefault-lib-encode_key2ms.o providers/implementations/encode_decode/libdefault-lib-encode_key2text.o providers/implementations/encode_decode/libdefault-lib-endecoder_common.o providers/implementations/exchange/libdefault-lib-dh_exch.o providers/implementations/exchange/libdefault-lib-ecdh_exch.o providers/implementations/exchange/libdefault-lib-ecx_exch.o providers/implementations/exchange/libdefault-lib-kdf_exch.o providers/implementations/kdfs/libdefault-lib-argon2.o providers/implementations/kdfs/libdefault-lib-hkdf.o providers/implementations/kdfs/libdefault-lib-hmacdrbg_kdf.o providers/implementations/kdfs/libdefault-lib-kbkdf.o providers/implementations/kdfs/libdefault-lib-krb5kdf.o providers/implementations/kdfs/libdefault-lib-pbkdf2.o providers/implementations/kdfs/libdefault-lib-pbkdf2_fips.o providers/implementations/kdfs/libdefault-lib-pkcs12kdf.o providers/implementations/kdfs/libdefault-lib-scrypt.o providers/implementations/kdfs/libdefault-lib-sshkdf.o providers/implementations/kdfs/libdefault-lib-sskdf.o providers/implementations/kdfs/libdefault-lib-tls1_prf.o providers/implementations/kdfs/libdefault-lib-x942kdf.o providers/implementations/kem/libdefault-lib-ec_kem.o providers/implementations/kem/libdefault-lib-ecx_kem.o providers/implementations/kem/libdefault-lib-kem_util.o providers/implementations/kem/libdefault-lib-rsa_kem.o providers/implementations/keymgmt/libdefault-lib-dh_kmgmt.o providers/implementations/keymgmt/libdefault-lib-dsa_kmgmt.o providers/implementations/keymgmt/libdefault-lib-ec_kmgmt.o providers/implementations/keymgmt/libdefault-lib-ecx_kmgmt.o providers/implementations/keymgmt/libdefault-lib-kdf_legacy_kmgmt.o providers/implementations/keymgmt/libdefault-lib-mac_legacy_kmgmt.o providers/implementations/keymgmt/libdefault-lib-rsa_kmgmt.o providers/implementations/macs/libdefault-lib-blake2b_mac.o providers/implementations/macs/libdefault-lib-blake2s_mac.o providers/implementations/macs/libdefault-lib-cmac_prov.o providers/implementations/macs/libdefault-lib-gmac_prov.o providers/implementations/macs/libdefault-lib-hmac_prov.o providers/implementations/macs/libdefault-lib-kmac_prov.o providers/implementations/macs/libdefault-lib-poly1305_prov.o providers/implementations/macs/libdefault-lib-siphash_prov.o providers/implementations/rands/libdefault-lib-crngt.o providers/implementations/rands/libdefault-lib-drbg.o providers/implementations/rands/libdefault-lib-drbg_ctr.o providers/implementations/rands/libdefault-lib-drbg_hash.o providers/implementations/rands/libdefault-lib-drbg_hmac.o providers/implementations/rands/libdefault-lib-seed_src.o providers/implementations/rands/libdefault-lib-test_rng.o providers/implementations/rands/seeding/libdefault-lib-rand_cpu_arm64.o providers/implementations/rands/seeding/libdefault-lib-rand_tsc.o providers/implementations/rands/seeding/libdefault-lib-rand_unix.o providers/implementations/rands/seeding/libdefault-lib-rand_win.o providers/implementations/signature/libdefault-lib-dsa_sig.o providers/implementations/signature/libdefault-lib-ecdsa_sig.o providers/implementations/signature/libdefault-lib-eddsa_sig.o providers/implementations/signature/libdefault-lib-mac_legacy_sig.o providers/implementations/signature/libdefault-lib-rsa_sig.o providers/implementations/signature/libdefault-lib-sm2_sig.o providers/implementations/storemgmt/libdefault-lib-file_store.o providers/implementations/storemgmt/libdefault-lib-file_store_any2obj.o ssl/record/methods/libdefault-lib-ssl3_cbc.o providers/common/der/libcommon-lib-der_digests_gen.o providers/common/der/libcommon-lib-der_dsa_gen.o providers/common/der/libcommon-lib-der_dsa_key.o providers/common/der/libcommon-lib-der_dsa_sig.o providers/common/der/libcommon-lib-der_ec_gen.o providers/common/der/libcommon-lib-der_ec_key.o providers/common/der/libcommon-lib-der_ec_sig.o providers/common/der/libcommon-lib-der_ecx_gen.o providers/common/der/libcommon-lib-der_ecx_key.o providers/common/der/libcommon-lib-der_rsa_gen.o providers/common/der/libcommon-lib-der_rsa_key.o providers/common/der/libcommon-lib-der_wrap_gen.o providers/common/libcommon-lib-provider_ctx.o providers/common/libcommon-lib-provider_err.o providers/implementations/ciphers/libcommon-lib-ciphercommon.o providers/implementations/ciphers/libcommon-lib-ciphercommon_block.o providers/implementations/ciphers/libcommon-lib-ciphercommon_ccm.o providers/implementations/ciphers/libcommon-lib-ciphercommon_ccm_hw.o providers/implementations/ciphers/libcommon-lib-ciphercommon_gcm.o providers/implementations/ciphers/libcommon-lib-ciphercommon_gcm_hw.o providers/implementations/ciphers/libcommon-lib-ciphercommon_hw.o providers/implementations/digests/libcommon-lib-digestcommon.o ssl/record/methods/libcommon-lib-tls_pad.o
ranlib libcrypto.a || echo Never mind.
gcc  -Iapps -I. -Iinclude -Iapps/include  -pthread -Wa,--noexecstack -Wall -O3 -DOPENSSL_BUILDING_OPENSSL -DNDEBUG  -MMD -MF apps/lib/openssl-bin-cmp_mock_srv.d.tmp -MT apps/lib/openssl-bin-cmp_mock_srv.o -c -o apps/lib/openssl-bin-cmp_mock_srv.o apps/lib/cmp_mock_srv.c
gcc  -Iapps -I. -Iinclude -Iapps/include  -pthread -Wa,--noexecstack -Wall -O3 -DOPENSSL_BUILDING_OPENSSL -DNDEBUG  -MMD -MF apps/openssl-bin-asn1parse.d.tmp -MT apps/openssl-bin-asn1parse.o -c -o apps/openssl-bin-asn1parse.o apps/asn1parse.c
gcc  -Iapps -I. -Iinclude -Iapps/include  -pthread -Wa,--noexecstack -Wall -O3 -DOPENSSL_BUILDING_OPENSSL -DNDEBUG  -MMD -MF apps/openssl-bin-ca.d.tmp -MT apps/openssl-bin-ca.o -c -o apps/openssl-bin-ca.o apps/ca.c
gcc  -Iapps -I. -Iinclude -Iapps/include  -pthread -Wa,--noexecstack -Wall -O3 -DOPENSSL_BUILDING_OPENSSL -DNDEBUG  -MMD -MF apps/openssl-bin-ciphers.d.tmp -MT apps/openssl-bin-ciphers.o -c -o apps/openssl-bin-ciphers.o apps/ciphers.c
gcc  -Iapps -I. -Iinclude -Iapps/include  -pthread -Wa,--noexecstack -Wall -O3 -DOPENSSL_BUILDING_OPENSSL -DNDEBUG  -MMD -MF apps/openssl-bin-cmp.d.tmp -MT apps/openssl-bin-cmp.o -c -o apps/openssl-bin-cmp.o apps/cmp.c
gcc  -Iapps -I. -Iinclude -Iapps/include  -pthread -Wa,--noexecstack -Wall -O3 -DOPENSSL_BUILDING_OPENSSL -DNDEBUG  -MMD -MF apps/openssl-bin-cms.d.tmp -MT apps/openssl-bin-cms.o -c -o apps/openssl-bin-cms.o apps/cms.c
gcc  -Iapps -I. -Iinclude -Iapps/include  -pthread -Wa,--noexecstack -Wall -O3 -DOPENSSL_BUILDING_OPENSSL -DNDEBUG  -MMD -MF apps/openssl-bin-crl.d.tmp -MT apps/openssl-bin-crl.o -c -o apps/openssl-bin-crl.o apps/crl.c
gcc  -Iapps -I. -Iinclude -Iapps/include  -pthread -Wa,--noexecstack -Wall -O3 -DOPENSSL_BUILDING_OPENSSL -DNDEBUG  -MMD -MF apps/openssl-bin-crl2pkcs7.d.tmp -MT apps/openssl-bin-crl2pkcs7.o -c -o apps/openssl-bin-crl2pkcs7.o apps/crl2pkcs7.c
gcc  -Iapps -I. -Iinclude -Iapps/include  -pthread -Wa,--noexecstack -Wall -O3 -DOPENSSL_BUILDING_OPENSSL -DNDEBUG  -MMD -MF apps/openssl-bin-dgst.d.tmp -MT apps/openssl-bin-dgst.o -c -o apps/openssl-bin-dgst.o apps/dgst.c
gcc  -Iapps -I. -Iinclude -Iapps/include  -pthread -Wa,--noexecstack -Wall -O3 -DOPENSSL_BUILDING_OPENSSL -DNDEBUG  -MMD -MF apps/openssl-bin-dhparam.d.tmp -MT apps/openssl-bin-dhparam.o -c -o apps/openssl-bin-dhparam.o apps/dhparam.c
gcc  -Iapps -I. -Iinclude -Iapps/include  -pthread -Wa,--noexecstack -Wall -O3 -DOPENSSL_BUILDING_OPENSSL -DNDEBUG  -MMD -MF apps/openssl-bin-dsa.d.tmp -MT apps/openssl-bin-dsa.o -c -o apps/openssl-bin-dsa.o apps/dsa.c
gcc  -Iapps -I. -Iinclude -Iapps/include  -pthread -Wa,--noexecstack -Wall -O3 -DOPENSSL_BUILDING_OPENSSL -DNDEBUG  -MMD -MF apps/openssl-bin-dsaparam.d.tmp -MT apps/openssl-bin-dsaparam.o -c -o apps/openssl-bin-dsaparam.o apps/dsaparam.c
gcc  -Iapps -I. -Iinclude -Iapps/include  -pthread -Wa,--noexecstack -Wall -O3 -DOPENSSL_BUILDING_OPENSSL -DNDEBUG  -MMD -MF apps/openssl-bin-ec.d.tmp -MT apps/openssl-bin-ec.o -c -o apps/openssl-bin-ec.o apps/ec.c
gcc  -Iapps -I. -Iinclude -Iapps/include  -pthread -Wa,--noexecstack -Wall -O3 -DOPENSSL_BUILDING_OPENSSL -DNDEBUG  -MMD -MF apps/openssl-bin-ecparam.d.tmp -MT apps/openssl-bin-ecparam.o -c -o apps/openssl-bin-ecparam.o apps/ecparam.c
gcc  -Iapps -I. -Iinclude -Iapps/include  -pthread -Wa,--noexecstack -Wall -O3 -DOPENSSL_BUILDING_OPENSSL -DNDEBUG  -MMD -MF apps/openssl-bin-enc.d.tmp -MT apps/openssl-bin-enc.o -c -o apps/openssl-bin-enc.o apps/enc.c
gcc  -Iapps -I. -Iinclude -Iapps/include  -pthread -Wa,--noexecstack -Wall -O3 -DOPENSSL_BUILDING_OPENSSL -DNDEBUG  -MMD -MF apps/openssl-bin-engine.d.tmp -MT apps/openssl-bin-engine.o -c -o apps/openssl-bin-engine.o apps/engine.c
gcc  -Iapps -I. -Iinclude -Iapps/include  -pthread -Wa,--noexecstack -Wall -O3 -DOPENSSL_BUILDING_OPENSSL -DNDEBUG  -MMD -MF apps/openssl-bin-errstr.d.tmp -MT apps/openssl-bin-errstr.o -c -o apps/openssl-bin-errstr.o apps/errstr.c
gcc  -Iapps -I. -Iinclude -Iapps/include  -pthread -Wa,--noexecstack -Wall -O3 -DOPENSSL_BUILDING_OPENSSL -DNDEBUG  -MMD -MF apps/openssl-bin-fipsinstall.d.tmp -MT apps/openssl-bin-fipsinstall.o -c -o apps/openssl-bin-fipsinstall.o apps/fipsinstall.c
gcc  -Iapps -I. -Iinclude -Iapps/include  -pthread -Wa,--noexecstack -Wall -O3 -DOPENSSL_BUILDING_OPENSSL -DNDEBUG  -MMD -MF apps/openssl-bin-gendsa.d.tmp -MT apps/openssl-bin-gendsa.o -c -o apps/openssl-bin-gendsa.o apps/gendsa.c
gcc  -Iapps -I. -Iinclude -Iapps/include  -pthread -Wa,--noexecstack -Wall -O3 -DOPENSSL_BUILDING_OPENSSL -DNDEBUG  -MMD -MF apps/openssl-bin-genpkey.d.tmp -MT apps/openssl-bin-genpkey.o -c -o apps/openssl-bin-genpkey.o apps/genpkey.c
gcc  -Iapps -I. -Iinclude -Iapps/include  -pthread -Wa,--noexecstack -Wall -O3 -DOPENSSL_BUILDING_OPENSSL -DNDEBUG  -MMD -MF apps/openssl-bin-genrsa.d.tmp -MT apps/openssl-bin-genrsa.o -c -o apps/openssl-bin-genrsa.o apps/genrsa.c
gcc  -Iapps -I. -Iinclude -Iapps/include  -pthread -Wa,--noexecstack -Wall -O3 -DOPENSSL_BUILDING_OPENSSL -DNDEBUG  -MMD -MF apps/openssl-bin-info.d.tmp -MT apps/openssl-bin-info.o -c -o apps/openssl-bin-info.o apps/info.c
gcc  -Iapps -I. -Iinclude -Iapps/include  -pthread -Wa,--noexecstack -Wall -O3 -DOPENSSL_BUILDING_OPENSSL -DNDEBUG  -MMD -MF apps/openssl-bin-kdf.d.tmp -MT apps/openssl-bin-kdf.o -c -o apps/openssl-bin-kdf.o apps/kdf.c
gcc  -Iapps -I. -Iinclude -Iapps/include  -pthread -Wa,--noexecstack -Wall -O3 -DOPENSSL_BUILDING_OPENSSL -DNDEBUG  -MMD -MF apps/openssl-bin-list.d.tmp -MT apps/openssl-bin-list.o -c -o apps/openssl-bin-list.o apps/list.c
gcc  -Iapps -I. -Iinclude -Iapps/include  -pthread -Wa,--noexecstack -Wall -O3 -DOPENSSL_BUILDING_OPENSSL -DNDEBUG  -MMD -MF apps/openssl-bin-mac.d.tmp -MT apps/openssl-bin-mac.o -c -o apps/openssl-bin-mac.o apps/mac.c
gcc  -Iapps -I. -Iinclude -Iapps/include  -pthread -Wa,--noexecstack -Wall -O3 -DOPENSSL_BUILDING_OPENSSL -DNDEBUG  -MMD -MF apps/openssl-bin-nseq.d.tmp -MT apps/openssl-bin-nseq.o -c -o apps/openssl-bin-nseq.o apps/nseq.c
gcc  -Iapps -I. -Iinclude -Iapps/include  -pthread -Wa,--noexecstack -Wall -O3 -DOPENSSL_BUILDING_OPENSSL -DNDEBUG  -MMD -MF apps/openssl-bin-ocsp.d.tmp -MT apps/openssl-bin-ocsp.o -c -o apps/openssl-bin-ocsp.o apps/ocsp.c
gcc  -Iapps -I. -Iinclude -Iapps/include  -pthread -Wa,--noexecstack -Wall -O3 -DOPENSSL_BUILDING_OPENSSL -DNDEBUG  -MMD -MF apps/openssl-bin-openssl.d.tmp -MT apps/openssl-bin-openssl.o -c -o apps/openssl-bin-openssl.o apps/openssl.c
gcc  -Iapps -I. -Iinclude -Iapps/include  -pthread -Wa,--noexecstack -Wall -O3 -DOPENSSL_BUILDING_OPENSSL -DNDEBUG  -MMD -MF apps/openssl-bin-passwd.d.tmp -MT apps/openssl-bin-passwd.o -c -o apps/openssl-bin-passwd.o apps/passwd.c
gcc  -Iapps -I. -Iinclude -Iapps/include  -pthread -Wa,--noexecstack -Wall -O3 -DOPENSSL_BUILDING_OPENSSL -DNDEBUG  -MMD -MF apps/openssl-bin-pkcs12.d.tmp -MT apps/openssl-bin-pkcs12.o -c -o apps/openssl-bin-pkcs12.o apps/pkcs12.c
gcc  -Iapps -I. -Iinclude -Iapps/include  -pthread -Wa,--noexecstack -Wall -O3 -DOPENSSL_BUILDING_OPENSSL -DNDEBUG  -MMD -MF apps/openssl-bin-pkcs7.d.tmp -MT apps/openssl-bin-pkcs7.o -c -o apps/openssl-bin-pkcs7.o apps/pkcs7.c
gcc  -Iapps -I. -Iinclude -Iapps/include  -pthread -Wa,--noexecstack -Wall -O3 -DOPENSSL_BUILDING_OPENSSL -DNDEBUG  -MMD -MF apps/openssl-bin-pkcs8.d.tmp -MT apps/openssl-bin-pkcs8.o -c -o apps/openssl-bin-pkcs8.o apps/pkcs8.c
gcc  -Iapps -I. -Iinclude -Iapps/include  -pthread -Wa,--noexecstack -Wall -O3 -DOPENSSL_BUILDING_OPENSSL -DNDEBUG  -MMD -MF apps/openssl-bin-pkey.d.tmp -MT apps/openssl-bin-pkey.o -c -o apps/openssl-bin-pkey.o apps/pkey.c
gcc  -Iapps -I. -Iinclude -Iapps/include  -pthread -Wa,--noexecstack -Wall -O3 -DOPENSSL_BUILDING_OPENSSL -DNDEBUG  -MMD -MF apps/openssl-bin-pkeyparam.d.tmp -MT apps/openssl-bin-pkeyparam.o -c -o apps/openssl-bin-pkeyparam.o apps/pkeyparam.c
gcc  -Iapps -I. -Iinclude -Iapps/include  -pthread -Wa,--noexecstack -Wall -O3 -DOPENSSL_BUILDING_OPENSSL -DNDEBUG  -MMD -MF apps/openssl-bin-pkeyutl.d.tmp -MT apps/openssl-bin-pkeyutl.o -c -o apps/openssl-bin-pkeyutl.o apps/pkeyutl.c
gcc  -Iapps -I. -Iinclude -Iapps/include  -pthread -Wa,--noexecstack -Wall -O3 -DOPENSSL_BUILDING_OPENSSL -DNDEBUG  -MMD -MF apps/openssl-bin-prime.d.tmp -MT apps/openssl-bin-prime.o -c -o apps/openssl-bin-prime.o apps/prime.c
gcc  -Iapps -I. -Iinclude -Iapps/include  -pthread -Wa,--noexecstack -Wall -O3 -DOPENSSL_BUILDING_OPENSSL -DNDEBUG  -MMD -MF apps/openssl-bin-progs.d.tmp -MT apps/openssl-bin-progs.o -c -o apps/openssl-bin-progs.o apps/progs.c
gcc  -Iapps -I. -Iinclude -Iapps/include  -pthread -Wa,--noexecstack -Wall -O3 -DOPENSSL_BUILDING_OPENSSL -DNDEBUG  -MMD -MF apps/openssl-bin-rand.d.tmp -MT apps/openssl-bin-rand.o -c -o apps/openssl-bin-rand.o apps/rand.c
gcc  -Iapps -I. -Iinclude -Iapps/include  -pthread -Wa,--noexecstack -Wall -O3 -DOPENSSL_BUILDING_OPENSSL -DNDEBUG  -MMD -MF apps/openssl-bin-rehash.d.tmp -MT apps/openssl-bin-rehash.o -c -o apps/openssl-bin-rehash.o apps/rehash.c
gcc  -Iapps -I. -Iinclude -Iapps/include  -pthread -Wa,--noexecstack -Wall -O3 -DOPENSSL_BUILDING_OPENSSL -DNDEBUG  -MMD -MF apps/openssl-bin-req.d.tmp -MT apps/openssl-bin-req.o -c -o apps/openssl-bin-req.o apps/req.c
gcc  -Iapps -I. -Iinclude -Iapps/include  -pthread -Wa,--noexecstack -Wall -O3 -DOPENSSL_BUILDING_OPENSSL -DNDEBUG  -MMD -MF apps/openssl-bin-rsa.d.tmp -MT apps/openssl-bin-rsa.o -c -o apps/openssl-bin-rsa.o apps/rsa.c
gcc  -Iapps -I. -Iinclude -Iapps/include  -pthread -Wa,--noexecstack -Wall -O3 -DOPENSSL_BUILDING_OPENSSL -DNDEBUG  -MMD -MF apps/openssl-bin-rsautl.d.tmp -MT apps/openssl-bin-rsautl.o -c -o apps/openssl-bin-rsautl.o apps/rsautl.c
gcc  -Iapps -I. -Iinclude -Iapps/include  -pthread -Wa,--noexecstack -Wall -O3 -DOPENSSL_BUILDING_OPENSSL -DNDEBUG  -MMD -MF apps/openssl-bin-s_client.d.tmp -MT apps/openssl-bin-s_client.o -c -o apps/openssl-bin-s_client.o apps/s_client.c
gcc  -Iapps -I. -Iinclude -Iapps/include  -pthread -Wa,--noexecstack -Wall -O3 -DOPENSSL_BUILDING_OPENSSL -DNDEBUG  -MMD -MF apps/openssl-bin-s_server.d.tmp -MT apps/openssl-bin-s_server.o -c -o apps/openssl-bin-s_server.o apps/s_server.c
gcc  -Iapps -I. -Iinclude -Iapps/include  -pthread -Wa,--noexecstack -Wall -O3 -DOPENSSL_BUILDING_OPENSSL -DNDEBUG  -MMD -MF apps/openssl-bin-s_time.d.tmp -MT apps/openssl-bin-s_time.o -c -o apps/openssl-bin-s_time.o apps/s_time.c
gcc  -Iapps -I. -Iinclude -Iapps/include  -pthread -Wa,--noexecstack -Wall -O3 -DOPENSSL_BUILDING_OPENSSL -DNDEBUG  -MMD -MF apps/openssl-bin-sess_id.d.tmp -MT apps/openssl-bin-sess_id.o -c -o apps/openssl-bin-sess_id.o apps/sess_id.c
gcc  -Iapps -I. -Iinclude -Iapps/include  -pthread -Wa,--noexecstack -Wall -O3 -DOPENSSL_BUILDING_OPENSSL -DNDEBUG  -MMD -MF apps/openssl-bin-smime.d.tmp -MT apps/openssl-bin-smime.o -c -o apps/openssl-bin-smime.o apps/smime.c
gcc  -Iapps -I. -Iinclude -Iapps/include  -pthread -Wa,--noexecstack -Wall -O3 -DOPENSSL_BUILDING_OPENSSL -DNDEBUG  -MMD -MF apps/openssl-bin-speed.d.tmp -MT apps/openssl-bin-speed.o -c -o apps/openssl-bin-speed.o apps/speed.c
gcc  -Iapps -I. -Iinclude -Iapps/include  -pthread -Wa,--noexecstack -Wall -O3 -DOPENSSL_BUILDING_OPENSSL -DNDEBUG  -MMD -MF apps/openssl-bin-spkac.d.tmp -MT apps/openssl-bin-spkac.o -c -o apps/openssl-bin-spkac.o apps/spkac.c
gcc  -Iapps -I. -Iinclude -Iapps/include  -pthread -Wa,--noexecstack -Wall -O3 -DOPENSSL_BUILDING_OPENSSL -DNDEBUG  -MMD -MF apps/openssl-bin-srp.d.tmp -MT apps/openssl-bin-srp.o -c -o apps/openssl-bin-srp.o apps/srp.c
gcc  -Iapps -I. -Iinclude -Iapps/include  -pthread -Wa,--noexecstack -Wall -O3 -DOPENSSL_BUILDING_OPENSSL -DNDEBUG  -MMD -MF apps/openssl-bin-storeutl.d.tmp -MT apps/openssl-bin-storeutl.o -c -o apps/openssl-bin-storeutl.o apps/storeutl.c
gcc  -Iapps -I. -Iinclude -Iapps/include  -pthread -Wa,--noexecstack -Wall -O3 -DOPENSSL_BUILDING_OPENSSL -DNDEBUG  -MMD -MF apps/openssl-bin-ts.d.tmp -MT apps/openssl-bin-ts.o -c -o apps/openssl-bin-ts.o apps/ts.c
gcc  -Iapps -I. -Iinclude -Iapps/include  -pthread -Wa,--noexecstack -Wall -O3 -DOPENSSL_BUILDING_OPENSSL -DNDEBUG  -MMD -MF apps/openssl-bin-verify.d.tmp -MT apps/openssl-bin-verify.o -c -o apps/openssl-bin-verify.o apps/verify.c
gcc  -Iapps -I. -Iinclude -Iapps/include  -pthread -Wa,--noexecstack -Wall -O3 -DOPENSSL_BUILDING_OPENSSL -DNDEBUG  -MMD -MF apps/openssl-bin-version.d.tmp -MT apps/openssl-bin-version.o -c -o apps/openssl-bin-version.o apps/version.c
gcc  -Iapps -I. -Iinclude -Iapps/include  -pthread -Wa,--noexecstack -Wall -O3 -DOPENSSL_BUILDING_OPENSSL -DNDEBUG  -MMD -MF apps/openssl-bin-x509.d.tmp -MT apps/openssl-bin-x509.o -c -o apps/openssl-bin-x509.o apps/x509.c
rm -f util/quicserver
${LDCMD:-gcc} -pthread -Wa,--noexecstack -Wall -O3   \
	-o util/quicserver \
	util/quicserver-bin-quicserver.o \
	libssl.a libcrypto.a -ldl -pthread 
gcc -fPIC -pthread -Wa,--noexecstack -Wall -O3 -L. -Wl,-z,defs -Wl,-znodelete -shared -Wl,-Bsymbolic   \
	-o providers/legacy.so -Wl,--version-script=providers/legacy.ld \
	providers/legacy-dso-legacyprov.o \
	providers/liblegacy.a providers/libcommon.a -lcrypto -ldl -pthread 
rm -f apps/openssl
${LDCMD:-gcc} -pthread -Wa,--noexecstack -Wall -O3 -L.   \
	-o apps/openssl \
	apps/lib/openssl-bin-cmp_mock_srv.o \
	apps/openssl-bin-asn1parse.o apps/openssl-bin-ca.o \
	apps/openssl-bin-ciphers.o apps/openssl-bin-cmp.o \
	apps/openssl-bin-cms.o apps/openssl-bin-crl.o \
	apps/openssl-bin-crl2pkcs7.o apps/openssl-bin-dgst.o \
	apps/openssl-bin-dhparam.o apps/openssl-bin-dsa.o \
	apps/openssl-bin-dsaparam.o apps/openssl-bin-ec.o \
	apps/openssl-bin-ecparam.o apps/openssl-bin-enc.o \
	apps/openssl-bin-engine.o apps/openssl-bin-errstr.o \
	apps/openssl-bin-fipsinstall.o apps/openssl-bin-gendsa.o \
	apps/openssl-bin-genpkey.o apps/openssl-bin-genrsa.o \
	apps/openssl-bin-info.o apps/openssl-bin-kdf.o \
	apps/openssl-bin-list.o apps/openssl-bin-mac.o \
	apps/openssl-bin-nseq.o apps/openssl-bin-ocsp.o \
	apps/openssl-bin-openssl.o apps/openssl-bin-passwd.o \
	apps/openssl-bin-pkcs12.o apps/openssl-bin-pkcs7.o \
	apps/openssl-bin-pkcs8.o apps/openssl-bin-pkey.o \
	apps/openssl-bin-pkeyparam.o apps/openssl-bin-pkeyutl.o \
	apps/openssl-bin-prime.o apps/openssl-bin-progs.o \
	apps/openssl-bin-rand.o apps/openssl-bin-rehash.o \
	apps/openssl-bin-req.o apps/openssl-bin-rsa.o \
	apps/openssl-bin-rsautl.o apps/openssl-bin-s_client.o \
	apps/openssl-bin-s_server.o apps/openssl-bin-s_time.o \
	apps/openssl-bin-sess_id.o apps/openssl-bin-smime.o \
	apps/openssl-bin-speed.o apps/openssl-bin-spkac.o \
	apps/openssl-bin-srp.o apps/openssl-bin-storeutl.o \
	apps/openssl-bin-ts.o apps/openssl-bin-verify.o \
	apps/openssl-bin-version.o apps/openssl-bin-x509.o \
	apps/libapps.a -lssl -lcrypto -ldl -pthread 
make[1]: Leaving directory '/tmp/openssl-3.3.2'
"make" depend && "make" _build_libs
make[1]: Entering directory '/tmp/openssl-3.3.2'
make[1]: Leaving directory '/tmp/openssl-3.3.2'
make[1]: Entering directory '/tmp/openssl-3.3.2'
make[1]: Nothing to be done for '_build_libs'.
make[1]: Leaving directory '/tmp/openssl-3.3.2'
created directory `/opt/ossl-static'
created directory `/opt/ossl-static/lib'
*** Installing runtime libraries
*** Installing development files
created directory `/opt/ossl-static/include'
created directory `/opt/ossl-static/include/openssl'
install ./include/openssl/aes.h -> /opt/ossl-static/include/openssl/aes.h
install ./include/openssl/asn1.h -> /opt/ossl-static/include/openssl/asn1.h
install ./include/openssl/asn1_mac.h -> /opt/ossl-static/include/openssl/asn1_mac.h
install ./include/openssl/asn1err.h -> /opt/ossl-static/include/openssl/asn1err.h
install ./include/openssl/asn1t.h -> /opt/ossl-static/include/openssl/asn1t.h
install ./include/openssl/async.h -> /opt/ossl-static/include/openssl/async.h
install ./include/openssl/asyncerr.h -> /opt/ossl-static/include/openssl/asyncerr.h
install ./include/openssl/bio.h -> /opt/ossl-static/include/openssl/bio.h
install ./include/openssl/bioerr.h -> /opt/ossl-static/include/openssl/bioerr.h
install ./include/openssl/blowfish.h -> /opt/ossl-static/include/openssl/blowfish.h
install ./include/openssl/bn.h -> /opt/ossl-static/include/openssl/bn.h
install ./include/openssl/bnerr.h -> /opt/ossl-static/include/openssl/bnerr.h
install ./include/openssl/buffer.h -> /opt/ossl-static/include/openssl/buffer.h
install ./include/openssl/buffererr.h -> /opt/ossl-static/include/openssl/buffererr.h
install ./include/openssl/camellia.h -> /opt/ossl-static/include/openssl/camellia.h
install ./include/openssl/cast.h -> /opt/ossl-static/include/openssl/cast.h
install ./include/openssl/cmac.h -> /opt/ossl-static/include/openssl/cmac.h
install ./include/openssl/cmp.h -> /opt/ossl-static/include/openssl/cmp.h
install ./include/openssl/cmp_util.h -> /opt/ossl-static/include/openssl/cmp_util.h
install ./include/openssl/cmperr.h -> /opt/ossl-static/include/openssl/cmperr.h
install ./include/openssl/cms.h -> /opt/ossl-static/include/openssl/cms.h
install ./include/openssl/cmserr.h -> /opt/ossl-static/include/openssl/cmserr.h
install ./include/openssl/comp.h -> /opt/ossl-static/include/openssl/comp.h
install ./include/openssl/comperr.h -> /opt/ossl-static/include/openssl/comperr.h
install ./include/openssl/conf.h -> /opt/ossl-static/include/openssl/conf.h
install ./include/openssl/conf_api.h -> /opt/ossl-static/include/openssl/conf_api.h
install ./include/openssl/conferr.h -> /opt/ossl-static/include/openssl/conferr.h
install ./include/openssl/configuration.h -> /opt/ossl-static/include/openssl/configuration.h
install ./include/openssl/conftypes.h -> /opt/ossl-static/include/openssl/conftypes.h
install ./include/openssl/core.h -> /opt/ossl-static/include/openssl/core.h
install ./include/openssl/core_dispatch.h -> /opt/ossl-static/include/openssl/core_dispatch.h
install ./include/openssl/core_names.h -> /opt/ossl-static/include/openssl/core_names.h
install ./include/openssl/core_object.h -> /opt/ossl-static/include/openssl/core_object.h
install ./include/openssl/crmf.h -> /opt/ossl-static/include/openssl/crmf.h
install ./include/openssl/crmferr.h -> /opt/ossl-static/include/openssl/crmferr.h
install ./include/openssl/crypto.h -> /opt/ossl-static/include/openssl/crypto.h
install ./include/openssl/cryptoerr.h -> /opt/ossl-static/include/openssl/cryptoerr.h
install ./include/openssl/cryptoerr_legacy.h -> /opt/ossl-static/include/openssl/cryptoerr_legacy.h
install ./include/openssl/ct.h -> /opt/ossl-static/include/openssl/ct.h
install ./include/openssl/cterr.h -> /opt/ossl-static/include/openssl/cterr.h
install ./include/openssl/decoder.h -> /opt/ossl-static/include/openssl/decoder.h
install ./include/openssl/decodererr.h -> /opt/ossl-static/include/openssl/decodererr.h
install ./include/openssl/des.h -> /opt/ossl-static/include/openssl/des.h
install ./include/openssl/dh.h -> /opt/ossl-static/include/openssl/dh.h
install ./include/openssl/dherr.h -> /opt/ossl-static/include/openssl/dherr.h
install ./include/openssl/dsa.h -> /opt/ossl-static/include/openssl/dsa.h
install ./include/openssl/dsaerr.h -> /opt/ossl-static/include/openssl/dsaerr.h
install ./include/openssl/dtls1.h -> /opt/ossl-static/include/openssl/dtls1.h
install ./include/openssl/e_os2.h -> /opt/ossl-static/include/openssl/e_os2.h
install ./include/openssl/e_ostime.h -> /opt/ossl-static/include/openssl/e_ostime.h
install ./include/openssl/ebcdic.h -> /opt/ossl-static/include/openssl/ebcdic.h
install ./include/openssl/ec.h -> /opt/ossl-static/include/openssl/ec.h
install ./include/openssl/ecdh.h -> /opt/ossl-static/include/openssl/ecdh.h
install ./include/openssl/ecdsa.h -> /opt/ossl-static/include/openssl/ecdsa.h
install ./include/openssl/ecerr.h -> /opt/ossl-static/include/openssl/ecerr.h
install ./include/openssl/encoder.h -> /opt/ossl-static/include/openssl/encoder.h
install ./include/openssl/encodererr.h -> /opt/ossl-static/include/openssl/encodererr.h
install ./include/openssl/engine.h -> /opt/ossl-static/include/openssl/engine.h
install ./include/openssl/engineerr.h -> /opt/ossl-static/include/openssl/engineerr.h
install ./include/openssl/err.h -> /opt/ossl-static/include/openssl/err.h
install ./include/openssl/ess.h -> /opt/ossl-static/include/openssl/ess.h
install ./include/openssl/esserr.h -> /opt/ossl-static/include/openssl/esserr.h
install ./include/openssl/evp.h -> /opt/ossl-static/include/openssl/evp.h
install ./include/openssl/evperr.h -> /opt/ossl-static/include/openssl/evperr.h
install ./include/openssl/fips_names.h -> /opt/ossl-static/include/openssl/fips_names.h
install ./include/openssl/fipskey.h -> /opt/ossl-static/include/openssl/fipskey.h
install ./include/openssl/hmac.h -> /opt/ossl-static/include/openssl/hmac.h
install ./include/openssl/hpke.h -> /opt/ossl-static/include/openssl/hpke.h
install ./include/openssl/http.h -> /opt/ossl-static/include/openssl/http.h
install ./include/openssl/httperr.h -> /opt/ossl-static/include/openssl/httperr.h
install ./include/openssl/idea.h -> /opt/ossl-static/include/openssl/idea.h
install ./include/openssl/kdf.h -> /opt/ossl-static/include/openssl/kdf.h
install ./include/openssl/kdferr.h -> /opt/ossl-static/include/openssl/kdferr.h
install ./include/openssl/lhash.h -> /opt/ossl-static/include/openssl/lhash.h
install ./include/openssl/macros.h -> /opt/ossl-static/include/openssl/macros.h
install ./include/openssl/md2.h -> /opt/ossl-static/include/openssl/md2.h
install ./include/openssl/md4.h -> /opt/ossl-static/include/openssl/md4.h
install ./include/openssl/md5.h -> /opt/ossl-static/include/openssl/md5.h
install ./include/openssl/mdc2.h -> /opt/ossl-static/include/openssl/mdc2.h
install ./include/openssl/modes.h -> /opt/ossl-static/include/openssl/modes.h
install ./include/openssl/obj_mac.h -> /opt/ossl-static/include/openssl/obj_mac.h
install ./include/openssl/objects.h -> /opt/ossl-static/include/openssl/objects.h
install ./include/openssl/objectserr.h -> /opt/ossl-static/include/openssl/objectserr.h
install ./include/openssl/ocsp.h -> /opt/ossl-static/include/openssl/ocsp.h
install ./include/openssl/ocsperr.h -> /opt/ossl-static/include/openssl/ocsperr.h
install ./include/openssl/opensslconf.h -> /opt/ossl-static/include/openssl/opensslconf.h
install ./include/openssl/opensslv.h -> /opt/ossl-static/include/openssl/opensslv.h
install ./include/openssl/ossl_typ.h -> /opt/ossl-static/include/openssl/ossl_typ.h
install ./include/openssl/param_build.h -> /opt/ossl-static/include/openssl/param_build.h
install ./include/openssl/params.h -> /opt/ossl-static/include/openssl/params.h
install ./include/openssl/pem.h -> /opt/ossl-static/include/openssl/pem.h
install ./include/openssl/pem2.h -> /opt/ossl-static/include/openssl/pem2.h
install ./include/openssl/pemerr.h -> /opt/ossl-static/include/openssl/pemerr.h
install ./include/openssl/pkcs12.h -> /opt/ossl-static/include/openssl/pkcs12.h
install ./include/openssl/pkcs12err.h -> /opt/ossl-static/include/openssl/pkcs12err.h
install ./include/openssl/pkcs7.h -> /opt/ossl-static/include/openssl/pkcs7.h
install ./include/openssl/pkcs7err.h -> /opt/ossl-static/include/openssl/pkcs7err.h
install ./include/openssl/prov_ssl.h -> /opt/ossl-static/include/openssl/prov_ssl.h
install ./include/openssl/proverr.h -> /opt/ossl-static/include/openssl/proverr.h
install ./include/openssl/provider.h -> /opt/ossl-static/include/openssl/provider.h
install ./include/openssl/quic.h -> /opt/ossl-static/include/openssl/quic.h
install ./include/openssl/rand.h -> /opt/ossl-static/include/openssl/rand.h
install ./include/openssl/randerr.h -> /opt/ossl-static/include/openssl/randerr.h
install ./include/openssl/rc2.h -> /opt/ossl-static/include/openssl/rc2.h
install ./include/openssl/rc4.h -> /opt/ossl-static/include/openssl/rc4.h
install ./include/openssl/rc5.h -> /opt/ossl-static/include/openssl/rc5.h
install ./include/openssl/ripemd.h -> /opt/ossl-static/include/openssl/ripemd.h
install ./include/openssl/rsa.h -> /opt/ossl-static/include/openssl/rsa.h
install ./include/openssl/rsaerr.h -> /opt/ossl-static/include/openssl/rsaerr.h
install ./include/openssl/safestack.h -> /opt/ossl-static/include/openssl/safestack.h
install ./include/openssl/seed.h -> /opt/ossl-static/include/openssl/seed.h
install ./include/openssl/self_test.h -> /opt/ossl-static/include/openssl/self_test.h
install ./include/openssl/sha.h -> /opt/ossl-static/include/openssl/sha.h
install ./include/openssl/srp.h -> /opt/ossl-static/include/openssl/srp.h
install ./include/openssl/srtp.h -> /opt/ossl-static/include/openssl/srtp.h
install ./include/openssl/ssl.h -> /opt/ossl-static/include/openssl/ssl.h
install ./include/openssl/ssl2.h -> /opt/ossl-static/include/openssl/ssl2.h
install ./include/openssl/ssl3.h -> /opt/ossl-static/include/openssl/ssl3.h
install ./include/openssl/sslerr.h -> /opt/ossl-static/include/openssl/sslerr.h
install ./include/openssl/sslerr_legacy.h -> /opt/ossl-static/include/openssl/sslerr_legacy.h
install ./include/openssl/stack.h -> /opt/ossl-static/include/openssl/stack.h
install ./include/openssl/store.h -> /opt/ossl-static/include/openssl/store.h
install ./include/openssl/storeerr.h -> /opt/ossl-static/include/openssl/storeerr.h
install ./include/openssl/symhacks.h -> /opt/ossl-static/include/openssl/symhacks.h
install ./include/openssl/thread.h -> /opt/ossl-static/include/openssl/thread.h
install ./include/openssl/tls1.h -> /opt/ossl-static/include/openssl/tls1.h
install ./include/openssl/trace.h -> /opt/ossl-static/include/openssl/trace.h
install ./include/openssl/ts.h -> /opt/ossl-static/include/openssl/ts.h
install ./include/openssl/tserr.h -> /opt/ossl-static/include/openssl/tserr.h
install ./include/openssl/txt_db.h -> /opt/ossl-static/include/openssl/txt_db.h
install ./include/openssl/types.h -> /opt/ossl-static/include/openssl/types.h
install ./include/openssl/ui.h -> /opt/ossl-static/include/openssl/ui.h
install ./include/openssl/uierr.h -> /opt/ossl-static/include/openssl/uierr.h
install ./include/openssl/whrlpool.h -> /opt/ossl-static/include/openssl/whrlpool.h
install ./include/openssl/x509.h -> /opt/ossl-static/include/openssl/x509.h
install ./include/openssl/x509_vfy.h -> /opt/ossl-static/include/openssl/x509_vfy.h
install ./include/openssl/x509err.h -> /opt/ossl-static/include/openssl/x509err.h
install ./include/openssl/x509v3.h -> /opt/ossl-static/include/openssl/x509v3.h
install ./include/openssl/x509v3err.h -> /opt/ossl-static/include/openssl/x509v3err.h
install ./include/openssl/aes.h -> /opt/ossl-static/include/openssl/aes.h
install ./include/openssl/asn1.h -> /opt/ossl-static/include/openssl/asn1.h
install ./include/openssl/asn1_mac.h -> /opt/ossl-static/include/openssl/asn1_mac.h
install ./include/openssl/asn1err.h -> /opt/ossl-static/include/openssl/asn1err.h
install ./include/openssl/asn1t.h -> /opt/ossl-static/include/openssl/asn1t.h
install ./include/openssl/async.h -> /opt/ossl-static/include/openssl/async.h
install ./include/openssl/asyncerr.h -> /opt/ossl-static/include/openssl/asyncerr.h
install ./include/openssl/bio.h -> /opt/ossl-static/include/openssl/bio.h
install ./include/openssl/bioerr.h -> /opt/ossl-static/include/openssl/bioerr.h
install ./include/openssl/blowfish.h -> /opt/ossl-static/include/openssl/blowfish.h
install ./include/openssl/bn.h -> /opt/ossl-static/include/openssl/bn.h
install ./include/openssl/bnerr.h -> /opt/ossl-static/include/openssl/bnerr.h
install ./include/openssl/buffer.h -> /opt/ossl-static/include/openssl/buffer.h
install ./include/openssl/buffererr.h -> /opt/ossl-static/include/openssl/buffererr.h
install ./include/openssl/camellia.h -> /opt/ossl-static/include/openssl/camellia.h
install ./include/openssl/cast.h -> /opt/ossl-static/include/openssl/cast.h
install ./include/openssl/cmac.h -> /opt/ossl-static/include/openssl/cmac.h
install ./include/openssl/cmp.h -> /opt/ossl-static/include/openssl/cmp.h
install ./include/openssl/cmp_util.h -> /opt/ossl-static/include/openssl/cmp_util.h
install ./include/openssl/cmperr.h -> /opt/ossl-static/include/openssl/cmperr.h
install ./include/openssl/cms.h -> /opt/ossl-static/include/openssl/cms.h
install ./include/openssl/cmserr.h -> /opt/ossl-static/include/openssl/cmserr.h
install ./include/openssl/comp.h -> /opt/ossl-static/include/openssl/comp.h
install ./include/openssl/comperr.h -> /opt/ossl-static/include/openssl/comperr.h
install ./include/openssl/conf.h -> /opt/ossl-static/include/openssl/conf.h
install ./include/openssl/conf_api.h -> /opt/ossl-static/include/openssl/conf_api.h
install ./include/openssl/conferr.h -> /opt/ossl-static/include/openssl/conferr.h
install ./include/openssl/configuration.h -> /opt/ossl-static/include/openssl/configuration.h
install ./include/openssl/conftypes.h -> /opt/ossl-static/include/openssl/conftypes.h
install ./include/openssl/core.h -> /opt/ossl-static/include/openssl/core.h
install ./include/openssl/core_dispatch.h -> /opt/ossl-static/include/openssl/core_dispatch.h
install ./include/openssl/core_names.h -> /opt/ossl-static/include/openssl/core_names.h
install ./include/openssl/core_object.h -> /opt/ossl-static/include/openssl/core_object.h
install ./include/openssl/crmf.h -> /opt/ossl-static/include/openssl/crmf.h
install ./include/openssl/crmferr.h -> /opt/ossl-static/include/openssl/crmferr.h
install ./include/openssl/crypto.h -> /opt/ossl-static/include/openssl/crypto.h
install ./include/openssl/cryptoerr.h -> /opt/ossl-static/include/openssl/cryptoerr.h
install ./include/openssl/cryptoerr_legacy.h -> /opt/ossl-static/include/openssl/cryptoerr_legacy.h
install ./include/openssl/ct.h -> /opt/ossl-static/include/openssl/ct.h
install ./include/openssl/cterr.h -> /opt/ossl-static/include/openssl/cterr.h
install ./include/openssl/decoder.h -> /opt/ossl-static/include/openssl/decoder.h
install ./include/openssl/decodererr.h -> /opt/ossl-static/include/openssl/decodererr.h
install ./include/openssl/des.h -> /opt/ossl-static/include/openssl/des.h
install ./include/openssl/dh.h -> /opt/ossl-static/include/openssl/dh.h
install ./include/openssl/dherr.h -> /opt/ossl-static/include/openssl/dherr.h
install ./include/openssl/dsa.h -> /opt/ossl-static/include/openssl/dsa.h
install ./include/openssl/dsaerr.h -> /opt/ossl-static/include/openssl/dsaerr.h
install ./include/openssl/dtls1.h -> /opt/ossl-static/include/openssl/dtls1.h
install ./include/openssl/e_os2.h -> /opt/ossl-static/include/openssl/e_os2.h
install ./include/openssl/e_ostime.h -> /opt/ossl-static/include/openssl/e_ostime.h
install ./include/openssl/ebcdic.h -> /opt/ossl-static/include/openssl/ebcdic.h
install ./include/openssl/ec.h -> /opt/ossl-static/include/openssl/ec.h
install ./include/openssl/ecdh.h -> /opt/ossl-static/include/openssl/ecdh.h
install ./include/openssl/ecdsa.h -> /opt/ossl-static/include/openssl/ecdsa.h
install ./include/openssl/ecerr.h -> /opt/ossl-static/include/openssl/ecerr.h
install ./include/openssl/encoder.h -> /opt/ossl-static/include/openssl/encoder.h
install ./include/openssl/encodererr.h -> /opt/ossl-static/include/openssl/encodererr.h
install ./include/openssl/engine.h -> /opt/ossl-static/include/openssl/engine.h
install ./include/openssl/engineerr.h -> /opt/ossl-static/include/openssl/engineerr.h
install ./include/openssl/err.h -> /opt/ossl-static/include/openssl/err.h
install ./include/openssl/ess.h -> /opt/ossl-static/include/openssl/ess.h
install ./include/openssl/esserr.h -> /opt/ossl-static/include/openssl/esserr.h
install ./include/openssl/evp.h -> /opt/ossl-static/include/openssl/evp.h
install ./include/openssl/evperr.h -> /opt/ossl-static/include/openssl/evperr.h
install ./include/openssl/fips_names.h -> /opt/ossl-static/include/openssl/fips_names.h
install ./include/openssl/fipskey.h -> /opt/ossl-static/include/openssl/fipskey.h
install ./include/openssl/hmac.h -> /opt/ossl-static/include/openssl/hmac.h
install ./include/openssl/hpke.h -> /opt/ossl-static/include/openssl/hpke.h
install ./include/openssl/http.h -> /opt/ossl-static/include/openssl/http.h
install ./include/openssl/httperr.h -> /opt/ossl-static/include/openssl/httperr.h
install ./include/openssl/idea.h -> /opt/ossl-static/include/openssl/idea.h
install ./include/openssl/kdf.h -> /opt/ossl-static/include/openssl/kdf.h
install ./include/openssl/kdferr.h -> /opt/ossl-static/include/openssl/kdferr.h
install ./include/openssl/lhash.h -> /opt/ossl-static/include/openssl/lhash.h
install ./include/openssl/macros.h -> /opt/ossl-static/include/openssl/macros.h
install ./include/openssl/md2.h -> /opt/ossl-static/include/openssl/md2.h
install ./include/openssl/md4.h -> /opt/ossl-static/include/openssl/md4.h
install ./include/openssl/md5.h -> /opt/ossl-static/include/openssl/md5.h
install ./include/openssl/mdc2.h -> /opt/ossl-static/include/openssl/mdc2.h
install ./include/openssl/modes.h -> /opt/ossl-static/include/openssl/modes.h
install ./include/openssl/obj_mac.h -> /opt/ossl-static/include/openssl/obj_mac.h
install ./include/openssl/objects.h -> /opt/ossl-static/include/openssl/objects.h
install ./include/openssl/objectserr.h -> /opt/ossl-static/include/openssl/objectserr.h
install ./include/openssl/ocsp.h -> /opt/ossl-static/include/openssl/ocsp.h
install ./include/openssl/ocsperr.h -> /opt/ossl-static/include/openssl/ocsperr.h
install ./include/openssl/opensslconf.h -> /opt/ossl-static/include/openssl/opensslconf.h
install ./include/openssl/opensslv.h -> /opt/ossl-static/include/openssl/opensslv.h
install ./include/openssl/ossl_typ.h -> /opt/ossl-static/include/openssl/ossl_typ.h
install ./include/openssl/param_build.h -> /opt/ossl-static/include/openssl/param_build.h
install ./include/openssl/params.h -> /opt/ossl-static/include/openssl/params.h
install ./include/openssl/pem.h -> /opt/ossl-static/include/openssl/pem.h
install ./include/openssl/pem2.h -> /opt/ossl-static/include/openssl/pem2.h
install ./include/openssl/pemerr.h -> /opt/ossl-static/include/openssl/pemerr.h
install ./include/openssl/pkcs12.h -> /opt/ossl-static/include/openssl/pkcs12.h
install ./include/openssl/pkcs12err.h -> /opt/ossl-static/include/openssl/pkcs12err.h
install ./include/openssl/pkcs7.h -> /opt/ossl-static/include/openssl/pkcs7.h
install ./include/openssl/pkcs7err.h -> /opt/ossl-static/include/openssl/pkcs7err.h
install ./include/openssl/prov_ssl.h -> /opt/ossl-static/include/openssl/prov_ssl.h
install ./include/openssl/proverr.h -> /opt/ossl-static/include/openssl/proverr.h
install ./include/openssl/provider.h -> /opt/ossl-static/include/openssl/provider.h
install ./include/openssl/quic.h -> /opt/ossl-static/include/openssl/quic.h
install ./include/openssl/rand.h -> /opt/ossl-static/include/openssl/rand.h
install ./include/openssl/randerr.h -> /opt/ossl-static/include/openssl/randerr.h
install ./include/openssl/rc2.h -> /opt/ossl-static/include/openssl/rc2.h
install ./include/openssl/rc4.h -> /opt/ossl-static/include/openssl/rc4.h
install ./include/openssl/rc5.h -> /opt/ossl-static/include/openssl/rc5.h
install ./include/openssl/ripemd.h -> /opt/ossl-static/include/openssl/ripemd.h
install ./include/openssl/rsa.h -> /opt/ossl-static/include/openssl/rsa.h
install ./include/openssl/rsaerr.h -> /opt/ossl-static/include/openssl/rsaerr.h
install ./include/openssl/safestack.h -> /opt/ossl-static/include/openssl/safestack.h
install ./include/openssl/seed.h -> /opt/ossl-static/include/openssl/seed.h
install ./include/openssl/self_test.h -> /opt/ossl-static/include/openssl/self_test.h
install ./include/openssl/sha.h -> /opt/ossl-static/include/openssl/sha.h
install ./include/openssl/srp.h -> /opt/ossl-static/include/openssl/srp.h
install ./include/openssl/srtp.h -> /opt/ossl-static/include/openssl/srtp.h
install ./include/openssl/ssl.h -> /opt/ossl-static/include/openssl/ssl.h
install ./include/openssl/ssl2.h -> /opt/ossl-static/include/openssl/ssl2.h
install ./include/openssl/ssl3.h -> /opt/ossl-static/include/openssl/ssl3.h
install ./include/openssl/sslerr.h -> /opt/ossl-static/include/openssl/sslerr.h
install ./include/openssl/sslerr_legacy.h -> /opt/ossl-static/include/openssl/sslerr_legacy.h
install ./include/openssl/stack.h -> /opt/ossl-static/include/openssl/stack.h
install ./include/openssl/store.h -> /opt/ossl-static/include/openssl/store.h
install ./include/openssl/storeerr.h -> /opt/ossl-static/include/openssl/storeerr.h
install ./include/openssl/symhacks.h -> /opt/ossl-static/include/openssl/symhacks.h
install ./include/openssl/thread.h -> /opt/ossl-static/include/openssl/thread.h
install ./include/openssl/tls1.h -> /opt/ossl-static/include/openssl/tls1.h
install ./include/openssl/trace.h -> /opt/ossl-static/include/openssl/trace.h
install ./include/openssl/ts.h -> /opt/ossl-static/include/openssl/ts.h
install ./include/openssl/tserr.h -> /opt/ossl-static/include/openssl/tserr.h
install ./include/openssl/txt_db.h -> /opt/ossl-static/include/openssl/txt_db.h
install ./include/openssl/types.h -> /opt/ossl-static/include/openssl/types.h
install ./include/openssl/ui.h -> /opt/ossl-static/include/openssl/ui.h
install ./include/openssl/uierr.h -> /opt/ossl-static/include/openssl/uierr.h
install ./include/openssl/whrlpool.h -> /opt/ossl-static/include/openssl/whrlpool.h
install ./include/openssl/x509.h -> /opt/ossl-static/include/openssl/x509.h
install ./include/openssl/x509_vfy.h -> /opt/ossl-static/include/openssl/x509_vfy.h
install ./include/openssl/x509err.h -> /opt/ossl-static/include/openssl/x509err.h
install ./include/openssl/x509v3.h -> /opt/ossl-static/include/openssl/x509v3.h
install ./include/openssl/x509v3err.h -> /opt/ossl-static/include/openssl/x509v3err.h
install libcrypto.a -> /opt/ossl-static/lib/libcrypto.a
install libssl.a -> /opt/ossl-static/lib/libssl.a
created directory `/opt/ossl-static/lib/pkgconfig'
install exporters/libcrypto.pc -> /opt/ossl-static/lib/pkgconfig/libcrypto.pc
install exporters/libssl.pc -> /opt/ossl-static/lib/pkgconfig/libssl.pc
install exporters/openssl.pc -> /opt/ossl-static/lib/pkgconfig/openssl.pc
created directory `/opt/ossl-static/lib/cmake'
created directory `/opt/ossl-static/lib/cmake/OpenSSL'
install exporters/OpenSSLConfig.cmake -> /opt/ossl-static/lib/cmake/OpenSSL/OpenSSLConfig.cmake
install exporters/OpenSSLConfigVersion.cmake -> /opt/ossl-static/lib/cmake/OpenSSL/OpenSSLConfigVersion.cmake
"make" depend && "make" _build_modules
make[1]: Entering directory '/tmp/openssl-3.3.2'
make[1]: Leaving directory '/tmp/openssl-3.3.2'
make[1]: Entering directory '/tmp/openssl-3.3.2'
make[1]: Nothing to be done for '_build_modules'.
make[1]: Leaving directory '/tmp/openssl-3.3.2'
created directory `/opt/ossl-static/lib/engines-3'
*** Installing engines
created directory `/opt/ossl-static/lib/ossl-modules'
*** Installing modules
install providers/legacy.so -> /opt/ossl-static/lib/ossl-modules/legacy.so
"make" depend && "make" _build_programs
make[1]: Entering directory '/tmp/openssl-3.3.2'
make[1]: Leaving directory '/tmp/openssl-3.3.2'
make[1]: Entering directory '/tmp/openssl-3.3.2'
make[1]: Nothing to be done for '_build_programs'.
make[1]: Leaving directory '/tmp/openssl-3.3.2'
created directory `/opt/ossl-static/bin'
*** Installing runtime programs
install apps/openssl -> /opt/ossl-static/bin/openssl
install tools/c_rehash -> /opt/ossl-static/bin/c_rehash
--> 8777f406fe33
STEP 7/9: RUN curl -fL https://github.com/nodejs/http-parser/archive/refs/tags/v${HTTP_PARSER_VERSION}.tar.gz | tar xz -C /tmp  && cd /tmp/http-parser-${HTTP_PARSER_VERSION}  && gcc -c http_parser.c -o http_parser.o  && ar rcs libhttp_parser.a http_parser.o  && cp libhttp_parser.a /usr/lib/  && cp http_parser.h /usr/include/  && rm -rf /tmp/http-parser-${HTTP_PARSER_VERSION}
  % Total    % Received % Xferd  Average Speed   Time    Time     Time  Current
                                 Dload  Upload   Total   Spent    Left  Speed
  0     0    0     0    0     0      0      0 --:--:-- --:--:-- --:--:--     0  0     0    0     0    0     0      0      0 --:--:-- --:--:-- --:--:--     0
100 52056    0 52056    0     0  68503      0 --:--:-- --:--:-- --:--:-- 68503
--> cf60dd360a3f
STEP 8/9: RUN curl -fL https://github.com/latchset/jose/archive/refs/tags/v${JOSE_VERSION}.tar.gz | tar xz -C /tmp  && cd /tmp/jose-${JOSE_VERSION}  && PKG_CONFIG_PATH=/opt/ossl-static/lib/pkgconfig meson setup build --prefix=/usr  && ninja -C build install  && ar rcs /usr/lib/libjose.a build/lib/libjose.so.*.p/*.c.o  && rm -rf /tmp/jose-${JOSE_VERSION}
  % Total    % Received % Xferd  Average Speed   Time    Time     Time  Current
                                 Dload  Upload   Total   Spent    Left  Speed
  0     0    0     0    0     0      0      0 --:--:-- --:--:-- --:--:--     0  0     0    0     0    0     0      0      0 --:--:-- --:--:-- --:--:--     0
100 65536    0 65536    0     0    98k      0 --:--:-- --:--:-- --:--:--   98k100  823k    0  823k    0     0  1120k      0 --:--:-- --:--:-- --:--:-- 8731k
The Meson build system
Version: 1.6.1
Source dir: /tmp/jose-14
Build dir: /tmp/jose-14/build
Build type: native build
Project name: jose
Project version: 14
C compiler for the host machine: cc (gcc 14.2.0 "cc (Alpine 14.2.0) 14.2.0")
C linker for the host machine: cc ld.bfd 2.43.1
Host machine cpu family: aarch64
Host machine cpu: aarch64
Found pkg-config: YES (/usr/bin/pkg-config) 2.3.0
Run-time dependency zlib found: YES 1.3.2
Run-time dependency threads found: YES
Run-time dependency jansson found: YES 2.14
Run-time dependency libcrypto found: YES 3.3.2
Program a2x found: NO
Program jq found: NO
Configuring jose.h using configuration
Checking if "-Wl,--version-script=..." : links: YES 
Program ./jose-alg found: YES (/tmp/jose-14/tests/./jose-alg)
Program ./jose-fmt found: YES (/tmp/jose-14/tests/./jose-fmt)
Program ./jose-b64-enc found: YES (/tmp/jose-14/tests/./jose-b64-enc)
Program ./jose-b64-dec found: YES (/tmp/jose-14/tests/./jose-b64-dec)
Program ./jose-jwk-eql found: YES (/tmp/jose-14/tests/./jose-jwk-eql)
Program ./jose-jwk-exc found: YES (/tmp/jose-14/tests/./jose-jwk-exc)
Program ./jose-jwk-gen found: YES (/tmp/jose-14/tests/./jose-jwk-gen)
Program ./jose-jwk-pub found: YES (/tmp/jose-14/tests/./jose-jwk-pub)
Program ./jose-jwk-use found: YES (/tmp/jose-14/tests/./jose-jwk-use)
Program ./jose-jwk-thp found: YES (/tmp/jose-14/tests/./jose-jwk-thp)
Program ./jose-jws-fmt found: YES (/tmp/jose-14/tests/./jose-jws-fmt)
Program ./jose-jws-ver found: YES (/tmp/jose-14/tests/./jose-jws-ver)
Program ./jose-jws-sig found: YES (/tmp/jose-14/tests/./jose-jws-sig)
Program ./jose-jwe-fmt found: YES (/tmp/jose-14/tests/./jose-jwe-fmt)
Program ./jose-jwe-dec found: YES (/tmp/jose-14/tests/./jose-jwe-dec)
Program ./jose-jwe-enc found: YES (/tmp/jose-14/tests/./jose-jwe-enc)
Run-time dependency openssl found: YES 3.3.2
meson.build:76: WARNING: Will not build man pages due to missing dependencies!
Message: jq not found (unrequired but recommended)
Build targets in project: 11

jose 14

  User defined options
    prefix: /usr

Found ninja-1.9 at /usr/bin/ninja
ninja: entering directory 'build'
[1/70] Compiling C object cmd/jose.p/fmt.c.o
[2/70] Compiling C object cmd/jose.p/alg.c.o
[3/70] Compiling C object cmd/jose.p/jwe_enc.c.o
[4/70] Compiling C object cmd/jose.p/jwe_dec.c.o
[5/70] Compiling C object cmd/jose.p/jwe_fmt.c.o
[6/70] Compiling C object cmd/jose.p/jws_ver.c.o
[7/70] Compiling C object cmd/jose.p/jws_sig.c.o
[8/70] Compiling C object cmd/jose.p/jws_fmt.c.o
[9/70] Compiling C object cmd/jose.p/jwk_use.c.o
[10/70] Compiling C object cmd/jose.p/jwk_thp.c.o
[11/70] Compiling C object cmd/jose.p/jwk_pub.c.o
[12/70] Compiling C object cmd/jose.p/jwk_gen.c.o
[13/70] Compiling C object cmd/jose.p/jwk_exc.c.o
[14/70] Compiling C object cmd/jose.p/jwk_eql.c.o
[15/70] Compiling C object cmd/jose.p/b64_enc.c.o
[16/70] Compiling C object cmd/jose.p/b64_dec.c.o
[17/70] Compiling C object cmd/jose.p/jose.c.o
[18/70] Compiling C object tests/issue-75/issue75.p/issue-75.c.o
[19/70] Compiling C object tests/api_jwe.p/api_jwe.c.o
[20/70] Compiling C object tests/api_jws.p/api_jws.c.o
[21/70] Compiling C object tests/api_b64.p/api_b64.c.o
[22/70] Compiling C object tests/alg_comp.p/alg_comp.c.o
[23/70] Compiling C object tests/alg_wrap.p/alg_wrap.c.o
[24/70] Compiling C object tests/alg_encr.p/alg_encr.c.o
[25/70] Compiling C object tests/alg_sign.p/alg_sign.c.o
[26/70] Compiling C object lib/libjose.so.0.0.0.p/openssl_rsassa.c.o
[27/70] Compiling C object lib/libjose.so.0.0.0.p/openssl_rsaes.c.o
[28/70] Compiling C object lib/libjose.so.0.0.0.p/openssl_rsa.c.o
[29/70] Compiling C object lib/libjose.so.0.0.0.p/openssl_pbes2.c.o
[30/70] Compiling C object lib/libjose.so.0.0.0.p/openssl_oct.c.o
[31/70] Compiling C object lib/libjose.so.0.0.0.p/openssl_misc.c.o
[32/70] Compiling C object lib/libjose.so.0.0.0.p/openssl_lock.c.o
[33/70] Compiling C object lib/libjose.so.0.0.0.p/openssl_jwk.c.o
[34/70] Compiling C object lib/libjose.so.0.0.0.p/openssl_hmac.c.o
[35/70] Compiling C object lib/libjose.so.0.0.0.p/openssl_hash.c.o
[36/70] Compiling C object lib/libjose.so.0.0.0.p/openssl_ecdsa.c.o
[37/70] Compiling C object lib/libjose.so.0.0.0.p/openssl_ecmr.c.o
[38/70] Compiling C object lib/libjose.so.0.0.0.p/openssl_ecdhes.c.o
[39/70] Compiling C object lib/libjose.so.0.0.0.p/openssl_ecdh.c.o
[40/70] Compiling C object lib/libjose.so.0.0.0.p/openssl_ec.c.o
[41/70] Compiling C object lib/libjose.so.0.0.0.p/openssl_dir.c.o
[42/70] Compiling C object lib/libjose.so.0.0.0.p/openssl_compat.c.o
[43/70] Compiling C object lib/libjose.so.0.0.0.p/openssl_aeskw.c.o
[44/70] Compiling C object lib/libjose.so.0.0.0.p/openssl_aesgcmkw.c.o
[45/70] Compiling C object lib/libjose.so.0.0.0.p/openssl_aesgcm.c.o
[46/70] Compiling C object lib/libjose.so.0.0.0.p/openssl_aescbch.c.o
[47/70] Compiling C object lib/libjose.so.0.0.0.p/zlib_deflate.c.o
[48/70] Compiling C object lib/libjose.so.0.0.0.p/jwe.c.o
[49/70] Compiling C object lib/libjose.so.0.0.0.p/jws.c.o
[50/70] Compiling C object lib/libjose.so.0.0.0.p/jwk.c.o
[51/70] Compiling C object lib/libjose.so.0.0.0.p/hooks.c.o
[52/70] Compiling C object lib/libjose.so.0.0.0.p/hsh.c.o
[53/70] Compiling C object lib/libjose.so.0.0.0.p/b64.c.o
[54/70] Compiling C object lib/libjose.so.0.0.0.p/io.c.o
[55/70] Compiling C object lib/libjose.so.0.0.0.p/cfg.c.o
[56/70] Compiling C object lib/libjose.so.0.0.0.p/misc.c.o
[57/70] Compiling C object tests/alg_hash.p/alg_hash.c.o
[58/70] Linking target lib/libjose.so.0.0.0
[59/70] Generating symbol file lib/libjose.so.0.0.0.p/libjose.so.0.0.0.symbols
[60/70] Linking target tests/issue-75/issue75
[61/70] Linking target tests/api_jwe
[62/70] Linking target tests/api_jws
[63/70] Linking target tests/api_b64
[64/70] Linking target tests/alg_comp
[65/70] Linking target tests/alg_wrap
[66/70] Linking target tests/alg_encr
[67/70] Linking target tests/alg_sign
[68/70] Linking target tests/alg_hash
[69/70] Linking target cmd/jose
[70/70] Installing files.
Installing lib/libjose.so.0.0.0 to /usr/lib
Installing cmd/jose to /usr/bin
Installing /tmp/jose-14/build/include/jose/jose.h to /usr/include/jose
Installing /tmp/jose-14/include/jose/cfg.h to /usr/include/jose
Installing /tmp/jose-14/include/jose/io.h to /usr/include/jose
Installing /tmp/jose-14/include/jose/b64.h to /usr/include/jose
Installing /tmp/jose-14/include/jose/jwk.h to /usr/include/jose
Installing /tmp/jose-14/include/jose/jws.h to /usr/include/jose
Installing /tmp/jose-14/include/jose/jwe.h to /usr/include/jose
Installing /tmp/jose-14/include/jose/openssl.h to /usr/include/jose
Installing /tmp/jose-14/doc/doxygen/man/man3/jose_b64.3 to /usr/share/man/man3
Installing /tmp/jose-14/doc/doxygen/man/man3/jose_jwk.3 to /usr/share/man/man3
Installing /tmp/jose-14/doc/doxygen/man/man3/jose_jws.3 to /usr/share/man/man3
Installing /tmp/jose-14/doc/doxygen/man/man3/jose_cfg.3 to /usr/share/man/man3
Installing /tmp/jose-14/doc/doxygen/man/man3/jose_jwe.3 to /usr/share/man/man3
Installing /tmp/jose-14/doc/doxygen/man/man3/jose_io_t.3 to /usr/share/man/man3
Installing /tmp/jose-14/doc/doxygen/man/man3/jose_io.3 to /usr/share/man/man3
Installing /tmp/jose-14/COPYING to /usr/share/licenses/jose
Installing /tmp/jose-14/build/meson-private/jose.pc to /usr/lib/pkgconfig
Installing symlink pointing to libjose.so.0.0.0 to /usr/lib/libjose.so.0
Installing symlink pointing to libjose.so.0 to /usr/lib/libjose.so
--> 150ce69be642
STEP 9/9: RUN mkdir -p /opt/staticlibs/pkgconfig  && cp /usr/lib/libjose.a /usr/lib/libjansson.a /opt/ossl-static/lib/libssl.a /opt/ossl-static/lib/libcrypto.a /usr/lib/libz.a /usr/lib/libhttp_parser.a /opt/staticlibs/  && printf 'libdir=/opt/staticlibs\nincludedir=/usr/include\n\nName: jose\nDescription: static jose\nVersion: %s\nCflags: -I${includedir}\nLibs: -L${libdir} -Wl,--whole-archive -ljose -Wl,--no-whole-archive -ljansson -lssl -lcrypto -lz\n' "${JOSE_VERSION}" > /opt/staticlibs/pkgconfig/jose.pc
COMMIT ghcr.io/zumoshi/tang-arm-docker-deps:arm64
--> 0d184c8f0da2
Successfully tagged ghcr.io/zumoshi/tang-arm-docker-deps:arm64
0d184c8f0da26c4db6bfdc1ecb2d9696725c2182231d5cef539f09f23656c133
